Pr_id,Pr_type,Sha,Labeler 1,Labeler 2,Final_label,Pr_state
2757179026,feat,2e2d2d439d7c44ba8f4efc19973d6aec9130604a,Test and Validation Adjustment,Test and Validation Adjustment,Test and Validation Adjustment,Closed
2757179026,feat,3ca9b1eca25a6790e61c17de939d64fb71c51a05,Test and Validation Adjustment,Test and Validation Adjustment,Test and Validation Adjustment,Closed
2757179026,feat,490c89fb38d0da2c33b69e9e80d906a36f3f7a4f,Test and Validation Adjustment,Test and Validation Adjustment,Test and Validation Adjustment,Closed
2757179026,feat,bebfa2a10e292c5664900d43efc838983ddb5616,Test and Validation Adjustment,Test and Validation Adjustment,Test and Validation Adjustment,Closed
2758636941,feat,38481fe2a7f78949e343fd892a489e38de46ee89,Project Integration and Environment Maintenance,Project Integration and Environment Maintenance,Project Integration and Environment Maintenance,Closed
2758636941,feat,6e49905b75cbce566f9868f3011553b36dae7a1e,Functional Correctness Repair,Functional Correctness Repair,Functional Correctness Repair,Closed
2760115428,feat,54799bed50158463dddd0d9959f1b82942d2b82d,User-Facing Interface and Interaction Refinement,User-Facing Interface and Interaction Refinement,User-Facing Interface and Interaction Refinement,Closed
2760115428,feat,8917108ef2ab8de115f6c98c3a68e01341415034,User-Facing Interface and Interaction Refinement,User-Facing Interface and Interaction Refinement,User-Facing Interface and Interaction Refinement,Closed
2760297589,feat,1a6fd53063342d843d5f3b14377b1b54096b7d97,User-Facing Interface and Interaction Refinement,User-Facing Interface and Interaction Refinement,User-Facing Interface and Interaction Refinement,Closed
2761413721,feat,0d817279cb780946715b68081d610bc7be5c5c17,Functional Correctness Repair,Code Cleanup,Code Cleanup,Closed
2761413721,feat,38e848b290045bf88743a867d9dbd2c3fb1c0a1e,Documentation,Documentation,Documentation,Closed
2761413721,feat,afc67968580b184787f047d9ab0d15eb7e5b408f,Structural Refactoring,Code Convention Conformance,Code Convention Conformance,Closed
2761413721,feat,c82636c211e525b1dc97208908349b8e9aaa7948,Functional Correctness Repair,Functional Correctness Repair,Functional Correctness Repair,Closed
2761413721,feat,d10e1d9a783fa7e8051bd2f95c2659709d7a8fcb,Functional Correctness Repair,Feature Completion or Extension,Feature Completion or Extension,Closed
2762297369,fix,f1299f484de2a7636cb5ed691a858db749c8eeb3,Functional Correctness Repair,Functional Correctness Repair,Functional Correctness Repair,Closed
2762301500,feat,485ba5fbe33e82ec8d2e5186100a1b53edddecda,Feature Completion or Extension,Feature Completion or Extension,Feature Completion or Extension,Closed
2762301500,feat,48ca10957d2b470cfe1bfbfbfcfe9bc48a5b3b05,Feature Completion or Extension,Functional Correctness Repair,Functional Correctness Repair,Closed
2762301500,feat,864d635179c7e757637a08a55da8e4d230811abe,Documentation,Documentation,Documentation,Closed
2762301500,feat,93cc7e95768d6873696d7b70d5948b9d013c6e26,Functional Correctness Repair,Feature Completion or Extension,Feature Completion or Extension,Closed
2762301500,feat,d84f5ff8bf7a10d1bb7ecdc74e4b251490ab0229,Documentation,Documentation,Documentation,Closed
2762301500,feat,e4bb036e9a9c53470c74d6749536059419b3417e,Functional Correctness Repair,Functional Correctness Repair,Functional Correctness Repair,Closed
2763678225,fix,8c6883e5ee7756bc53f82e503b82016ed90fbbb4,Documentation,Documentation,Documentation,Closed
2764665933,fix,b0d545992af3780530f7a24131b8c7299b69ab97,Project Integration and Environment Maintenance,Project Integration and Environment Maintenance,Project Integration and Environment Maintenance,Closed
2764665933,fix,c4a401b24708d843c882dfe30a9b84a78a9dea3a,Project Integration and Environment Maintenance,Project Integration and Environment Maintenance,Project Integration and Environment Maintenance,Closed
2764665933,fix,cf2f21cbfb971591372e26499eead5b3c33e0cff,Functional Correctness Repair,Functional Correctness Repair,Functional Correctness Repair,Closed
2767796873,feat,3bc2c91c7c5638f57856090979118ecdbbd827d9,Functional Correctness Repair,Functional Correctness Repair,Functional Correctness Repair,Closed
2767796873,feat,4fb6cb0fe0f314d2aa9bb6d557c567b29ad8831d,Test and Validation Adjustment,Test and Validation Adjustment,Test and Validation Adjustment,Closed
2767796873,feat,5ce666c497e1f51a69e4ea8031440fbb9f7870d1,Code Convention Conformance,Code Convention Conformance,Code Convention Conformance,Closed
2767796873,feat,67ea6ee8e1ff2f35d90aa4a3683f73d54af1b903,Code Convention Conformance,Code Convention Conformance,Code Convention Conformance,Closed
2767796873,feat,bb93da0acfdcfabef9c6a3a240bf34e5306c2ce4,Test and Validation Adjustment,Functional Correctness Repair,Functional Correctness Repair,Closed
2767796873,feat,ca39894093c28cf7472408bbc488fdb989efeafc,Code Convention Conformance,Code Convention Conformance,Code Convention Conformance,Closed
2767796873,feat,ce09db175ce34e96243d12875f60210f6b88dccb,Code Convention Conformance,Code Convention Conformance,Code Convention Conformance,Closed
2767796873,feat,d9f425f6b9f21eb781be872228ed60c8025c7bda,Code Convention Conformance,Code Convention Conformance,Code Convention Conformance,Closed
2767796873,feat,fd61b586d6fb028ef6304e3f540cf8740408cf47,Functional Correctness Repair,Functional Correctness Repair,Functional Correctness Repair,Closed
2770730384,fix,0754575a439d465fc355ae01a7c8e92c4dd0eb36,Project Integration and Environment Maintenance,Project Integration and Environment Maintenance,Project Integration and Environment Maintenance,Closed
2770730384,fix,2ddc340525e7c074f0a94b24ffed2085a09a739d,Functional Correctness Repair,Functional Correctness Repair,Functional Correctness Repair,Closed
2770730384,fix,35e9275183e0487d70bad707f06a9aaca61909b0,Functional Correctness Repair,Project Integration and Environment Maintenance,Project Integration and Environment Maintenance,Closed
2770730384,fix,3bffba8015bdce85848f53a57b34fe1561c4291a,Project Integration and Environment Maintenance,Functional Correctness Repair,Functional Correctness Repair,Closed
2770730384,fix,3e459728f91cc33d01f403ebf99abf2ae90563d0,Functional Correctness Repair,Functional Correctness Repair,Functional Correctness Repair,Closed
2770730384,fix,7ba976c2e5f0ce1d002a7e3f1cbaa40e585dafa7,Project Integration and Environment Maintenance,Project Integration and Environment Maintenance,Project Integration and Environment Maintenance,Closed
2770730384,fix,81c0722b232d4c34676559dfd58d47e8c3c1865d,Project Integration and Environment Maintenance,Project Integration and Environment Maintenance,Project Integration and Environment Maintenance,Closed
2770730384,fix,88ecf08fb4f3b1c49ec9758fb3631548e39ee095,Project Integration and Environment Maintenance,Project Integration and Environment Maintenance,Project Integration and Environment Maintenance,Closed
2770730384,fix,93e1365d68f11edce8a4869947164ea84fd57d70,Functional Correctness Repair,Functional Correctness Repair,Functional Correctness Repair,Closed
2770730384,fix,9722e83923bce113b77de126c7f50d5949874aeb,Functional Correctness Repair,Functional Correctness Repair,Functional Correctness Repair,Closed
2770730384,fix,adb107553e9dc3b2f6b50f43de3c6e239c5ba7af,Functional Correctness Repair,Functional Correctness Repair,Functional Correctness Repair,Closed
2770730384,fix,bda5aee30346cedc7993cf546ff94d4d16f63c61,Functional Correctness Repair,Functional Correctness Repair,Functional Correctness Repair,Closed
2770730384,fix,c6d34da4f6ebffa9f12c21cf9ed856eba4997409,Project Integration and Environment Maintenance,Test and Validation Adjustment,Project Integration and Environment Maintenance,Closed
2770730384,fix,cb3cba670ee61c85b497aefc8282b32f1c4e2bad,Functional Correctness Repair,Functional Correctness Repair,Functional Correctness Repair,Closed
2770730384,fix,eafcf85ec858d7a10fa2ab8f73618fce639f5540,Functional Correctness Repair,Functional Correctness Repair,Functional Correctness Repair,Closed
2770730384,fix,f276a3f179d9f3302419cad8bff170c96c11866f,Project Integration and Environment Maintenance,Project Integration and Environment Maintenance,Project Integration and Environment Maintenance,Closed
2770730384,fix,f28433238ab0b41e187ea225ce539e57c3b709e7,Functional Correctness Repair,Functional Correctness Repair,Functional Correctness Repair,Closed
2770730384,fix,f6770be767204cf31bc5fa34c3a10a12621e790a,Functional Correctness Repair,Functional Correctness Repair,Functional Correctness Repair,Closed
2776793311,feat,059afcae607b447caadeff198461774bd1348f1a,Project Integration and Environment Maintenance,Project Integration and Environment Maintenance,Project Integration and Environment Maintenance,Closed
2776793311,feat,7f7ff31f49ae12b8c502a6e197bfb509879728f3,Project Integration and Environment Maintenance,Project Integration and Environment Maintenance,Project Integration and Environment Maintenance,Closed
2776793311,feat,82ae1087c621ff00f38f111ff662bd03df879dfb,Functional Correctness Repair,Functional Correctness Repair,Functional Correctness Repair,Closed
2776793311,feat,a1e893f3bef2db8b730c9316642339dbf0c8cae2,Feature Completion or Extension,Feature Completion or Extension,Feature Completion or Extension,Closed
2776793311,feat,fabd9f86b1b085dc939578cc5df11d0044668b48,Functional Correctness Repair,Functional Correctness Repair,Functional Correctness Repair,Closed
2776797524,feat,059afcae607b447caadeff198461774bd1348f1a,Project Integration and Environment Maintenance,Project Integration and Environment Maintenance,Project Integration and Environment Maintenance,Closed
2776797524,feat,7f7ff31f49ae12b8c502a6e197bfb509879728f3,Project Integration and Environment Maintenance,Project Integration and Environment Maintenance,Project Integration and Environment Maintenance,Closed
2776797524,feat,82ae1087c621ff00f38f111ff662bd03df879dfb,Functional Correctness Repair,Functional Correctness Repair,Functional Correctness Repair,Closed
2776797524,feat,a1e893f3bef2db8b730c9316642339dbf0c8cae2,Feature Completion or Extension,Feature Completion or Extension,Feature Completion or Extension,Closed
2776797524,feat,fabd9f86b1b085dc939578cc5df11d0044668b48,Functional Correctness Repair,Functional Correctness Repair,Functional Correctness Repair,Closed
2776825485,feat,059afcae607b447caadeff198461774bd1348f1a,Project Integration and Environment Maintenance,Project Integration and Environment Maintenance,Project Integration and Environment Maintenance,Closed
2776825485,feat,7f7ff31f49ae12b8c502a6e197bfb509879728f3,Project Integration and Environment Maintenance,Project Integration and Environment Maintenance,Project Integration and Environment Maintenance,Closed
2776825485,feat,82ae1087c621ff00f38f111ff662bd03df879dfb,Functional Correctness Repair,Functional Correctness Repair,Functional Correctness Repair,Closed
2776825485,feat,a1e893f3bef2db8b730c9316642339dbf0c8cae2,Feature Completion or Extension,Feature Completion or Extension,Feature Completion or Extension,Closed
2776825485,feat,fabd9f86b1b085dc939578cc5df11d0044668b48,Functional Correctness Repair,Functional Correctness Repair,Functional Correctness Repair,Closed
2776831778,feat,059afcae607b447caadeff198461774bd1348f1a,Project Integration and Environment Maintenance,Project Integration and Environment Maintenance,Project Integration and Environment Maintenance,Closed
2776831778,feat,7f7ff31f49ae12b8c502a6e197bfb509879728f3,Project Integration and Environment Maintenance,Project Integration and Environment Maintenance,Project Integration and Environment Maintenance,Closed
2776831778,feat,82ae1087c621ff00f38f111ff662bd03df879dfb,Functional Correctness Repair,Functional Correctness Repair,Functional Correctness Repair,Closed
2776831778,feat,a1e893f3bef2db8b730c9316642339dbf0c8cae2,Feature Completion or Extension,Feature Completion or Extension,Feature Completion or Extension,Closed
2776831778,feat,c4ce06b3adca89e259024abfed8c509b63b9953c,Project Integration and Environment Maintenance,Project Integration and Environment Maintenance,Project Integration and Environment Maintenance,Closed
2776831778,feat,fabd9f86b1b085dc939578cc5df11d0044668b48,Functional Correctness Repair,Functional Correctness Repair,Functional Correctness Repair,Closed
2777919004,feat,18b89db42d8f2e34a4228c34fbfaf5bfeed1b3be,Code Convention Conformance,Code Convention Conformance,Code Convention Conformance,Closed
2777919004,feat,377630c746b33cf6c4b19794ddbed07f51184046,Code Convention Conformance,Code Convention Conformance,Code Convention Conformance,Closed
2782215003,feat,1896b3fe3f79716f9097653650443eab2ca64a2b,Functional Correctness Repair,Functional Correctness Repair,Functional Correctness Repair,Closed
2782215003,feat,6e3b6742c79611f94eb5f718c7229164937c0aa4,Functional Correctness Repair,Functional Correctness Repair,Functional Correctness Repair,Closed
2782215003,feat,aa317b10ba1ee17de795c0c8cd425197b921d397,Functional Correctness Repair,Functional Correctness Repair,Functional Correctness Repair,Closed
2782215003,feat,af25d9eeda43605865445b1d43cce203be57c236,Project Integration and Environment Maintenance,Project Integration and Environment Maintenance,Project Integration and Environment Maintenance,Closed
2783286259,feat,0b3bc08b7b339d19c273c9e625c4ceb5b0aa33ec,Code Convention Conformance,Code Convention Conformance,Code Convention Conformance,Closed
2783286259,feat,0de67e7818c2b60d624a00e27cfc24713b2947d2,Functional Correctness Repair,Functional Correctness Repair,Functional Correctness Repair,Closed
2783286259,feat,2f38a95becb033aeda0a5eed04918bdcad8460e7,Test and Validation Adjustment,Functional Correctness Repair,Functional Correctness Repair,Closed
2783286259,feat,3b257b8bc7d6958635314de2990cd37d52914310,Code Convention Conformance,Code Convention Conformance,Code Convention Conformance,Closed
2783286259,feat,4c9b44cdebccf52c3145037050193b06dbbedf50,Code Convention Conformance,Code Convention Conformance,Code Convention Conformance,Closed
2783286259,feat,c46cbcaad7fdbf225febfeb1edc194ffafc11c43,Code Convention Conformance,Code Convention Conformance,Code Convention Conformance,Closed
2784488870,fix,090b965e1887c8b39fbf863729d6debdd1c9cfa5,Functional Correctness Repair,Functional Correctness Repair,Functional Correctness Repair,Closed
2791079062,feat,fc1d21700c690930bbce492ee7c543315cedb880,Feature Completion or Extension,Feature Completion or Extension,Feature Completion or Extension,Closed
2793293460,feat,fcc2e022038a901d99aa7120e6fe75588e29ea3d,Structural Refactoring,Project Integration and Environment Maintenance,Structural Refactoring,Closed
2797405312,refactor,063d52fc7539077a4703fc61ac132a7c25d8854e,Code Convention Conformance,Code Convention Conformance,Code Convention Conformance,Closed
2797405312,refactor,4a6d72c6ea41aa5baf9c82b799ce27b2f476694a,Test and Validation Adjustment,Test and Validation Adjustment,Test and Validation Adjustment,Closed
2797405312,refactor,51458d49aabed7f8823f21c3fd52ed82fb483e0d,Code Convention Conformance,Code Convention Conformance,Code Convention Conformance,Closed
2797405312,refactor,5e3d2d94087531a3a0804d765f9be265b24a8c9a,Code Convention Conformance,Code Convention Conformance,Code Convention Conformance,Closed
2797405312,refactor,84c538f0b0e0159cfcb8e772eeb430d6e094eb28,Test and Validation Adjustment,Functional Correctness Repair,Functional Correctness Repair,Closed
2797405312,refactor,8ad91a59cdc69e4a53d0a0de88483c53c99d3628,Code Convention Conformance,Code Convention Conformance,Code Convention Conformance,Closed
2797405312,refactor,95e3be26ce04672ee508663fec8412c19a326986,Code Convention Conformance,Code Convention Conformance,Code Convention Conformance,Closed
2797405312,refactor,af4d9fd5958ef211f54d7bfac06a120d37b89a73,Code Convention Conformance,Code Convention Conformance,Code Convention Conformance,Closed
2797405312,refactor,df59c6659f2975435cadcc0bd485778f62e81903,Code Convention Conformance,Code Convention Conformance,Code Convention Conformance,Closed
2797482849,fix,b75ef482bf660499c5057a910a45693f3d6f77af,Structural Refactoring,Test and Validation Adjustment,Test and Validation Adjustment,Closed
2798302866,feat,1080e6d3e0e11ed8ae926ba588c0b70e4c84e28f,User-Facing Interface and Interaction Refinement,User-Facing Interface and Interaction Refinement,User-Facing Interface and Interaction Refinement,Closed
2798302866,feat,1985999449aebc97226e41ca2eca3ed9321dde9b,Rollback or Reversion,Rollback or Reversion,Rollback or Reversion,Closed
2798302866,feat,3d811955ed1c16e588a38f837b69f8df3a82de6b,Functional Correctness Repair,Functional Correctness Repair,Functional Correctness Repair,Closed
2798302866,feat,4dbcacd53832ecff10de70797436315de7e51c56,User-Facing Interface and Interaction Refinement,Other,User-Facing Interface and Interaction Refinement,Closed
2798302866,feat,f7ad4430bf122fe3f9f78f876d16f94f5d6c5b07,Rollback or Reversion,Rollback or Reversion,Rollback or Reversion,Closed
2799104941,feat,a5cc630b386d32475cf40f1b7268339c22a4caa1,Feature Completion or Extension,Feature Completion or Extension,Feature Completion or Extension,Closed
2800769710,feat,0f44c6b7a840a0c568d7e8be666b07c6a96875f7,User-Facing Interface and Interaction Refinement,User-Facing Interface and Interaction Refinement,User-Facing Interface and Interaction Refinement,Closed
2800769710,feat,69cc6f348d431b9e604269657920814659b2c0c2,User-Facing Interface and Interaction Refinement,Functional Correctness Repair,Functional Correctness Repair,Closed
2802436731,fix,f9cb6486162b2c8b92b9939d3f14450bdba1cbcd,Structural Refactoring,Code Cleanup,Code Cleanup,Closed
2812399095,fix,01cda23c3d4dfc67687c97518cffa24886bd9158,Feature Completion or Extension,Feature Completion or Extension,Feature Completion or Extension,Closed
2812399095,fix,0af459cc5e9c1e2d7a7d12a70bf0b100170ac56e,Test and Validation Adjustment,Test and Validation Adjustment,Test and Validation Adjustment,Closed
2812399095,fix,0d63d7afaeff790009499a43d9d3b7cacc0acecf,Rollback or Reversion,Functional Correctness Repair,Rollback or Reversion,Closed
2812399095,fix,1b352bb5808553248b722922b6e948df006be08d,Test and Validation Adjustment,Test and Validation Adjustment,Test and Validation Adjustment,Closed
2812399095,fix,1d969160947e89269c4f79d3fb4732403c22fe5f,Feature Completion or Extension,User-Facing Interface and Interaction Refinement,Feature Completion or Extension,Closed
2812399095,fix,1ebff11e0140479aa04c26d6d36fb85ababaaa14,Code Cleanup,Code Cleanup,Code Cleanup,Closed
2812399095,fix,213db55dd9a5dde455f6592c2df4ab27fb48abd1,Test and Validation Adjustment,Test and Validation Adjustment,Test and Validation Adjustment,Closed
2812399095,fix,235a0ed4cb19cdce34dd53ddc5cc9890833df212,User-Facing Interface and Interaction Refinement,User-Facing Interface and Interaction Refinement,User-Facing Interface and Interaction Refinement,Closed
2812399095,fix,2dbf810aa899136055927f908dbf4340390bdf7e,Test and Validation Adjustment,Test and Validation Adjustment,Test and Validation Adjustment,Closed
2812399095,fix,4caaa7411a4b187bcb7de8681f82a972027004a1,Project Integration and Environment Maintenance,Project Integration and Environment Maintenance,Project Integration and Environment Maintenance,Closed
2812399095,fix,754d3efcf114d7ad7e63435f6a1ecd046e52e946,Functional Correctness Repair,User-Facing Interface and Interaction Refinement,User-Facing Interface and Interaction Refinement,Closed
2812399095,fix,83ce2d6962fb889f2102eca31814ecfd5e41f88f,Structural Refactoring,Structural Refactoring,Structural Refactoring,Closed
2812399095,fix,89f2a57b604faf5ead88ec56230544f4da375ac6,Functional Correctness Repair,Functional Correctness Repair,Functional Correctness Repair,Closed
2812399095,fix,927383b82a97380f8134122cd89f382f2277ab76,User-Facing Interface and Interaction Refinement,User-Facing Interface and Interaction Refinement,User-Facing Interface and Interaction Refinement,Closed
2812399095,fix,9d1f515d6dc44de18fa68004af56c9c2050f8ba4,User-Facing Interface and Interaction Refinement,User-Facing Interface and Interaction Refinement,User-Facing Interface and Interaction Refinement,Closed
2812399095,fix,ae21fa051cf25d3cde577133f1229483cc8e1693,User-Facing Interface and Interaction Refinement,User-Facing Interface and Interaction Refinement,User-Facing Interface and Interaction Refinement,Closed
2812399095,fix,ae94b64fa08f90c068e32b2f643d192dd908c60c,Functional Correctness Repair,Functional Correctness Repair,Functional Correctness Repair,Closed
2812399095,fix,b62c875bf504a141958dbc43cc3e8293c93a332e,Test and Validation Adjustment,Test and Validation Adjustment,Test and Validation Adjustment,Closed
2812399095,fix,b9c5a621f4860833f8519ee6b153fbc65953d725,Test and Validation Adjustment,Test and Validation Adjustment,Test and Validation Adjustment,Closed
2812399095,fix,c55b36805ddfba2f4858ac819c0cac47e238fb78,Project Integration and Environment Maintenance,Project Integration and Environment Maintenance,Project Integration and Environment Maintenance,Closed
2812399095,fix,f0a6efd84ae5872de2934b551a7cd394d6063739,User-Facing Interface and Interaction Refinement,User-Facing Interface and Interaction Refinement,User-Facing Interface and Interaction Refinement,Closed
2812399095,fix,f8e7368a63a1542eff44b9615532c4af3a230882,Project Integration and Environment Maintenance,Project Integration and Environment Maintenance,Project Integration and Environment Maintenance,Closed
2815602191,feat,05a03d0595a20bab3f1def5a40fb17c10a0acc54,Functional Correctness Repair,Functional Correctness Repair,Functional Correctness Repair,Closed
2815602191,feat,3101e5b72a339975817871f53f84df11c29d81a1,Functional Correctness Repair,Functional Correctness Repair,Functional Correctness Repair,Closed
2815602191,feat,682626bb0da1aafee3e1c0ea1ac98d9657154a7a,Code Convention Conformance,Functional Correctness Repair,Code Convention Conformance,Closed
2815602191,feat,73302426681c87fa61cddc59aa5148c4d9694cd8,Project Integration and Environment Maintenance,Project Integration and Environment Maintenance,Project Integration and Environment Maintenance,Closed
2815602191,feat,80ac4b38f23cf16eafc84881a0bbb1be5422a513,User-Facing Interface and Interaction Refinement,User-Facing Interface and Interaction Refinement,User-Facing Interface and Interaction Refinement,Closed
2815602191,feat,8425ebf764bcc365bf8aefa05c7fe3f1a77a76ab,Functional Correctness Repair,Functional Correctness Repair,Functional Correctness Repair,Closed
2815602191,feat,d23bc7121f8572662ec1d6b4c88178aeae3fa22b,User-Facing Interface and Interaction Refinement,User-Facing Interface and Interaction Refinement,User-Facing Interface and Interaction Refinement,Closed
2815602191,feat,df3dbced3ac4466e4a3472e7d33dc27849c54ddf,User-Facing Interface and Interaction Refinement,User-Facing Interface and Interaction Refinement,User-Facing Interface and Interaction Refinement,Closed
2817177399,fix,1f49fbc2a800ed6359a6a69a4d757cae5bff35b3,Feature Completion or Extension,Feature Completion or Extension,Feature Completion or Extension,Closed
2817177399,fix,223a8d37421c8bd952864d167bc5d1abc474db69,Code Cleanup,Code Cleanup,Code Cleanup,Closed
2817177399,fix,5f6f61bc8394aa7df7aed34425503db92c127235,Feature Completion or Extension,Feature Completion or Extension,Feature Completion or Extension,Closed
2817177399,fix,78b5d605f5fa4c23885030cdc1bd3c29b2588777,Functional Correctness Repair,Functional Correctness Repair,Functional Correctness Repair,Closed
2817177399,fix,7d11c16e54360e2868c2f5478e7474728c956b9e,Structural Refactoring,Structural Refactoring,Structural Refactoring,Closed
2817177399,fix,98ad2b35c1fc4842a9898cff6b775b5a94ccd80a,Feature Completion or Extension,Feature Completion or Extension,Feature Completion or Extension,Closed
2817177399,fix,9dd900430fbe28442c279cb20151925180d6356e,Structural Refactoring,Project Integration and Environment Maintenance,Project Integration and Environment Maintenance,Closed
2817177399,fix,bbd2f6e590751759d50e67f4719682dea4a0ffe8,Code Cleanup,Code Cleanup,Code Cleanup,Closed
2817177399,fix,c350368ff43f8a818893fdece1a171ce600550a4,Feature Completion or Extension,Feature Completion or Extension,Feature Completion or Extension,Closed
2817177399,fix,c4f30f86bfcb5d72c15fae255d83550304abb73e,Feature Completion or Extension,Feature Completion or Extension,Feature Completion or Extension,Closed
2817177399,fix,d8067d52aaa9a0350e6b5dbaad59eacce37db05e,Feature Completion or Extension,Feature Completion or Extension,Feature Completion or Extension,Closed
2817177399,fix,da5327216b361e24e72e04b1cd1bd306fdbf1e2d,Feature Completion or Extension,Feature Completion or Extension,Feature Completion or Extension,Closed
2817177399,fix,e4b04214b2c5187fad98136b205564136cb19127,Feature Completion or Extension,Feature Completion or Extension,Feature Completion or Extension,Closed
2817177399,fix,e83284ca84aedd90bda574e51b277786b24b975c,Project Integration and Environment Maintenance,Project Integration and Environment Maintenance,Project Integration and Environment Maintenance,Closed
2817177399,fix,f449f397414d71904b2f381b69e4a30f95c40d42,Structural Refactoring,Structural Refactoring,Structural Refactoring,Closed
2822168236,feat,6449d70241d7a0a1a38e02c83fdaed4874157b1e,Code Cleanup,Code Cleanup,Code Cleanup,Closed
2825772024,feat,369a88a75321cea83c79973b9ff23707f7ffc24b,Functional Correctness Repair,Functional Correctness Repair,Functional Correctness Repair,Closed
2825772024,feat,4e0fe244d57c6ad814657ec3dd28c492e97a7717,Project Integration and Environment Maintenance,Functional Correctness Repair,Project Integration and Environment Maintenance,Closed
2825772024,feat,5e90dc826afd20212e2e8a4ce4c93db6812cf128,Functional Correctness Repair,Feature Completion or Extension,Feature Completion or Extension,Closed
2825772024,feat,b190d9344f90beadf5d96ef038b087feff0c6004,Functional Correctness Repair,Functional Correctness Repair,Functional Correctness Repair,Closed
2825772024,feat,be45c0f63a07a5d249cdd19d2f6bcdd05d2e89c5,Functional Correctness Repair,Functional Correctness Repair,Functional Correctness Repair,Closed
2825772024,feat,db67557694efd04189b77c69b8c290d3fe390170,Functional Correctness Repair,Functional Correctness Repair,Functional Correctness Repair,Closed
2825772024,feat,dcf6b6b2c7b67074f3975bdfff72fe3d9356c461,Project Integration and Environment Maintenance,Functional Correctness Repair,Functional Correctness Repair,Closed
2825772024,feat,e90aba4b2119b57b8376a930599f4c3707ddd9f7,User-Facing Interface and Interaction Refinement,Structural Refactoring,Structural Refactoring,Closed
2825772024,feat,f74daf948fe628c2dbe8ad8b97d5d9f279e2a813,Functional Correctness Repair,Functional Correctness Repair,Functional Correctness Repair,Closed
2802436731,fix,f9cb6486162b2c8b92b9939d3f14450bdba1cbcd,Structural Refactoring,Code Cleanup,Code Cleanup,Closed
2825772024,feat,fdde554ab37960afa4aab70411eca40cf5c21304,Functional Correctness Repair,Feature Completion or Extension,Functional Correctness Repair,Closed
2827862538,feat,2288bbfddcc1070d14aa38a7ededb5840fdf26dc,Functional Correctness Repair,Feature Completion or Extension,Functional Correctness Repair,Closed
2827862538,feat,38f5f40f66b27092cca083220dd8b43c9b2e9aad,Project Integration and Environment Maintenance,Documentation,Documentation,Closed
2827862538,feat,6537f9011013198407949145b88557979346d78f,User-Facing Interface and Interaction Refinement,Project Integration and Environment Maintenance,Project Integration and Environment Maintenance,Closed
2827862538,feat,843add331929e93ff8ff6367e101eddcf5e45080,Functional Correctness Repair,Functional Correctness Repair,Functional Correctness Repair,Closed
2827862538,feat,dbc37c6f3164480aff0bd36710b5a9b8049aa2b6,Functional Correctness Repair,Functional Correctness Repair,Functional Correctness Repair,Closed
2832531846,refactor,2c11d21910050ebf1f88f20de9d0f87c5f7c0c6c,Code Cleanup,Code Cleanup,Code Cleanup,Closed
2834395087,feat,3e81971e12ec4ce6a9eac0250a831167fdb0d895,Functional Correctness Repair,Other,Functional Correctness Repair,Closed
2840540666,fix,509b3394ac954966b7cd11e58617cdaf1f1ee4a1,Project Integration and Environment Maintenance,Project Integration and Environment Maintenance,Project Integration and Environment Maintenance,Closed
2841184790,fix,509b3394ac954966b7cd11e58617cdaf1f1ee4a1,Project Integration and Environment Maintenance,Project Integration and Environment Maintenance,Project Integration and Environment Maintenance,Closed
2843181529,fix,5cf9db3fdb3d61af93b2a0992bc22e1c6541846d,Feature Completion or Extension,Feature Completion or Extension,Feature Completion or Extension,Closed
2844207207,test,34afa0f0069edbe5372b45a55c7b63ebcf7dbe35,Project Integration and Environment Maintenance,Project Integration and Environment Maintenance,Project Integration and Environment Maintenance,Closed
2844207207,test,e6669685a4ee0d44fc8a5193611d8710f47ed41a,Project Integration and Environment Maintenance,Project Integration and Environment Maintenance,Project Integration and Environment Maintenance,Closed
2844251494,refactor,017bf659c008b03c5860c017f3fdc27c27bcceae,Project Integration and Environment Maintenance,Project Integration and Environment Maintenance,Project Integration and Environment Maintenance,Closed
2850852315,fix,00c2f5043e80be88dc3337d5e57a73358f5ca11a,Other,Other,Other,Closed
2850852315,fix,14503bc43b763b797dc52cf466ab900cd27c8d76,User-Facing Interface and Interaction Refinement,Other,User-Facing Interface and Interaction Refinement,Closed
2850852315,fix,1cb5f57864965395949f138e48736eec5ee8cc05,Functional Correctness Repair,Functional Correctness Repair,Functional Correctness Repair,Closed
2850852315,fix,4eaa8755ebb3c71e97703d0f7edcb848b89686b2,User-Facing Interface and Interaction Refinement,Documentation,Documentation,Closed
2850852315,fix,7dc47adb5c28b140caa14ad74abbce29e8727058,Functional Correctness Repair,Functional Correctness Repair,Functional Correctness Repair,Closed
2850852315,fix,90f1bee6025a2bfdc2f4d7ef5531805c727f090e,Feature Completion or Extension,Feature Completion or Extension,Feature Completion or Extension,Closed
2850852315,fix,96a7e8038fa7c24e5510fdd64f37879a345374c6,Functional Correctness Repair,Other,Functional Correctness Repair,Closed
2850852315,fix,ac819bcb6ee6ad95888ba051e173a31492a1f59d,Feature Completion or Extension,Feature Completion or Extension,Feature Completion or Extension,Closed
2850852315,fix,b6d668fc664c5f376626f06acdf48f9f462884e2,Feature Completion or Extension,Feature Completion or Extension,Feature Completion or Extension,Closed
2850852315,fix,ba66910fbda6aea4b433d9633f60a0c38f830144,Feature Completion or Extension,Feature Completion or Extension,Feature Completion or Extension,Closed
2850852315,fix,bcd90e26b01d1838c686c106d4fb680561f82154,Functional Correctness Repair,Other,Functional Correctness Repair,Closed
2850852315,fix,e2ce65fc5b9cf1f0ab3495e74b1d102ddfacedf3,Functional Correctness Repair,Other,Functional Correctness Repair,Closed
2850852315,fix,ec050e5d33bfb578a3bf92d026da60a9b3548c7d,Code Cleanup,Code Cleanup,Code Cleanup,Closed
2852623041,feat,976e9732efd9964f8f9b6345abfa41fc5a16e547,Project Integration and Environment Maintenance,Project Integration and Environment Maintenance,Project Integration and Environment Maintenance,Closed
2876006908,feat,105f4e4e447383cf6a0188424c8593b2d090398d,Code Convention Conformance,Code Convention Conformance,Code Convention Conformance,Closed
2876006908,feat,58bf18e193b3ad02a586151f0f432282015d490e,Code Convention Conformance,Code Convention Conformance,Code Convention Conformance,Closed
2881667376,refactor,006686c88a9ad512c21cbcea55f21c8be52c0d94,Code Cleanup,Other,Code Cleanup,Closed
2881667376,refactor,13c007744099fa40addfe0a81f9c730232c9af14,Functional Correctness Repair,Other,Functional Correctness Repair,Closed
2881667376,refactor,1a76f666e5d3a2c1476bce47730f7de07462a3ec,Code Cleanup,Other,Code Cleanup,Closed
2881667376,refactor,33963d9f88be614b788060246e914a1a1b5864e0,Code Cleanup,Code Cleanup,Code Cleanup,Closed
2881667376,refactor,362a847fa44b4b8bde57f045c6a13c5b013f8515,Code Cleanup,Code Cleanup,Code Cleanup,Closed
2881667376,refactor,4afb6a85f50ef92389b34656a3f3b3c60cd21030,Feature Completion or Extension,Other,Feature Completion or Extension,Closed
2881667376,refactor,5d674932a1a8ece2c3a39f8fd73aa982862e3b49,Code Cleanup,Code Cleanup,Code Cleanup,Closed
2881667376,refactor,7999b279f2a1a6753831ae784b2af36f74fb5eac,Structural Refactoring,Structural Refactoring,Structural Refactoring,Closed
2881667376,refactor,7e733b1741615f80e999dbf84259da149bf2bf59,Project Integration and Environment Maintenance,Project Integration and Environment Maintenance,Project Integration and Environment Maintenance,Closed
2881667376,refactor,af0eb9c1f9ce13bcd9cf52c4cdbdaa2d5a9409f0,Code Cleanup,Code Cleanup,Code Cleanup,Closed
2881667376,refactor,dd6f547f55908746b2101f8de46457e3428ed704,Rollback or Reversion,Other,Rollback or Reversion,Closed
2881667376,refactor,e53f5f2d2cb937b1cc21782ce89a0e4e74a39de6,Feature Completion or Extension,Feature Completion or Extension,Feature Completion or Extension,Closed
3047718524,feat,0408dd8be335ee28a81fe3d76805a76705aa9f06,Project Integration and Environment Maintenance,Other,Project Integration and Environment Maintenance,Closed
3047718524,feat,113525c851c91781839a4ac337746167deed3b20,Version-Control Conflict Resolution,Version-Control Conflict Resolution,Version-Control Conflict Resolution,Closed
3047718524,feat,25c142b3d81192b17df65d1e2b5ab38e2792393d,Structural Refactoring,Code Cleanup,Code Cleanup,Closed
3047718524,feat,25f1fada3fc29ad0f3d7c2ac0cfebad418f54427,Project Integration and Environment Maintenance,User-Facing Interface and Interaction Refinement,Project Integration and Environment Maintenance,Closed
3047718524,feat,4358951f7e6c2337d5c08a0c40d6b38cafaaba4f,Code Convention Conformance,Code Convention Conformance,Code Convention Conformance,Closed
3047718524,feat,4675c58fd03df38d90529e57f90e4a9104613904,Code Convention Conformance,Code Convention Conformance,Code Convention Conformance,Closed
3047718524,feat,4fdca81ee0ce28abc57c7ec3ae4e241fa1eeb4eb,Structural Refactoring,User-Facing Interface and Interaction Refinement,Structural Refactoring,Closed
3047718524,feat,5715a545376dfe0475eb7b93fd2ac687d2641097,Feature Completion or Extension,User-Facing Interface and Interaction Refinement,Feature Completion or Extension,Closed
3047718524,feat,67248a304b7fa193487a17dc023b05da17e9ced3,Project Integration and Environment Maintenance,Project Integration and Environment Maintenance,Project Integration and Environment Maintenance,Closed
3047718524,feat,6bc4cd84e0e84e7cfe4e5226dcb804f8285ef8be,Project Integration and Environment Maintenance,Other,Project Integration and Environment Maintenance,Closed
3047718524,feat,738ba8b63f393e2277b442a719c74f0f0b91a400,Project Integration and Environment Maintenance,Feature Completion or Extension,Project Integration and Environment Maintenance,Closed
3047718524,feat,78b52548c95409da3cfab3f5bbc8df7984497d9c,Project Integration and Environment Maintenance,Project Integration and Environment Maintenance,Project Integration and Environment Maintenance,Closed
3047718524,feat,874a083ddc21dc6ef426c96f2495e557787ea670,Project Integration and Environment Maintenance,Project Integration and Environment Maintenance,Project Integration and Environment Maintenance,Closed
3047718524,feat,8cd331bbe763d20d99be6b5ae2db59fa56851eaa,Project Integration and Environment Maintenance,Functional Correctness Repair,Project Integration and Environment Maintenance,Closed
3047718524,feat,90298ad798e97879110faaf55be0cd1ab8c06fa1,Version-Control Conflict Resolution,Version-Control Conflict Resolution,Version-Control Conflict Resolution,Closed
3047718524,feat,a2e7f7eea8efcc17d5d79cdeef216f794b95fff5,Project Integration and Environment Maintenance,Project Integration and Environment Maintenance,Project Integration and Environment Maintenance,Closed
3047718524,feat,b0c999eb940a36a2a0d85abf90a810e55c3261fc,Functional Correctness Repair,User-Facing Interface and Interaction Refinement,Functional Correctness Repair,Closed
3047718524,feat,b7b7b9ec10a1b681c7beb0c2cf589706bef2d0dc,Feature Completion or Extension,Project Integration and Environment Maintenance,Feature Completion or Extension,Closed
3047718524,feat,bba429811d646cf303a3b23874e8f66dcaae2cf1,Version-Control Conflict Resolution,Version-Control Conflict Resolution,Version-Control Conflict Resolution,Closed
3047718524,feat,dd9daa5b79cc0218a8bd9f4a0d202db008c05f3a,Project Integration and Environment Maintenance,Code Cleanup,Project Integration and Environment Maintenance,Closed
3084851925,feat,56987729bd569198c62e64a4e1067d1c25af1312,Code Convention Conformance,Test and Validation Adjustment,Code Convention Conformance,Closed
3084851925,feat,8ed74f27c1fb7fac8700cf5d3ee26e73e1eebd15,Code Convention Conformance,User-Facing Interface and Interaction Refinement,Code Convention Conformance,Closed
3085403262,refactor,0a367599d703fb4f043bb77e434b3830bef7c142,Code Convention Conformance,Code Convention Conformance,Code Convention Conformance,Closed
3085403262,refactor,10426b1d1e0ee4a5120a7d696a9301a12f4eddb0,Documentation,Documentation,Documentation,Closed
3085403262,refactor,44af239282e8f368003ee053a67bf08fe01b7187,Functional Correctness Repair,Project Integration and Environment Maintenance,Functional Correctness Repair,Closed
3085403262,refactor,bfb7b0cdde9c2905ca798552e60229fb17655d52,Rollback or Reversion,Rollback or Reversion,Rollback or Reversion,Closed
3085403262,refactor,e562b589c1c8a7a58454f25d81758b5b983964f5,Project Integration and Environment Maintenance,Project Integration and Environment Maintenance,Project Integration and Environment Maintenance,Closed
3088173646,feat,05d0d1bb3710fd5a0ade4fe2d051fb8e0871b173,Documentation,Documentation,Documentation,Closed
3088173646,feat,0ad528f249efe459f2e72cd570e1320d55eec14e,Documentation,Documentation,Documentation,Closed
3088173646,feat,12b10e370f82de8249c7d1f9864f96103faaf111,Structural Refactoring,Structural Refactoring,Structural Refactoring,Closed
3088173646,feat,150b6db14f657ad75ff7c96131c9b07c9c537f06,Feature Completion or Extension,Feature Completion or Extension,Feature Completion or Extension,Closed
3088173646,feat,18f926fc310053a38e1e89989df3f9794b7cf915,Functional Correctness Repair,Functional Correctness Repair,Functional Correctness Repair,Closed
3088173646,feat,20b963fc53c55f21550a211e240068b0329ecca8,Feature Completion or Extension,User-Facing Interface and Interaction Refinement,Feature Completion or Extension,Closed
3088173646,feat,2f9019ac846e8a5ffb4209b626c9709faa8aaf99,Code Cleanup,Code Cleanup,Code Cleanup,Closed
3088173646,feat,32286387334e112ce5edeee808de752b8e6cf36a,Code Cleanup,Code Cleanup,Code Cleanup,Closed
3088173646,feat,3929d8728731d5821b0de51e82126f3db5a5142a,Structural Refactoring,Structural Refactoring,Structural Refactoring,Closed
3088173646,feat,39991bea842a7dd868d66abddf1d7197e9376a89,Project Integration and Environment Maintenance,Project Integration and Environment Maintenance,Project Integration and Environment Maintenance,Closed
3088173646,feat,44c5ddb1f7817715493f8c79c77788976ebbb829,User-Facing Interface and Interaction Refinement,User-Facing Interface and Interaction Refinement,User-Facing Interface and Interaction Refinement,Closed
3088173646,feat,46fc29a608afa3a421fc2ddcd676595b18166f48,Feature Completion or Extension,Feature Completion or Extension,Feature Completion or Extension,Closed
3088173646,feat,4a4e6d4b73d39211d09140e6e12ca3352d3a2347,Feature Completion or Extension,Other,Feature Completion or Extension,Closed
3088173646,feat,5cb9fcafc5f91f248fabe7d8276778b88a4d9f70,Project Integration and Environment Maintenance,Feature Completion or Extension,Project Integration and Environment Maintenance,Closed
3088173646,feat,63ba809af629a8df4f0450255adf6d3957b12941,User-Facing Interface and Interaction Refinement,User-Facing Interface and Interaction Refinement,User-Facing Interface and Interaction Refinement,Closed
3088173646,feat,6a9b9c3e2a8a14e781655ed9bfb08702c79377b1,Documentation,Documentation,Documentation,Closed
3088173646,feat,87d6f93271ef7195f0a7598828abcdae8781bb58,Structural Refactoring,Code Cleanup,Structural Refactoring,Closed
3088173646,feat,a3561b42fdd1a133774267aeeebbbd8f6cb2b1ce,Feature Completion or Extension,Structural Refactoring,Structural Refactoring,Closed
3088173646,feat,ad418d91fd7a4de1c8b3900f3b43ec688b5ee76d,Documentation,Documentation,Documentation,Closed
3088173646,feat,af6063b74dc785e8877ca806c99263ccc2f37356,Code Convention Conformance,Functional Correctness Repair,Code Convention Conformance,Closed
3088173646,feat,c061ed900c54f596e2b6d24078a2ed037b6afc72,User-Facing Interface and Interaction Refinement,Feature Completion or Extension,Feature Completion or Extension,Closed
3088173646,feat,e9a695b001be486a03d4fd1067c56b21d3cbd07a,Documentation,Documentation,Documentation,Closed
3088173646,feat,ed74f879ed064c411b51a59d401ebd0af76a4bef,Code Cleanup,Code Cleanup,Code Cleanup,Closed
3088173646,feat,fcf62e4c9e42a2751a61846fef0eb2ab6119bbab,Functional Correctness Repair,Functional Correctness Repair,Functional Correctness Repair,Closed
3088173646,feat,fdb9730af395527482c0fa9fd3dbe382557833cb,Project Integration and Environment Maintenance,Feature Completion or Extension,Project Integration and Environment Maintenance,Closed
3090515437,feat,2d6cf566acfb4ad854ff365bbfeb5b7bf285a5c6,User-Facing Interface and Interaction Refinement,User-Facing Interface and Interaction Refinement,User-Facing Interface and Interaction Refinement,Closed
3090574134,feat,4f95aaa5dd84e2ebd73ce78ad7e31b6835a947fb,User-Facing Interface and Interaction Refinement,Code Convention Conformance,Code Convention Conformance,Closed
3091245303,feat,146d3f421b039d244e1b8af9bd612dc8465d5994,Functional Correctness Repair,Functional Correctness Repair,Functional Correctness Repair,Closed
3091245303,feat,2c79e60ef83a2632ec333d5ab4945edce1d55c27,Feature Completion or Extension,Feature Completion or Extension,Feature Completion or Extension,Closed
3091245303,feat,30bb48808fd97abf9bd7c90fafa353731d6e4e72,Feature Completion or Extension,Feature Completion or Extension,Feature Completion or Extension,Closed
3091245303,feat,39278f8da3f72d99eb53d987c5ace48ea71bea7c,Feature Completion or Extension,Feature Completion or Extension,Feature Completion or Extension,Closed
3091245303,feat,3a066b74340b7535952d5e8d80dbcd8f71018960,Feature Completion or Extension,Feature Completion or Extension,Feature Completion or Extension,Closed
3091245303,feat,3bd3b845198a80ae7f811bc3ee8af1a9b352a405,Feature Completion or Extension,Feature Completion or Extension,Feature Completion or Extension,Closed
3091245303,feat,3e45fae2e64cdabe5ce3cff26ca259163f1126aa,Feature Completion or Extension,Structural Refactoring,Feature Completion or Extension,Closed
3091245303,feat,4a00ea7cd08aef7cd8516b00cdaff02706f56a82,Feature Completion or Extension,User-Facing Interface and Interaction Refinement,Feature Completion or Extension,Closed
3091245303,feat,562f6f40cc0251e22915dd8d6598c932f3b0e372,Functional Correctness Repair,Functional Correctness Repair,Functional Correctness Repair,Closed
3091245303,feat,5a26f23c9a5f7edf437740b5b09968beee458368,Feature Completion or Extension,Other,Feature Completion or Extension,Closed
3091245303,feat,5c8e05982d59d2395da4d8b3b9700c92c50e7c5b,User-Facing Interface and Interaction Refinement,User-Facing Interface and Interaction Refinement,User-Facing Interface and Interaction Refinement,Closed
3091245303,feat,5cb05dd125bec713c8b038ccf1ea70fac0356eaf,Functional Correctness Repair,Structural Refactoring,Functional Correctness Repair,Closed
3091245303,feat,6c0a0e609cdfd19dd4640cb8cb787f61437d5727,Feature Completion or Extension,Feature Completion or Extension,Feature Completion or Extension,Closed
3091245303,feat,725faa696ebbe90fc3fe188ef8bc79f57f6d59e3,Feature Completion or Extension,Feature Completion or Extension,Feature Completion or Extension,Closed
3091245303,feat,73d1a9d248148bc0bffc0abaafe7169635792363,Functional Correctness Repair,Functional Correctness Repair,Functional Correctness Repair,Closed
3091245303,feat,7d7626f8f329fa27c8a228ee3d149bc8e24cc795,Feature Completion or Extension,Feature Completion or Extension,Feature Completion or Extension,Closed
3091245303,feat,a6216502049b5020df40ef2e76056877efef37e5,User-Facing Interface and Interaction Refinement,User-Facing Interface and Interaction Refinement,User-Facing Interface and Interaction Refinement,Closed
3091245303,feat,d4131964a35a3e813a5e7b68d012ead315ca7fb4,Feature Completion or Extension,Feature Completion or Extension,Feature Completion or Extension,Closed
3091245303,feat,eaf2bd8b4678286ab889a17bebb442c7cdbc09a2,User-Facing Interface and Interaction Refinement,User-Facing Interface and Interaction Refinement,User-Facing Interface and Interaction Refinement,Closed
3091245303,feat,f1dd171237297310c1509328f7bb49f0f65e42cc,Feature Completion or Extension,Feature Completion or Extension,Feature Completion or Extension,Closed
3091245303,feat,f469abbd435410c754b5cb788b189f1021d2f1f3,Feature Completion or Extension,Feature Completion or Extension,Feature Completion or Extension,Closed
3091750708,feat,224ba1fb697d8f151ee6cf12b19d0e3e331c4236,Test and Validation Adjustment,Test and Validation Adjustment,Test and Validation Adjustment,Closed
3091750708,feat,88721788e9d10c89e01396ce004fafcb1af80d61,Test and Validation Adjustment,Test and Validation Adjustment,Test and Validation Adjustment,Closed
3091750708,feat,e0cd41e9f9548d9b419b47b37b2c378768ee0b87,Functional Correctness Repair,Other,Functional Correctness Repair,Closed
3095400567,refactor,93105ce8d192f13d3502a16f1edb412df08f6fb2,Functional Correctness Repair,Project Integration and Environment Maintenance,Project Integration and Environment Maintenance,Closed
3095400567,refactor,bd279fdba0c69ea942bad594ed85251f1be4a495,Functional Correctness Repair,Project Integration and Environment Maintenance,Project Integration and Environment Maintenance,Closed
3098089485,fix,f2cd40751c436fdb623ecca942660ba754991d53,Other,Other,Other,Closed
3102876964,fix,5061f619da0a023267274323f4128e0e256a10af,Functional Correctness Repair,Other,Functional Correctness Repair,Closed
3102876964,fix,75be9b954f9a8cfb3e2782e56961540a627560cc,Code Cleanup,Test and Validation Adjustment,Code Cleanup,Closed
3105305807,test,c654b64d23101a4d6b816b93767a1b52f146def1,Test and Validation Adjustment,Functional Correctness Repair,Test and Validation Adjustment,Closed
3118432145,feat,ee7c711bde87e099cc12b2ef2219c12a8ec4aa01,User-Facing Interface and Interaction Refinement,User-Facing Interface and Interaction Refinement,User-Facing Interface and Interaction Refinement,Closed
3118854425,test,55d9646df096364bd283e10c9bc4a1cac9420454,Documentation,Documentation,Documentation,Closed
3118854425,test,db00a859d668062cbc6193f8cad421600a2fbcc6,Structural Refactoring,Structural Refactoring,Structural Refactoring,Closed
3119354820,fix,01aba37bf908629d35fa4c07b3eb4bc8a2b80a5c,Test and Validation Adjustment,Other,Test and Validation Adjustment,Closed
3119354820,fix,02e22ad03428d6d2ad73de91d4bbd909800544f4,Structural Refactoring,Code Convention Conformance,Structural Refactoring,Closed
3119354820,fix,331d55ea9ed3aa982fc4451d75c6a2d44ae07866,Code Convention Conformance,Other,Code Convention Conformance,Closed
3119354820,fix,47972265397bb7a4fc532e8d7068b443defbfa71,Test and Validation Adjustment,Test and Validation Adjustment,Test and Validation Adjustment,Closed
3119354820,fix,49c9ea80f5ec9a19e18654284d7aad244155cf50,Functional Correctness Repair,Test and Validation Adjustment,Test and Validation Adjustment,Closed
3119354820,fix,87952991ca717c5b388530b3e5ba01d3dd407a00,Project Integration and Environment Maintenance,Other,Project Integration and Environment Maintenance,Closed
3119354820,fix,8e2ca54915b2bb27b080f766fbafaa0cd69bb192,Feature Completion or Extension,Other,Feature Completion or Extension,Closed
3119354820,fix,9942ce6950d80fc1f587f5137ac1ac3f6f8b4d34,Test and Validation Adjustment,Test and Validation Adjustment,Test and Validation Adjustment,Closed
3119354820,fix,c7732a5672b4911f0107ca000b323b06331cafb4,Test and Validation Adjustment,Test and Validation Adjustment,Test and Validation Adjustment,Closed
3119354820,fix,d2d56417f7dc3e142b38dc6b4fee7e6351fd7127,Test and Validation Adjustment,Other,Test and Validation Adjustment,Closed
3119354820,fix,db9b58ccd51fd209b4ff71a109c10eb6755c82b9,Project Integration and Environment Maintenance,Other,Project Integration and Environment Maintenance,Closed
3119354820,fix,edcddc5e3b1b2bc662226750f395db9911485362,Test and Validation Adjustment,Other,Test and Validation Adjustment,Closed
3119354820,fix,f2871787ce3f825e5e7582acafc95746624e6663,Test and Validation Adjustment,Test and Validation Adjustment,Test and Validation Adjustment,Closed
2959039420,feat,14f4ed336291efcef64a03a9d82de769c924151b,Test and Validation Adjustment,Other,Test and Validation Adjustment,Closed
2959039420,feat,6da703cc8f97df41bc3e603a8f5ad08a25f89c97,Test and Validation Adjustment,Other,Test and Validation Adjustment,Closed
2959039420,feat,d9078c19af38bea206c7b60249c01348cdb52fe2,Functional Correctness Repair,Other,Functional Correctness Repair,Closed
2959039420,feat,e427d1dfe7af6341cb91f78eecca37401bfdc858,Test and Validation Adjustment,Other,Test and Validation Adjustment,Closed
2959068895,feat,46cd3603d5da34d421424a48b36f0a138aedb964,Functional Correctness Repair,Code Convention Conformance,Functional Correctness Repair,Closed
2959068895,feat,4c68047265e683bb0acabb9ec8090b1220424cba,Feature Completion or Extension,Other,Feature Completion or Extension,Closed
2959068895,feat,598af6edb03b2f37eaa5b2679afc15060238f2e7,Feature Completion or Extension,Other,Feature Completion or Extension,Closed
2959068895,feat,6755085dbb2c3ecbe74cf848012e5a410822e83c,Feature Completion or Extension,Feature Completion or Extension,Feature Completion or Extension,Closed
2959068895,feat,88a8895559315f0c51c37b2685d680ebd270e8db,Project Integration and Environment Maintenance,Project Integration and Environment Maintenance,Project Integration and Environment Maintenance,Closed
2959068895,feat,8e0cbbabcc4ba3a5a846825ff1fa756486737d98,Structural Refactoring,Structural Refactoring,Structural Refactoring,Closed
2959068895,feat,9b788123451fc1bd1f28772d961303c25bfd2977,Documentation,Feature Completion or Extension,Documentation,Closed
2959068895,feat,a343634ade3b0283ac1e6830e30857f7813c02cc,Functional Correctness Repair,Other,Functional Correctness Repair,Closed
2959068895,feat,a7b925c79242ae06f0db5e7552f641afbdaf643b,Structural Refactoring,Structural Refactoring,Structural Refactoring,Closed
2959068895,feat,f2f48fb2ce5d78b3bbf2cc5a2f0525a80bb5afef,Test and Validation Adjustment,Test and Validation Adjustment,Test and Validation Adjustment,Closed
2961852805,test,7de374f7ccbeb9511d1d4550579732ae273b4dd4,Test and Validation Adjustment,Other,Test and Validation Adjustment,Closed
2961852805,test,ab4ae8f85e4dc8fae1feeab1e919795f6e76bb17,Test and Validation Adjustment,Test and Validation Adjustment,Test and Validation Adjustment,Closed
2970244633,fix,65b4445642e922f61ab3e20215db7562d2f2e2d9,Documentation,Documentation,Documentation,Closed
2970244633,fix,692a293c3d32da691c07b14464afcf4910c9655f,Functional Correctness Repair,Functional Correctness Repair,Functional Correctness Repair,Closed
2971334427,fix,a05935cdf64cdfcbe0a9fb70eb1495ed8c221903,User-Facing Interface and Interaction Refinement,User-Facing Interface and Interaction Refinement,User-Facing Interface and Interaction Refinement,Closed
2971914575,refactor,11c0dc6a1a3abab2b5b922c892370d274744a48f,Project Integration and Environment Maintenance,Project Integration and Environment Maintenance,Project Integration and Environment Maintenance,Closed
2971914575,refactor,a12fab96997c25512548214465f2f0c97d7d6c55,Functional Correctness Repair,Functional Correctness Repair,Functional Correctness Repair,Closed
2971914575,refactor,a5e229026a85f975c9337c2016a419698e83c2c5,Functional Correctness Repair,Functional Correctness Repair,Functional Correctness Repair,Closed
2978281013,feat,0cb99ed930286300b7a10d98b0ea78082576ccdb,Code Convention Conformance,Code Convention Conformance,Code Convention Conformance,Closed
2978281013,feat,118e56f5d4a5891ecffcf6ea792e593a54ea2009,Feature Completion or Extension,Feature Completion or Extension,Feature Completion or Extension,Closed
2978281013,feat,7f99655dd0aac69c89769bba7b71c34c9d9e266e,Feature Completion or Extension,Code Convention Conformance,Feature Completion or Extension,Closed
2980792619,fix,543dda84433a9f3e6a133802974fff0c30ee87e0,Code Cleanup,Code Cleanup,Code Cleanup,Closed
2980792619,fix,f96da35bf3b6b0f9822739b97cacb52f154c9047,Code Cleanup,Code Cleanup,Code Cleanup,Closed
2982545758,refactor,211fe16e46e307843db0c75a8b30627c37e38a9b,Functional Correctness Repair,Functional Correctness Repair,Functional Correctness Repair,Closed
2982545758,refactor,643458962b511b01983fb2236ccb7a0d9b1472bc,Code Cleanup,Code Cleanup,Code Cleanup,Closed
2982545758,refactor,6eea3b9bbfb613467cd50299c302e7c4e91ed609,Code Convention Conformance,Code Convention Conformance,Code Convention Conformance,Closed
2982545758,refactor,94d5952b9735667b24ed56d79fcb6b10bd20685d,Test and Validation Adjustment,Test and Validation Adjustment,Test and Validation Adjustment,Closed
2982545758,refactor,bd32e7b9d95070a14025d557d72cb2a3889a8e60,Code Cleanup,Code Cleanup,Code Cleanup,Closed
2982953659,feat,3138378317cc4c8486688f1c31a5218a30028b26,Structural Refactoring,Other,Structural Refactoring,Closed
2982953659,feat,c9274bfd489593cc0769f814a814b6711e4f9d5a,Functional Correctness Repair,Code Cleanup,Functional Correctness Repair,Closed
2983029274,feat,193aee8151e2ba2ae99e41c4a668f294ca7487a2,Functional Correctness Repair,User-Facing Interface and Interaction Refinement,Functional Correctness Repair,Closed
2983029274,feat,4288290cfa241c787c4021fdbdd74bd534376053,Feature Completion or Extension,Feature Completion or Extension,Feature Completion or Extension,Closed
2983029274,feat,5a883bcc4db5a2c6dde6c6aad100e65d167d7aab,User-Facing Interface and Interaction Refinement,Other,User-Facing Interface and Interaction Refinement,Closed
2983029274,feat,63d046944364a5b51a4a5eb26ee4a2cce8c688d6,Test and Validation Adjustment,Test and Validation Adjustment,Test and Validation Adjustment,Closed
2983029274,feat,8a650997bf20d7f7394c418d098827dec4cc63fc,Feature Completion or Extension,Feature Completion or Extension,Feature Completion or Extension,Closed
2983029274,feat,c290354ac9625cd97a002ae7cecfefcf62021ac6,Feature Completion or Extension,Feature Completion or Extension,Feature Completion or Extension,Closed
2983029274,feat,d059bef6ec2ced51ab54abb7ddf118652b6326be,Feature Completion or Extension,Feature Completion or Extension,Feature Completion or Extension,Closed
2984176493,feat,16ecf0cffe73b0cbe378c530ab738d1b2fa0b428,Project Integration and Environment Maintenance,Project Integration and Environment Maintenance,Project Integration and Environment Maintenance,Closed
2984176493,feat,1e25da4e7c0372c7ef31bd2158b2ee695498643a,Project Integration and Environment Maintenance,Project Integration and Environment Maintenance,Project Integration and Environment Maintenance,Closed
2984176493,feat,f32e4dd1c3e7bf91eda94bd631067ba73d4f8a6e,Project Integration and Environment Maintenance,Feature Completion or Extension,Project Integration and Environment Maintenance,Closed
2986941892,feat,71e8bf3e491f0f9e93b824e9894a958e0081aa55,User-Facing Interface and Interaction Refinement,User-Facing Interface and Interaction Refinement,User-Facing Interface and Interaction Refinement,Closed
2986941892,feat,8abc5bf279ae528d5dcfd45e7c2307a5bfab3daf,User-Facing Interface and Interaction Refinement,User-Facing Interface and Interaction Refinement,User-Facing Interface and Interaction Refinement,Closed
2986941892,feat,a927aff3354819f1aee6b065849e50f765f37c0d,User-Facing Interface and Interaction Refinement,User-Facing Interface and Interaction Refinement,User-Facing Interface and Interaction Refinement,Closed
2986941892,feat,d699bfc0609328b71673cc6952ec30029638d188,Code Cleanup,Code Cleanup,Code Cleanup,Closed
2987852048,refactor,be06e2dbc0a0a4c4908415d7fa325d5e5667966e,Functional Correctness Repair,Functional Correctness Repair,Functional Correctness Repair,Closed
2988391985,refactor,a7f3d98da64995bd23e1ea32472b38518c1af36e,Documentation,Documentation,Documentation,Closed
2990448084,fix,034d0d941c6c32e4863f04cee9c7563d89cf8825,Feature Completion or Extension,Feature Completion or Extension,Feature Completion or Extension,Closed
2990448084,fix,6c996973e3dadfbf6de34dab99121e471c86ee9c,Functional Correctness Repair,Code Cleanup,Code Cleanup,Closed
2994623443,feat,50bd1d60a441910663997c2049f083819a999ce7,Code Convention Conformance,Other,Code Convention Conformance,Closed
2994623443,feat,5c5b30a9850676b5609cd693b489ca7c795da7d4,Functional Correctness Repair,Documentation,Functional Correctness Repair,Closed
3002304521,feat,156211861b7049f452c00aceed4dd7d0562900f4,Code Cleanup,Code Cleanup,Code Cleanup,Closed
3002304521,feat,682e2049f7c1072d26b66bc2a798bd4eeb427a4a,Functional Correctness Repair,Other,Functional Correctness Repair,Closed
3002304521,feat,7a9a388c8719a1732ec63333b937b1d164c6ad0d,Test and Validation Adjustment,Test and Validation Adjustment,Test and Validation Adjustment,Closed
3002304521,feat,c9de13f36df6c668d601c85a35378dd4a5d7f7a1,Code Cleanup,Code Cleanup,Code Cleanup,Closed
3003414156,feat,3e05c3ea0498a2cad5a69006033ccbb724ffb547,Project Integration and Environment Maintenance,Rollback or Reversion,Rollback or Reversion,Closed
3017667755,fix,6669b8683f336a3625d6aec5852ddaa7c1f23acb,Functional Correctness Repair,Functional Correctness Repair,Functional Correctness Repair,Closed
3017667755,fix,a86ed145e2cc96806f8abf0c5f07d4252cd64d60,Functional Correctness Repair,Functional Correctness Repair,Functional Correctness Repair,Closed
3022955231,feat,1e5e8977cd22caaf10677da04b0c29451d363dad,Functional Correctness Repair,Functional Correctness Repair,Functional Correctness Repair,Closed
3023613188,fix,6669b8683f336a3625d6aec5852ddaa7c1f23acb,Functional Correctness Repair,Functional Correctness Repair,Functional Correctness Repair,Closed
3023613188,fix,a86ed145e2cc96806f8abf0c5f07d4252cd64d60,Functional Correctness Repair,Functional Correctness Repair,Functional Correctness Repair,Closed
3030073254,fix,656c20f3ddc901befd0659a4b5d6e0d0ee5bd966,Project Integration and Environment Maintenance,Other,Project Integration and Environment Maintenance,Closed
3033233392,test,555012391addcd076777a552a6c5d2d12b358efb,Project Integration and Environment Maintenance,Test and Validation Adjustment,Project Integration and Environment Maintenance,Closed
3036425780,feat,6171ec6751ebcfcbb58ff6e20f99368653efbd50,Functional Correctness Repair,Functional Correctness Repair,Functional Correctness Repair,Closed
3039633986,feat,bf553547709fcbf7d572e89eb2c7c888c74b69bf,Functional Correctness Repair,Functional Correctness Repair,Functional Correctness Repair,Closed
3040980236,feat,9e1c7742ec58fafc66518960e0f3f7998049d069,Project Integration and Environment Maintenance,Rollback or Reversion,Rollback or Reversion,Closed
3151753047,feat,5741ff23be500c20ecdc18799eaa485d2ce76747,Feature Completion or Extension,Feature Completion or Extension,Feature Completion or Extension,Closed
3153218899,feat,36362801007a1841952df220a178f6a1f39368a4,Test and Validation Adjustment,Other,Test and Validation Adjustment,Closed
3157555145,feat,cf375689fbc2bf28da0c9ab7817e672c22d4e465,Functional Correctness Repair,Functional Correctness Repair,Functional Correctness Repair,Closed
3250552829,refactor,49e573f622e582c6bbfe6125cd781d34d61416e0,Functional Correctness Repair,Functional Correctness Repair,Functional Correctness Repair,Closed
3250552829,refactor,6221228391eeba5cac0a9ddb6a414d430cdb20cb,Functional Correctness Repair,Functional Correctness Repair,Functional Correctness Repair,Closed
3250552829,refactor,9585f84c082cbe6837a9268d56b9789618fc683c,Functional Correctness Repair,Functional Correctness Repair,Functional Correctness Repair,Closed
3254286684,feat,9cf535faff9f3f3ec4adc62936b232f380f9d291,Feature Completion or Extension,Other,Feature Completion or Extension,Closed
3254286684,feat,d9fd8b5d2dccfc6679c7e9da6bb24cfaf5ee09a4,Code Cleanup,Other,Code Cleanup,Closed
3260218057,feat,1c7cd5a67206f5e1077f9d531e451d4b0260df6a,Test and Validation Adjustment,Test and Validation Adjustment,Test and Validation Adjustment,Closed
3165677582,refactor,bf509faa1f9aeaf832a0a80e2d111387631fbeee,Project Integration and Environment Maintenance,Feature Completion or Extension,Project Integration and Environment Maintenance,Closed
3172715399,fix,bec299cbb145ff0a0eaf2e4a84b20ed503507486,Code Cleanup,Code Cleanup,Code Cleanup,Closed
3172715399,fix,e7c9eab35df394965d15aad6d3db28e8ea83e1e4,Functional Correctness Repair,Other,Functional Correctness Repair,Closed
3176732963,fix,cb917222e7ef32d7722b0f382bcd40315431b83c,Test and Validation Adjustment,Test and Validation Adjustment,Test and Validation Adjustment,Closed
3176732963,fix,df03309eb70e52466211e6876e9a3afca941a763,Functional Correctness Repair,Other,Functional Correctness Repair,Closed
3177662558,fix,4b082886e144ff0a9edd25d769afa6896b2590f2,Test and Validation Adjustment,Test and Validation Adjustment,Test and Validation Adjustment,Closed
3178586096,refactor,775b68e62f699d1cf39f30bab810175e7a75e931,Feature Completion or Extension,Other,Feature Completion or Extension,Closed
3179497496,feat,7e81592949d39af7c007036c2de03daec0a09cb3,Functional Correctness Repair,Other,Functional Correctness Repair,Closed
3179497496,feat,dae751515a664b18b624ccdde7464c4413f36d55,Structural Refactoring,Functional Correctness Repair,Functional Correctness Repair,Closed
3179683354,feat,3fc708ff7b7d3a01923cd22bf87aba3e30e06a00,Functional Correctness Repair,Code Cleanup,Functional Correctness Repair,Closed
3081821271,feat,8c62008db028aeeeaef360e2e9c4e7db91c72398,Rollback or Reversion,Rollback or Reversion,Rollback or Reversion,Closed
2757674020,feat,4f0e0abee869c385a685fd7f6fad5aefa8983ee3,Functional Correctness Repair,Other,Functional Correctness Repair,Merged
2757674020,feat,a9a2ddb4348829d29abd916af6a2df674dcc721e,Code Cleanup,Code Cleanup,Code Cleanup,Merged
2758215458,feat,de487d7351a39c36713e2b1e912db22492da9823,Functional Correctness Repair,User-Facing Interface and Interaction Refinement,User-Facing Interface and Interaction Refinement,Merged
2758742372,feat,081b0f1d224a2020f06c7dae8db99632d529eb46,Functional Correctness Repair,Functional Correctness Repair,Functional Correctness Repair,Merged
2758742372,feat,30ef93f0ce59cf28e91c9f2d14c078e089a122cb,Structural Refactoring,Structural Refactoring,Structural Refactoring,Merged
2758742372,feat,ade507ee402fca6c673859b083c01c4350c43563,User-Facing Interface and Interaction Refinement,User-Facing Interface and Interaction Refinement,User-Facing Interface and Interaction Refinement,Merged
2760243902,test,0f14a7365c817b837f3aa2f991427cb9fddc8c19,Rollback or Reversion,Rollback or Reversion,Rollback or Reversion,Merged
2761085743,feat,522f043194aaff1b6d78c735d4a0218aa4e4679b,Feature Completion or Extension,Feature Completion or Extension,Feature Completion or Extension,Merged
2761376844,feat,0c6f9a7cff50bcae00cef19f8e515fc7f3f67d7e,Feature Completion or Extension,Feature Completion or Extension,Feature Completion or Extension,Merged
2761376844,feat,20cdb5690f3e0a7e000583cd0fc15ee58ab1fb45,Documentation,Documentation,Documentation,Merged
2761376844,feat,d882c4243d778df151a182a6fe07c71e28c28c89,Test and Validation Adjustment,Test and Validation Adjustment,Test and Validation Adjustment,Merged
2763620087,fix,f38e7b66ad3ff0e8d4024c97df3043ac825fdae9,Documentation,Documentation,Documentation,Merged
2766442004,feat,1673e5b7437b7fac2ca734c6e4bcd077d8e34564,Feature Completion or Extension,Feature Completion or Extension,Feature Completion or Extension,Merged
2767891481,feat,1304dd3af924bbc4a9ceec189b5685d7309b46f6,Other,Feature Completion or Extension,Feature Completion or Extension,Merged
2768057346,feat,36fd7a10ca6b78bbc82e7f6d781b16bbe973b281,Documentation,Documentation,Documentation,Merged
2768057346,feat,a21ca68136da34aa5eb467226559bb35c96d3c74,Functional Correctness Repair,Functional Correctness Repair,Functional Correctness Repair,Merged
2768057378,feat,9ded55ed79e65f7ad12c042bae0afd97422b697a,Documentation,Documentation,Documentation,Merged
2768132850,feat,68c62d618dc297d005cc5034cf9687045ae23854,Functional Correctness Repair,Functional Correctness Repair,Functional Correctness Repair,Merged
2768132850,feat,828c4c84e03d2c691cd54380b739ee63d058e2e8,Documentation,Documentation,Documentation,Merged
2768656574,feat,1cfc8a48675c68e58a6c4fba9d257a441ec0a1cc,Documentation,Documentation,Documentation,Merged
2768656574,feat,271950de083433a95aa9830f393f10aeb75b8173,Functional Correctness Repair,Functional Correctness Repair,Functional Correctness Repair,Merged
2768656574,feat,4349721323c31a11a70dd3f237706a67e875a38c,Documentation,Documentation,Documentation,Merged
2768662452,feat,66bb36e8378774a651aeece96aa5f2facb458ac9,Documentation,Documentation,Documentation,Merged
2768706725,feat,9c8eaec3133102121386724fa15d9125f76cbf51,Documentation,Documentation,Documentation,Merged
2768706725,feat,d4aa78493f009f3c651eb44db6437373c0b2de6c,Functional Correctness Repair,Functional Correctness Repair,Functional Correctness Repair,Merged
2768814420,feat,65bf1bf3b20f149f642f9e2b0adb14f71d4c72fc,Structural Refactoring,Structural Refactoring,Structural Refactoring,Merged
2768814420,feat,9be14fc4119cdf71735909b0dde8e89e9739fe2e,Project Integration and Environment Maintenance,Project Integration and Environment Maintenance,Project Integration and Environment Maintenance,Merged
2768952674,fix,00d89db640f8b1442a138488e4216d345b4b3953,Documentation,Documentation,Documentation,Merged
2768952674,fix,4c77d26af73f49a9b74dec0295d94d1f9159f685,Project Integration and Environment Maintenance,Project Integration and Environment Maintenance,Project Integration and Environment Maintenance,Merged
2768952674,fix,908ef5057b188a54b8c02d36168331bbd8d47a36,Project Integration and Environment Maintenance,Project Integration and Environment Maintenance,Project Integration and Environment Maintenance,Merged
2768952674,fix,9a2e79a1c98c99256fd90fddd05ce7e495de6fec,Project Integration and Environment Maintenance,Project Integration and Environment Maintenance,Project Integration and Environment Maintenance,Merged
2768952674,fix,ac0d243b269669c782ec629b580e53a772230f73,Project Integration and Environment Maintenance,Project Integration and Environment Maintenance,Project Integration and Environment Maintenance,Merged
2768952674,fix,b833402b5137b7f11952010a0e16b60552bc689a,Code Cleanup,Code Cleanup,Code Cleanup,Merged
2768952674,fix,da4c233781ca312c7324bed342c4c27a62bde269,Code Cleanup,Code Cleanup,Code Cleanup,Merged
2768962384,feat,e992c0ca8a631b2c72917f760dcee22df0373647,Functional Correctness Repair,Functional Correctness Repair,Functional Correctness Repair,Merged
2769204205,feat,435af88821b7e6bb6356f52ecb2b86b6dbdef129,Code Cleanup,Code Cleanup,Code Cleanup,Merged
2769204205,feat,92120b68547e5ce42230cf5ad1f894629d05d555,Functional Correctness Repair,Functional Correctness Repair,Functional Correctness Repair,Merged
2769204205,feat,a9d9402efe151e21acf9988fc6db311b5d4fe305,Feature Completion or Extension,Feature Completion or Extension,Feature Completion or Extension,Merged
2769204205,feat,b30bf15bf3b8a62e2db2e4c70d97864e111f9f24,Feature Completion or Extension,Feature Completion or Extension,Feature Completion or Extension,Merged
2769559533,feat,0fc9bafabadf0ced96d10eeed0dc1124d22ae691,Structural Refactoring,User-Facing Interface and Interaction Refinement,User-Facing Interface and Interaction Refinement,Merged
2769559533,feat,676dd88e8c5cfc0a18b4cb8ea5fd7e1eadd6183b,User-Facing Interface and Interaction Refinement,Feature Completion or Extension,User-Facing Interface and Interaction Refinement,Merged
2769559533,feat,6b138a20721ca089e0dd43ab756cbd3be937e161,User-Facing Interface and Interaction Refinement,User-Facing Interface and Interaction Refinement,User-Facing Interface and Interaction Refinement,Merged
2769559533,feat,96ed275a99a48db92a995a214e00abaf6c179c8e,Functional Correctness Repair,Code Cleanup,Code Cleanup,Merged
2769559533,feat,e3ed18271d7fc64e12178b65734bde1094fe757a,Code Cleanup,Other,Code Cleanup,Merged
2771417743,feat,7054d19dd1df17e07c574ac6a125b356c6aa6eda,Functional Correctness Repair,Functional Correctness Repair,Functional Correctness Repair,Merged
2771417743,feat,9b0f2d6cf8afd8b53df877af1fe7587715574b77,Functional Correctness Repair,Functional Correctness Repair,Functional Correctness Repair,Merged
2772413148,fix,33f8f6814bec281446aad578085ba28931b512cb,Functional Correctness Repair,Functional Correctness Repair,Functional Correctness Repair,Merged
2772413148,fix,9eea0d698b0fd0314eada4431525a9ac41ce5d53,User-Facing Interface and Interaction Refinement,Feature Completion or Extension,User-Facing Interface and Interaction Refinement,Merged
2773814208,feat,ce2e1e350fb5f4bc234be80aa2096fdb35174cdd,Feature Completion or Extension,Feature Completion or Extension,Feature Completion or Extension,Merged
2773911009,feat,5c26dad20021c00bf41c217aee579c2f3412a411,Documentation,Documentation,Documentation,Merged
2775192816,feat,0afdc6691a4b6f49fae982ee87ecf06e7c9db30a,User-Facing Interface and Interaction Refinement,Feature Completion or Extension,User-Facing Interface and Interaction Refinement,Merged
2775192816,feat,10307920c4d7d2cd25db172c8feeb5d58b60caef,User-Facing Interface and Interaction Refinement,Feature Completion or Extension,User-Facing Interface and Interaction Refinement,Merged
2775192816,feat,1a1cab52445c6ea42a7fba85e852ad37e3ff893d,User-Facing Interface and Interaction Refinement,Feature Completion or Extension,User-Facing Interface and Interaction Refinement,Merged
2775192816,feat,348b87f9d93faa2e1ee121365f6eb385344ab2ff,User-Facing Interface and Interaction Refinement,Feature Completion or Extension,User-Facing Interface and Interaction Refinement,Merged
2775192816,feat,46a7cd1f8ed7217fbad9a7488d065ac63e2e8f4c,User-Facing Interface and Interaction Refinement,Functional Correctness Repair,User-Facing Interface and Interaction Refinement,Merged
2775192816,feat,50d78678de05c6b5f10858fb9e6c57af7bde559e,Functional Correctness Repair,Structural Refactoring,Functional Correctness Repair,Merged
2775192816,feat,9a3265f390fa56e78ff14bf4a9e5e77c06ad5b48,Functional Correctness Repair,Feature Completion or Extension,Functional Correctness Repair,Merged
2775192816,feat,eefc9578082cfc0e637573df6c0e1975c38b9667,Feature Completion or Extension,Other,Feature Completion or Extension,Merged
2777165691,feat,1360f740e9c21a9ab408858887d9653f2385859f,Functional Correctness Repair,Functional Correctness Repair,Functional Correctness Repair,Merged
2777347182,fix,2339fa35c7f366f83252ac030a24616f35e9195f,Functional Correctness Repair,Other,Functional Correctness Repair,Merged
2777961937,feat,3d6a27cea08b57b3972e587e093d889cbcfbf5c6,Functional Correctness Repair,Functional Correctness Repair,Functional Correctness Repair,Merged
2782528229,feat,85f6945c024361f93ab4866a37659d3983576461,Functional Correctness Repair,Other,Functional Correctness Repair,Merged
2782528229,feat,9b1785643722ae3ce1953356649abe9fd3196ed0,Test and Validation Adjustment,Test and Validation Adjustment,Test and Validation Adjustment,Merged
2782528229,feat,f08388d51f87b62dacc6b1b3e6210472a7ead9c8,Functional Correctness Repair,Functional Correctness Repair,Test and Validation Adjustment,Merged
2782566930,feat,1895c053c2dc0d39f78658df8f9929fbb2e08604,Functional Correctness Repair,Other,Functional Correctness Repair,Merged
2782566930,feat,3dc3cdbb532bc15c579ada6d8ad3e76188e1352c,Structural Refactoring,Other,Structural Refactoring,Merged
2782566930,feat,845cccf30696a240fc3ae332ed985a5d5e002064,Functional Correctness Repair,Functional Correctness Repair,Functional Correctness Repair,Merged
2783421768,feat,07c082176db1bcf9fc37d523649aa9bb90f5bf25,Feature Completion or Extension,Project Integration and Environment Maintenance,Project Integration and Environment Maintenance,Merged
2783421768,feat,1c8e83daf497f519ebb7ad40c13b33af2eab9920,Project Integration and Environment Maintenance,Feature Completion or Extension,Project Integration and Environment Maintenance,Merged
2783421768,feat,3b3d558d01974cf138b6aca7fdebcad5135d59f0,Documentation,Documentation,Documentation,Merged
2783421768,feat,5b2012796f1cc537ae7893932e8e020cc79913f9,Functional Correctness Repair,Other,Functional Correctness Repair,Merged
2783421768,feat,70a28b3725b866b2135c44145c928ff5c00d78cf,Documentation,Documentation,Documentation,Merged
2783421768,feat,9935cacce17f8e361a1fafd26641ddd5d529ae86,Feature Completion or Extension,Feature Completion or Extension,Feature Completion or Extension,Merged
2783421768,feat,c8a223b2edaaa52284f6cd83d7a0ee8b71827eb3,Functional Correctness Repair,Functional Correctness Repair,Functional Correctness Repair,Merged
2783421768,feat,d8c72d04b5a812bdf499e7a03cb1c1cf9ab03bec,Feature Completion or Extension,Feature Completion or Extension,Feature Completion or Extension,Merged
2783423999,feat,2b522d401554c2224be953247207a7789c45d60d,Functional Correctness Repair,Functional Correctness Repair,Functional Correctness Repair,Merged
2783423999,feat,7535fccc8f1c2b9ca4e254346457908ac6a59e96,Project Integration and Environment Maintenance,Project Integration and Environment Maintenance,Project Integration and Environment Maintenance,Merged
2783583943,fix,13fc9aa6771485f2adde7af23cc543c72c71d098,Structural Refactoring,Structural Refactoring,Structural Refactoring,Merged
2783583943,fix,a649b3008cbfac4278633c10678fa3fe3a1c281d,Documentation,Documentation,Documentation,Merged
2784386339,feat,0e87708a44487404b9df213c695ab8c4c24db31f,Documentation,Documentation,Documentation,Merged
2784399427,feat,c19e07d2395a126ce0cd0109ca68968fa50dc264,Code Cleanup,Code Cleanup,Code Cleanup,Merged
2784409350,feat,45beee522e9fc89a403536466d9fc992e295f406,Project Integration and Environment Maintenance,Project Integration and Environment Maintenance,Project Integration and Environment Maintenance,Merged
2784409350,feat,7bc97f0b24fb97a6ae12599ff03ef50ebbc27834,Code Cleanup,Other,Code Cleanup,Merged
2784417626,feat,931a26c150588042ab06f9be7f192e62959683bc,Documentation,Documentation,Documentation,Merged
2784574087,feat,c303d55e507633a4af9af8db6058772d5e16a5d6,Documentation,Documentation,Documentation,Merged
2784931990,fix,0458365b74fad95c2515369b300c71a599e71c70,Code Cleanup,Other,Code Cleanup,Merged
2784931990,fix,a804077df6e62a35e4e26dce79ea9056aa3425cf,Functional Correctness Repair,Functional Correctness Repair,Functional Correctness Repair,Merged
2784931990,fix,ca530e2cb938ced90ffd9a20b669c611277b438e,Code Cleanup,Code Cleanup,Code Cleanup,Merged
2784931990,fix,d08743576e0e0f0eeed2e96a39f0f0f9b7ac1451,Code Cleanup,Functional Correctness Repair,Functional Correctness Repair,Merged
2784931990,fix,ee2a3733577381265cdc825051cb0dfedb47e7db,Feature Completion or Extension,Feature Completion or Extension,Feature Completion or Extension,Merged
2788022491,feat,190d7d5ca602f14e620dff4ff2d01fedf50dc890,Functional Correctness Repair,Functional Correctness Repair,Functional Correctness Repair,Merged
2788022491,feat,be1e424ca47ac5c94d582e462eb165e9971c9e31,Code Cleanup,Code Cleanup,Code Cleanup,Merged
2788029019,feat,8af7a557b432403cf14db445ce7643e56bbe54a0,Code Cleanup,Code Cleanup,Code Cleanup,Merged
2788912798,feat,e2b048560930589c1d3695d869136ed4a19f953e,Code Convention Conformance,Code Convention Conformance,Code Convention Conformance,Merged
2788912798,feat,e71e6e0baf2453f309688e46646d07299bd5d8ba,Functional Correctness Repair,Functional Correctness Repair,Functional Correctness Repair,Merged
2790033388,feat,617d0f9006cce68fa4869a30c81bad45d0c1883c,Code Cleanup,Code Cleanup,Code Cleanup,Merged
2790142805,feat,a9b4b635bb517dfd23ed29798b06df2c800cce7a,Documentation,Documentation,Documentation,Merged
2790317638,feat,2de971dcd34c5b097cf2a27d64edcd87c3eef9ff,Documentation,Documentation,Documentation,Merged
2791025700,feat,1fc796111c750eea7a60864d5bb209345c1115ff,Code Cleanup,Code Cleanup,Code Cleanup,Merged
2791025700,feat,a4bf1e061b959cf1feb1e3d9acfdb9ef3664c9c1,Project Integration and Environment Maintenance,Project Integration and Environment Maintenance,Project Integration and Environment Maintenance,Merged
2791971139,feat,1b7ce7f15b530820f3407aae20f1d34cc801a9b9,Test and Validation Adjustment,Test and Validation Adjustment,Test and Validation Adjustment,Merged
2791971139,feat,213248340fa7147da0d031f7a34fb002e23a6604,Feature Completion or Extension,Feature Completion or Extension,Feature Completion or Extension,Merged
2791971139,feat,21d27a336f3b1e164cffa1fcd28cceb2c043f7cf,Test and Validation Adjustment,Test and Validation Adjustment,Test and Validation Adjustment,Merged
2791971139,feat,3e5bab148ad610b2d40ad8541f8268583e64e100,Test and Validation Adjustment,Test and Validation Adjustment,Test and Validation Adjustment,Merged
2791971139,feat,97b56b79dd1a482ac8872a4de705a92d2f378943,Functional Correctness Repair,Functional Correctness Repair,Functional Correctness Repair,Merged
2791971139,feat,c248c9a699a1565149378ac201edb56b1c7c94ef,Project Integration and Environment Maintenance,Project Integration and Environment Maintenance,Project Integration and Environment Maintenance,Merged
2791971139,feat,ffe341f43331180961d6b821895da06ddd269a94,Other,Other,Other,Merged
2792386162,feat,096919ce96c4e4c8d9198fcc71d609c66576be79,Structural Refactoring,Structural Refactoring,Structural Refactoring,Merged
2792386162,feat,2d28f7ba730b0a9089473ea41f0442b676dfe551,Other,Other,Other,Merged
2792386162,feat,36ed7ca1c5550af166360aeb1d0bd946a221ee0b,Structural Refactoring,Structural Refactoring,Structural Refactoring,Merged
2792386162,feat,5e7755b7016b008ed0f472f3768497042b8e0689,Feature Completion or Extension,Feature Completion or Extension,Feature Completion or Extension,Merged
2792386162,feat,c3e06ec119dcb7b0b253b657483ce6daffeb9f32,Functional Correctness Repair,Functional Correctness Repair,Functional Correctness Repair,Merged
2792386162,feat,fa980e6552bf345d26938135130c3ad064a16acf,Functional Correctness Repair,Functional Correctness Repair,Functional Correctness Repair,Merged
2794323375,feat,6d7ee0ff67ecc178bd45950b8ebed1dc69e0436a,Code Cleanup,Code Cleanup,Code Cleanup,Merged
2794549110,fix,0df1b619fdcfd6544c884756e23bc109f5817e1a,Documentation,Documentation,Documentation,Merged
2794549110,fix,3a25b848bdca3f0b362deaf0fe3c1e5583f18b48,Functional Correctness Repair,Functional Correctness Repair,Functional Correctness Repair,Merged
2795084819,feat,0d34de56b0191b5dc7ee7e01da8326c7d1e92dcf,Functional Correctness Repair,Other,Functional Correctness Repair,Merged
2795084819,feat,620bc4a18d6fabbd4578e3a5a5a21350df3ef863,Functional Correctness Repair,Functional Correctness Repair,Functional Correctness Repair,Merged
2795084819,feat,65f500b364cd04ee6fc3e13c60f2373b5b0221f0,Project Integration and Environment Maintenance,Project Integration and Environment Maintenance,Project Integration and Environment Maintenance,Merged
2795084819,feat,830009c769db80e1cb393c004ecdf42ccdc6efe5,Functional Correctness Repair,Functional Correctness Repair,Functional Correctness Repair,Merged
2795084819,feat,9c67565bba754eacc83f0acfbd0c3e72b936242d,Project Integration and Environment Maintenance,Project Integration and Environment Maintenance,Project Integration and Environment Maintenance,Merged
2795084819,feat,a461692cae0de7d9a7937ff28acf4228efc554f7,Feature Completion or Extension,Feature Completion or Extension,Feature Completion or Extension,Merged
2795084819,feat,aa6b821da83ae03c25edece05815f9553ed89a52,Project Integration and Environment Maintenance,Project Integration and Environment Maintenance,Project Integration and Environment Maintenance,Merged
2795084819,feat,abdafda403d37e230e7594b4cc9e1b7661d2ff9a,Project Integration and Environment Maintenance,Project Integration and Environment Maintenance,Project Integration and Environment Maintenance,Merged
2795084819,feat,ae8f190e2dbc577a852a9e35ece65ec27b464cf6,Functional Correctness Repair,Functional Correctness Repair,Functional Correctness Repair,Merged
2795084819,feat,b4e7d4f057775b293ef43a580ce98e41aab3a9f6,Functional Correctness Repair,Functional Correctness Repair,Functional Correctness Repair,Merged
2795084819,feat,bb336672979c82e5d9628f54df81d180cb2b8d83,Functional Correctness Repair,Functional Correctness Repair,Functional Correctness Repair,Merged
2795084819,feat,d00dc1f12ccfecf320cc94711612a7fc8feff52d,Feature Completion or Extension,Feature Completion or Extension,Feature Completion or Extension,Merged
2795084819,feat,ef92d9c2c26a1a23a3521b3656fe9f4d546c79c3,Feature Completion or Extension,Feature Completion or Extension,Feature Completion or Extension,Merged
2795084819,feat,fb97ca1af84c6fb3e6282290551ab10129eaa744,Project Integration and Environment Maintenance,Project Integration and Environment Maintenance,Project Integration and Environment Maintenance,Merged
2795172513,feat,ea178fb6acb414047e7574542009412db76bef58,Code Cleanup,Code Cleanup,Code Cleanup,Merged
2796002590,feat,5664cba1840b10524b93e9a89e7ecc51abfad72b,Project Integration and Environment Maintenance,Project Integration and Environment Maintenance,Project Integration and Environment Maintenance,Merged
2796002590,feat,9e284603fcf8c1eb874a53b27d05ebe92b581b5d,Functional Correctness Repair,Functional Correctness Repair,Functional Correctness Repair,Merged
2796002590,feat,a9d69baea698710d98ea545fcf9ac1c0bdc29ed1,Test and Validation Adjustment,Test and Validation Adjustment,Test and Validation Adjustment,Merged
2796796712,feat,1c0a09ebac8ea63114b1adc71cfe3286f6903312,Feature Completion or Extension,Feature Completion or Extension,Feature Completion or Extension,Merged
2796796712,feat,b7c5b82fd7030f16ffd4923a3d3eb8096b27c31d,Functional Correctness Repair,Functional Correctness Repair,Functional Correctness Repair,Merged
2797157546,fix,a1110e6c70ea6a230804d64d170454e6bb0b03d3,Functional Correctness Repair,Functional Correctness Repair,Functional Correctness Repair,Merged
2798295763,fix,37c3956c2948b40d607a2a09269a750ed8fc53c4,Test and Validation Adjustment,Test and Validation Adjustment,Test and Validation Adjustment,Merged
2798748566,feat,b0e077f1ccd27bf62808dfef1cf1dd21d4f6ccce,Functional Correctness Repair,Project Integration and Environment Maintenance,Project Integration and Environment Maintenance,Merged
2798748566,feat,eec751f863a33215197aea9e2a6fefc7ee703869,Project Integration and Environment Maintenance,Project Integration and Environment Maintenance,Project Integration and Environment Maintenance,Merged
2799374100,test,d5749e96a617b12116fc5bff63a5d718c2d8a134,Test and Validation Adjustment,Functional Correctness Repair,Test and Validation Adjustment,Merged
2801019781,feat,04230226db0a1807fb1899ada6af76666bc03170,Project Integration and Environment Maintenance,Project Integration and Environment Maintenance,Project Integration and Environment Maintenance,Merged
2801019781,feat,a074ffe901a7a772c97ea55e7de60a09505ed976,Test and Validation Adjustment,Project Integration and Environment Maintenance,Test and Validation Adjustment,Merged
2801019781,feat,a639505bb330568116910e0d2b041da9383b2492,Test and Validation Adjustment,Project Integration and Environment Maintenance,Test and Validation Adjustment,Merged
2801019781,feat,c8c65395a8217a54b9e6947b312d5db625427c94,Test and Validation Adjustment,Project Integration and Environment Maintenance,Test and Validation Adjustment,Merged
2801019781,feat,e84d581e336734e272301f47004fa5d082dc9800,Project Integration and Environment Maintenance,Project Integration and Environment Maintenance,Project Integration and Environment Maintenance,Merged
2801019781,feat,ffaf1779162675c8d8498cf6307546c124ee2842,Project Integration and Environment Maintenance,Project Integration and Environment Maintenance,Project Integration and Environment Maintenance,Merged
2812962777,fix,7e1dba054c1f542c36115bb8527f7b232d6ee2e5,Rollback or Reversion,Rollback or Reversion,Rollback or Reversion,Merged
2814132697,feat,262a71b9e458826e57d966ace32560a502c37317,Functional Correctness Repair,Functional Correctness Repair,Functional Correctness Repair,Merged
2814132697,feat,ffcaf5359076ead798ba64ebfd473296dbd03f0d,Functional Correctness Repair,Functional Correctness Repair,Functional Correctness Repair,Merged
2816265555,feat,46badebef5532a406cc87f434407681f386ed212,Feature Completion or Extension,Feature Completion or Extension,Feature Completion or Extension,Merged
2816497487,fix,f1d6a0242a243988dc5c5d6c9e0c050df19796ef,Functional Correctness Repair,Functional Correctness Repair,Functional Correctness Repair,Merged
2816690510,feat,09fecd889d317abbf728a6fa8cf652af889a5cc5,Test and Validation Adjustment,Test and Validation Adjustment,Test and Validation Adjustment,Merged
2816690510,feat,4ccecb8b04ffd0a1adc3004ff68fbe0c27967420,Functional Correctness Repair,Functional Correctness Repair,Functional Correctness Repair,Merged
2816855074,feat,da28bc63c10762e93c4f3309c96eb39f017522fd,Code Cleanup,Code Cleanup,Code Cleanup,Merged
2816979353,fix,5ef36ea1291d5e5c19845c98316f8166993e97da,User-Facing Interface and Interaction Refinement,User-Facing Interface and Interaction Refinement,User-Facing Interface and Interaction Refinement,Merged
2816979353,fix,9e6136fb0ca52c4b1798a8c3712d6a90ca4ccda1,Functional Correctness Repair,Functional Correctness Repair,Functional Correctness Repair,Merged
2816979353,fix,e1afe9a5c6b304636b335033a69e064a4f2790a6,Code Cleanup,Code Cleanup,Code Cleanup,Merged
2816979353,fix,f27aa2b47919175f32a7ae1541d4825fed6de7c4,Code Cleanup,Code Cleanup,Code Cleanup,Merged
2816979353,fix,fe00490019e0a00c913f6220ac1228f2196bc25b,User-Facing Interface and Interaction Refinement,User-Facing Interface and Interaction Refinement,User-Facing Interface and Interaction Refinement,Merged
2817069743,fix,7ada74bd013ea0a5a434e0d095d054e03bdc7e7a,Functional Correctness Repair,Functional Correctness Repair,Functional Correctness Repair,Merged
2819900203,feat,1e76cdaeb59eb2991591e014e1dc43ea5acc1173,Documentation,Documentation,Documentation,Merged
2819900203,feat,4a907270f191a1bbf6b390bed7dd5e0fbe094e9b,Feature Completion or Extension,Feature Completion or Extension,Feature Completion or Extension,Merged
2819900203,feat,4f84e503aa85e8efee7238542b4599c76af606e6,Documentation,Documentation,Documentation,Merged
2819900203,feat,5d5d49f8ed148af6221d00689a20a773958433e1,Documentation,Documentation,Documentation,Merged
2819900203,feat,5e73acb223f9dada686a744916f2dd450f9b5594,Documentation,Documentation,Documentation,Merged
2819900203,feat,6d04d9b7c03cd6851589feca9b49f57bed2db009,Other,Other,Other,Merged
2819900203,feat,beeea5df5626a81dc1a27eaf91eb979e54990500,Documentation,Other,Documentation,Merged
2819900203,feat,e6eb309e59670efc402061bcf2465fea90629448,Documentation,Documentation,Documentation,Merged
2821578095,feat,0692f33aec37f8c9fcd4e767336a1b4059197439,Functional Correctness Repair,Functional Correctness Repair,Functional Correctness Repair,Merged
2821578095,feat,19ffbdd90d051b274864f3b1110d06542d47e9a5,Functional Correctness Repair,Functional Correctness Repair,Functional Correctness Repair,Merged
2821578095,feat,5a3b3c998b041ce6be5a5363653518524e15543c,Structural Refactoring,Structural Refactoring,Structural Refactoring,Merged
2821578095,feat,a8472d01ad7de3305a0b9bcbe10c99c2f0cb556c,Feature Completion or Extension,User-Facing Interface and Interaction Refinement,User-Facing Interface and Interaction Refinement,Merged
2821578095,feat,c15f28392f6de2993bf0f5968a37bdb5f1b8ac7e,Code Convention Conformance,Code Convention Conformance,Code Convention Conformance,Merged
2821578095,feat,c3d11c3b25d49a4521b1b96eecf754ae833ef96b,Feature Completion or Extension,Feature Completion or Extension,Feature Completion or Extension,Merged
2821578095,feat,c9f700bd69e896b2225a2adc4da120413642ed0f,Code Cleanup,Code Cleanup,Code Cleanup,Merged
2821578095,feat,d8fba66c8ea98b5280289084e93043cdd6946f5f,Feature Completion or Extension,Feature Completion or Extension,Feature Completion or Extension,Merged
2821578095,feat,f71d95a33b5e48aa66fef10ec30a1d96c360b943,Functional Correctness Repair,Functional Correctness Repair,Functional Correctness Repair,Merged
2821659019,feat,179c82463ab41e19f3c6526472c2a15adf262d21,Documentation,Documentation,Documentation,Merged
2821659019,feat,2ddd27a3222865e64e2f37ad397a9694ee41f0c8,Functional Correctness Repair,Documentation,Documentation,Merged
2821659019,feat,30625b3ddc84ce7be34ef3e5c4480679529853c0,Project Integration and Environment Maintenance,Project Integration and Environment Maintenance,Project Integration and Environment Maintenance,Merged
2821659019,feat,a8373f5abf30eb028912cb5a78acbcb6689ec06d,Functional Correctness Repair,Functional Correctness Repair,Functional Correctness Repair,Merged
2821716083,feat,30bc938a929f0f8111e287b847a246eab4f6119d,Rollback or Reversion,Rollback or Reversion,Rollback or Reversion,Merged
2821716083,feat,588c77899d787321e1e64cacee253443b5ba41c1,Functional Correctness Repair,Functional Correctness Repair,Functional Correctness Repair,Merged
2821716083,feat,7b33ba2f0d513d8f3433f1d811fd75b9cf7b4581,Code Convention Conformance,Code Convention Conformance,Code Convention Conformance,Merged
2821716083,feat,94932df424f38020dafd1ef00859b867061ab7bb,Rollback or Reversion,Rollback or Reversion,Rollback or Reversion,Merged
2821716083,feat,a335845c5e3eedcd4a2b4b5ef0aef8b08545b547,Test and Validation Adjustment,Functional Correctness Repair,Test and Validation Adjustment,Merged
2821716083,feat,ae0400b08754c1b803539df1ec3aab2099b94a83,Code Convention Conformance,Code Convention Conformance,Code Convention Conformance,Merged
2821716083,feat,b0cdb74ef24f288bdeec1cc8324677435efc29ef,Functional Correctness Repair,Functional Correctness Repair,Functional Correctness Repair,Merged
2821716083,feat,b9788e6e05de44ae3247e38b6b466ecc0b65e9f2,Project Integration and Environment Maintenance,Project Integration and Environment Maintenance,Project Integration and Environment Maintenance,Merged
2824427819,feat,25e10565fd911d83102068ac683416cdf22ae8fb,Feature Completion or Extension,Feature Completion or Extension,Feature Completion or Extension,Merged
2824427819,feat,4223c867d2f3cdad0271d48de1a1a0318f66acfb,Project Integration and Environment Maintenance,Documentation,Documentation,Merged
2824427819,feat,ffa32ea79b4439d0292b17db25b758b5a7d8dfa7,User-Facing Interface and Interaction Refinement,User-Facing Interface and Interaction Refinement,User-Facing Interface and Interaction Refinement,Merged
2826117544,fix,27ffeb79234c4bef98585a10adb5d707c246f310,Rollback or Reversion,Rollback or Reversion,Rollback or Reversion,Merged
2826117544,fix,2f4f71bdb59031b1bc3370e25770a260d452d0b3,User-Facing Interface and Interaction Refinement,User-Facing Interface and Interaction Refinement,User-Facing Interface and Interaction Refinement,Merged
2826117544,fix,2f7713fe9a080393843228856e82d1cb8e83ec0c,Feature Completion or Extension,Feature Completion or Extension,Feature Completion or Extension,Merged
2826117544,fix,3a10e1d473f5237e7b675241e131c540b2acc133,Rollback or Reversion,Rollback or Reversion,Rollback or Reversion,Merged
2826117544,fix,6acd6421cf59417eab39a01539077fd93741ba30,Project Integration and Environment Maintenance,Project Integration and Environment Maintenance,Project Integration and Environment Maintenance,Merged
2826117544,fix,b9b1b9956cc3bc982276cf9719284cb52b9694a7,Functional Correctness Repair,Functional Correctness Repair,Functional Correctness Repair,Merged
2826117544,fix,be245031ae8be3173576d14d6841b9e6efd7e0fc,Project Integration and Environment Maintenance,Project Integration and Environment Maintenance,Project Integration and Environment Maintenance,Merged
2826117544,fix,c1d97fdb1cb4eaeb1461b6640ad28792c0759b80,Test and Validation Adjustment,Test and Validation Adjustment,Test and Validation Adjustment,Merged
2826117544,fix,c4135325f42d4ec5d3b48bfbeb5b365f75505009,Project Integration and Environment Maintenance,Project Integration and Environment Maintenance,Project Integration and Environment Maintenance,Merged
2828443532,fix,0018f258ae998338864b5491edd248d4e2e9757b,Code Cleanup,Code Cleanup,Code Cleanup,Merged
2833599213,feat,429d20d59a7a0d32aa108070be999e42730f8652,Test and Validation Adjustment,Test and Validation Adjustment,Test and Validation Adjustment,Merged
2833599213,feat,c5381aff665968dd26ad3bf5ee5c38ff84011900,Test and Validation Adjustment,Structural Refactoring,Structural Refactoring,Merged
2833672153,refactor,87ad57b4cd9de4df20327823210cca75b7e6c936,Other,Other,Other,Merged
2833672153,refactor,f3654ab8b08b3abf6fa336b03349e02eef174258,Code Convention Conformance,Other,Code Convention Conformance,Merged
2834352797,refactor,059dcefdf740db19b0cdaf4e0ed0097ce2e8333a,Structural Refactoring,Code Cleanup,Structural Refactoring,Merged
2834670369,feat,5c1002b14b4ea12d763f779144aa989f6816f50d,Structural Refactoring,Code Cleanup,Functional Correctness Repair,Merged
2836598978,feat,a3ddf4d95f142702db6910e3ad687af504f3c717,Functional Correctness Repair,Functional Correctness Repair,Functional Correctness Repair,Merged
2836598978,feat,d496f1dfd51bdc6c120544fa589c29026a56bec9,Code Cleanup,Code Cleanup,Code Cleanup,Merged
2836598978,feat,d93dd154d91e1871f1655bbb68f91618696898f5,Feature Completion or Extension,Functional Correctness Repair,Functional Correctness Repair,Merged
2836653590,feat,1a06c3c6d906ab9090475a12fccf892c743f6b71,Code Convention Conformance,Code Convention Conformance,Code Convention Conformance,Merged
2836653590,feat,4e9287c79ec50d23efccf24e72e1edc668defd34,Rollback or Reversion,Rollback or Reversion,Rollback or Reversion,Merged
2836653590,feat,6d8db3b1c9bd70491504c6703b1279f45b3adff0,Structural Refactoring,Structural Refactoring,Structural Refactoring,Merged
2836653590,feat,723c8efabe5fed11ad6223fa232d57dafa694dd7,Functional Correctness Repair,Functional Correctness Repair,Functional Correctness Repair,Merged
2836653590,feat,76884b9891356169f340fc21f96c9c860a98c069,Functional Correctness Repair,Other,Functional Correctness Repair,Merged
2905670458,feat,07ee3d3a8a77b39606b41ab0752a89803a6e04f2,Test and Validation Adjustment,Code Convention Conformance,Test and Validation Adjustment,Merged
2905670458,feat,6c023f65e91b08601e37a5f2044c51b0af7d22f0,Feature Completion or Extension,Feature Completion or Extension,Feature Completion or Extension,Merged
2905670458,feat,aebc4676e1fa0328b5f1ba8451a855442ac7c752,Feature Completion or Extension,Test and Validation Adjustment,Test and Validation Adjustment,Merged
2905670458,feat,dd90e4961169b59df9e6368e5bb2babd771b362e,Test and Validation Adjustment,Project Integration and Environment Maintenance,Test and Validation Adjustment,Merged
2905670458,feat,e1acf93987ef21b0671c18c66aa266307b5e4be0,Test and Validation Adjustment,Test and Validation Adjustment,Test and Validation Adjustment,Merged
2908771855,feat,1b700d3c606fe9f51ad7691973030690b2f004d2,User-Facing Interface and Interaction Refinement,Other,User-Facing Interface and Interaction Refinement,Merged
2908771855,feat,28182c34101217a9248d185e79241dff54340623,Test and Validation Adjustment,Test and Validation Adjustment,Test and Validation Adjustment,Merged
2908771855,feat,8aa80680a94464ae8c3bec58c782179b8ed50e58,Functional Correctness Repair,Functional Correctness Repair,Functional Correctness Repair,Merged
2999563616,feat,061ae18c2f0d940ed697fc15361d4262cc134377,Code Cleanup,Code Cleanup,Code Cleanup,Merged
2999563616,feat,0e0bb80cfa1e9de3d4260deb7b6f1178a6c4c1c7,Documentation,Documentation,Documentation,Merged
2999563616,feat,21599bc05409ad4fb035c7505b91d278a57e3d78,Structural Refactoring,Structural Refactoring,Structural Refactoring,Merged
2999563616,feat,2c7785c7d8b18265fa521b13becfb3a4a414369e,Feature Completion or Extension,Feature Completion or Extension,Feature Completion or Extension,Merged
2999563616,feat,3ee5ddc9c1651f45224aed5ca2428947f8e12b62,Code Convention Conformance,Code Convention Conformance,Code Convention Conformance,Merged
2999563616,feat,67c5cece34733f81b5d45490b047466be5984d56,Structural Refactoring,Code Cleanup,Code Cleanup,Merged
2999563616,feat,72fdc62c6d7ef32ca0b53918fe51ca0ddb57164c,Functional Correctness Repair,User-Facing Interface and Interaction Refinement,Functional Correctness Repair,Merged
2999563616,feat,76d8c6ccd4aec194c9dd68f811cdeb8676086dad,Functional Correctness Repair,Functional Correctness Repair,Functional Correctness Repair,Merged
2999563616,feat,a2f0fb8a25b31ca942ec0126d5f7e41048484249,Version-Control Conflict Resolution,Version-Control Conflict Resolution,Version-Control Conflict Resolution,Merged
2999563616,feat,efb5b27a19ef06760ab0818829fc30de36a42b20,Version-Control Conflict Resolution,Version-Control Conflict Resolution,Version-Control Conflict Resolution,Merged
2999563616,feat,f391335b7b78dfa1b5f2c33f9d779ff85adc494f,Version-Control Conflict Resolution,Version-Control Conflict Resolution,Version-Control Conflict Resolution,Merged
2999563616,feat,feb32de62028aee52a1c680b44783e949268c997,Version-Control Conflict Resolution,Version-Control Conflict Resolution,Version-Control Conflict Resolution,Merged
3104087061,feat,0deef8095b2e1b4b2ad9973247d0877fb4a238d3,Documentation,Documentation,Documentation,Merged
3104087061,feat,6bdedd6023350926370a500725b9911bba8cd0f4,Functional Correctness Repair,Project Integration and Environment Maintenance,Functional Correctness Repair,Merged
3104087061,feat,884b726f1517c971bfa37901d7236802a38f8575,Documentation,Project Integration and Environment Maintenance,Documentation,Merged
3153692689,feat,28303cb0326729cb86ddee7c18b552c187946b76,Test and Validation Adjustment,Test and Validation Adjustment,Test and Validation Adjustment,Merged
3153692689,feat,5f65c070302e5e7d49966c6869d945872fcf05a1,Test and Validation Adjustment,Test and Validation Adjustment,Test and Validation Adjustment,Merged
3153692689,feat,7acd26c66b8907b5e1710013639359d016513aa4,Functional Correctness Repair,Feature Completion or Extension,Functional Correctness Repair,Merged
3153692689,feat,a4faf42481acde09bc398cd54f1bdb889d96be0a,Feature Completion or Extension,Feature Completion or Extension,Feature Completion or Extension,Merged
3169739023,fix,4bca639adfefbf41ed65ce722889418c09bdee6d,Project Integration and Environment Maintenance,Project Integration and Environment Maintenance,Project Integration and Environment Maintenance,Merged
3174281934,feat,e5f1e83d44069b5772f3279721bd9b9d72f38937,Structural Refactoring,Structural Refactoring,Structural Refactoring,Merged
3187810707,refactor,78ccf1d8ba5f3ef5c1ca9659601f060997d63f46,Test and Validation Adjustment,Test and Validation Adjustment,Test and Validation Adjustment,Merged
3188628049,fix,fca664d11deab6d8dbc50a998ccf272ef7c60d34,Structural Refactoring,Structural Refactoring,Structural Refactoring,Merged
3209338958,fix,93223930b53b18087770da9943c9185a3e151bf6,Project Integration and Environment Maintenance,Project Integration and Environment Maintenance,Project Integration and Environment Maintenance,Merged
3212617082,feat,1ff45e037dafd56eafbe61959e0c226ad1e9ed11,Functional Correctness Repair,Functional Correctness Repair,Functional Correctness Repair,Merged
3212617082,feat,57e81eff588b698aa63b4ac81d272442a414004b,Documentation,Documentation,Documentation,Merged
3212617082,feat,73534d5b95835b78d68403ea357577acc2c40a82,Functional Correctness Repair,Functional Correctness Repair,Functional Correctness Repair,Merged
3226305866,feat,454e1808c41e44b1ea52c085b42accdcddb701a6,User-Facing Interface and Interaction Refinement,User-Facing Interface and Interaction Refinement,User-Facing Interface and Interaction Refinement,Merged
3226305866,feat,eaa285f0138065a4a3b197cfda191e563d3031cf,User-Facing Interface and Interaction Refinement,User-Facing Interface and Interaction Refinement,User-Facing Interface and Interaction Refinement,Merged
3251459747,refactor,8dcc2d0ed3176f32bd85f448173f153b8d4d7cd3,Project Integration and Environment Maintenance,Code Convention Conformance,Code Convention Conformance,Merged
3251459747,refactor,921562f7402b55338ba8453ec368a8cdc0125523,Code Cleanup,Code Cleanup,Code Cleanup,Merged
3251459747,refactor,cd22eb691a8b4f66fb7d873c9458bede668e07fb,Code Convention Conformance,Code Convention Conformance,Code Convention Conformance,Merged
3123012893,feat,7da3f5fa99d28a8e4d43374b89136cedfe270cf0,Test and Validation Adjustment,Test and Validation Adjustment,Test and Validation Adjustment,Merged
3123012893,feat,d0a60393f061e5d8872f4b8d882a8306cbb710f3,Functional Correctness Repair,Feature Completion or Extension,Feature Completion or Extension,Merged
3128183116,feat,dec8d344911f789b524fe82d44b6e9b5980951f1,User-Facing Interface and Interaction Refinement,Other,User-Facing Interface and Interaction Refinement,Merged
3171819372,feat,115db22a8d4a0c21cacc1496a0ba49251926b7af,Project Integration and Environment Maintenance,Project Integration and Environment Maintenance,Project Integration and Environment Maintenance,Merged
3171819372,feat,1300da657892dd05b51c55bda2a94a9b39fbc0ba,Functional Correctness Repair,User-Facing Interface and Interaction Refinement,User-Facing Interface and Interaction Refinement,Merged
3171819372,feat,1917214732a760fb9d9c97b1d00cec581ca837a2,User-Facing Interface and Interaction Refinement,User-Facing Interface and Interaction Refinement,User-Facing Interface and Interaction Refinement,Merged
3171819372,feat,1ad4eb22160fb4724ecea5631119da2c88b2094e,User-Facing Interface and Interaction Refinement,User-Facing Interface and Interaction Refinement,User-Facing Interface and Interaction Refinement,Merged
3171819372,feat,2a54df949ad9b699b8f462940a59d1177b24054c,Functional Correctness Repair,Code Convention Conformance,Code Convention Conformance,Merged
3171819372,feat,35853b57332c0f01c9cb1471ca63f064a83dcfe7,Functional Correctness Repair,User-Facing Interface and Interaction Refinement,User-Facing Interface and Interaction Refinement,Merged
3171819372,feat,896d1b1f3359df4c15c45e655895d0cabdf8aa3a,User-Facing Interface and Interaction Refinement,User-Facing Interface and Interaction Refinement,User-Facing Interface and Interaction Refinement,Merged
3171819372,feat,91fac19f5c6b088d4839527db050a0ec2b80683f,Functional Correctness Repair,User-Facing Interface and Interaction Refinement,User-Facing Interface and Interaction Refinement,Merged
3171819372,feat,96bb9a8d75c5427910a6b3e63389cedd3d17308c,User-Facing Interface and Interaction Refinement,User-Facing Interface and Interaction Refinement,User-Facing Interface and Interaction Refinement,Merged
3171819372,feat,ae8a74008d473839fda5d273e140d79f99729554,Functional Correctness Repair,User-Facing Interface and Interaction Refinement,User-Facing Interface and Interaction Refinement,Merged
3171819372,feat,b183f23bd6cd9544295f8ee0608204252a8e7195,User-Facing Interface and Interaction Refinement,Test and Validation Adjustment,Test and Validation Adjustment,Merged
3171819372,feat,e8ba38b52b767dd96506cfd3391f3b0a66057fc6,Project Integration and Environment Maintenance,Feature Completion or Extension,Feature Completion or Extension,Merged
3182466609,refactor,5039c5aec6296f62aa0d700ee8ee6dba546c08ac,Code Cleanup,Code Cleanup,Code Cleanup,Merged
3182466609,refactor,98bd8813b1600a08b310a197fcdec89243e4460b,Code Convention Conformance,Code Convention Conformance,Code Convention Conformance,Merged
3182466609,refactor,bdf5149480083e1fad927d3dd97cce3b5390cf19,Functional Correctness Repair,Project Integration and Environment Maintenance,Functional Correctness Repair,Merged
3191139773,fix,35c7a6a14182bb240433259246f74ebd5e51825f,Structural Refactoring,Functional Correctness Repair,Functional Correctness Repair,Merged
3191139773,fix,52e44186be26414cd4e695bb8f8cd694bd5c0d0b,Test and Validation Adjustment,Code Cleanup,Code Cleanup,Merged
3191139773,fix,5732e24fc279fd56a1dfa7471a24158146292fbf,Code Cleanup,Code Cleanup,Code Cleanup,Merged
3191139773,fix,8051d1e74eb4c07c4816b3fbef29da9ef5279b29,Functional Correctness Repair,Test and Validation Adjustment,Test and Validation Adjustment,Merged
3191139773,fix,de8fbe6a29f6cc08a20cfb88d9d45fe4e92576af,Feature Completion or Extension,Functional Correctness Repair,Functional Correctness Repair,Merged
3203376500,test,72419e317c9faa4d18c05c2c07463b9388d8e745,Documentation,Other,Documentation,Merged
3203376500,test,82e788c8b3d72001f5833be5c5bbdb4361921a99,Test and Validation Adjustment,Code Cleanup,Code Cleanup,Merged
2975842137,refactor,6855d2021f62921124f6344db3fe24b1a38e040e,Test and Validation Adjustment,Test and Validation Adjustment,Test and Validation Adjustment,Merged
2975842137,refactor,90efbb07f02c37d4c1fc32fb10b17c52ea2f7dd0,Code Convention Conformance,Code Convention Conformance,Code Convention Conformance,Merged
2975842137,refactor,94bc0fcdcc74743068eb3079216ea4f408ea6489,Test and Validation Adjustment,Test and Validation Adjustment,Test and Validation Adjustment,Merged