pr_id,human_modified_files,human_added_files,human_removed_files,agent_modified_files,agent_added_files,agent_removed_files
2756921963,0.0,0.0,0.0,14.0,7.0,0.0
2757103560,0.0,0.0,0.0,16.0,1.0,0.0
2757179026,4.0,9.0,0.0,2.0,4.0,0.0
2757829316,0.0,0.0,0.0,2.0,3.0,0.0
2758105942,0.0,0.0,0.0,7.0,0.0,0.0
2758200405,1.0,0.0,0.0,4.0,0.0,0.0
2758379503,0.0,0.0,0.0,3.0,3.0,0.0
2758636941,5.0,0.0,0.0,12.0,3.0,0.0
2760115428,2.0,0.0,0.0,3.0,0.0,0.0
2760117241,0.0,0.0,0.0,5.0,0.0,0.0
2760266883,0.0,0.0,0.0,1.0,0.0,0.0
2760297589,1.0,0.0,0.0,5.0,0.0,0.0
2760305985,0.0,0.0,0.0,4.0,2.0,0.0
2761288801,0.0,0.0,0.0,3.0,0.0,0.0
2761312980,0.0,0.0,0.0,1.0,0.0,0.0
2761411256,0.0,0.0,0.0,2.0,0.0,0.0
2761413721,1.0,0.0,0.0,1.0,0.0,0.0
2762054930,0.0,0.0,0.0,6.0,1.0,0.0
2762297369,1.0,0.0,0.0,8.0,0.0,0.0
2762301500,4.0,2.0,0.0,61.0,18.0,1.0
2763308355,0.0,0.0,0.0,3.0,3.0,0.0
2763430169,0.0,0.0,0.0,1.0,0.0,0.0
2763610953,0.0,0.0,0.0,6.0,1.0,0.0
2763678225,6.0,0.0,0.0,9.0,3.0,0.0
2763926843,0.0,0.0,0.0,10.0,3.0,0.0
2763955999,0.0,0.0,0.0,2.0,1.0,0.0
2764665933,8.0,2.0,2.0,17.0,2.0,0.0
2765532800,0.0,0.0,0.0,3.0,2.0,0.0
2765766260,0.0,0.0,0.0,0.0,9.0,0.0
2765835144,0.0,0.0,0.0,2.0,0.0,0.0
2765877627,0.0,0.0,0.0,3.0,0.0,0.0
2766353261,0.0,0.0,0.0,9.0,0.0,0.0
2766783930,0.0,0.0,0.0,8.0,1.0,0.0
2767408688,0.0,0.0,0.0,0.0,26.0,0.0
2767796873,56.0,0.0,0.0,30.0,2.0,0.0
2767838200,0.0,0.0,0.0,5.0,0.0,0.0
2767950239,0.0,0.0,0.0,1.0,1.0,0.0
2767960820,0.0,0.0,0.0,1.0,0.0,0.0
2768448959,0.0,0.0,0.0,5.0,0.0,0.0
2768454422,0.0,0.0,0.0,1.0,0.0,0.0
2768570229,0.0,0.0,0.0,5.0,1.0,0.0
2768631398,0.0,0.0,0.0,1.0,1.0,0.0
2768801424,0.0,0.0,0.0,10.0,1.0,0.0
2768861546,0.0,0.0,0.0,4.0,3.0,0.0
2769398002,0.0,0.0,0.0,3.0,1.0,0.0
2769546631,0.0,0.0,0.0,2.0,0.0,0.0
2769973551,0.0,0.0,0.0,2.0,0.0,0.0
2770730384,46.0,5.0,3.0,1.0,2.0,1.0
2770944230,0.0,0.0,0.0,4.0,1.0,0.0
2771182139,0.0,0.0,0.0,9.0,1.0,0.0
2771402284,0.0,0.0,0.0,11.0,7.0,2.0
2771428959,0.0,0.0,0.0,3.0,0.0,0.0
2771536472,0.0,0.0,0.0,2.0,1.0,0.0
2771538261,0.0,0.0,0.0,7.0,3.0,0.0
2771598346,0.0,0.0,0.0,2.0,2.0,0.0
2771684354,0.0,0.0,0.0,1.0,21.0,0.0
2772459642,0.0,0.0,0.0,4.0,1.0,0.0
2773663616,0.0,0.0,0.0,2.0,1.0,0.0
2773964481,0.0,0.0,0.0,38.0,1.0,0.0
2774090835,0.0,0.0,0.0,4.0,2.0,1.0
2774111740,0.0,0.0,0.0,0.0,2.0,0.0
2774379409,0.0,0.0,0.0,4.0,13.0,0.0
2775016444,0.0,0.0,0.0,11.0,5.0,0.0
2775040185,0.0,0.0,0.0,2.0,0.0,0.0
2775061735,0.0,0.0,0.0,2.0,0.0,0.0
2775199982,0.0,0.0,0.0,9.0,1.0,0.0
2775510990,0.0,0.0,0.0,5.0,5.0,0.0
2775913494,0.0,0.0,0.0,113.0,58.0,0.0
2775914094,0.0,0.0,0.0,5.0,1.0,0.0
2776592584,0.0,0.0,0.0,3.0,3.0,2.0
2776793311,64.0,57.0,0.0,18.0,1.0,0.0
2776797524,64.0,57.0,0.0,18.0,1.0,0.0
2776825485,64.0,57.0,0.0,211.0,40.0,49.0
2776831778,64.0,57.0,0.0,18.0,1.0,0.0
2776940475,0.0,0.0,0.0,1.0,0.0,0.0
2777165355,0.0,0.0,0.0,4.0,4.0,0.0
2777184851,0.0,0.0,0.0,0.0,6.0,0.0
2777919004,4.0,0.0,0.0,6.0,0.0,0.0
2778132201,0.0,0.0,0.0,20.0,3.0,0.0
2778468131,0.0,0.0,0.0,2.0,0.0,0.0
2778508344,0.0,0.0,0.0,6.0,1.0,0.0
2778991358,0.0,0.0,0.0,12.0,1.0,0.0
2779086517,0.0,0.0,0.0,26.0,7.0,0.0
2779120679,0.0,0.0,0.0,2.0,1.0,1.0
2779258612,0.0,0.0,0.0,1.0,0.0,0.0
2779356294,0.0,0.0,0.0,20.0,11.0,0.0
2779790975,0.0,0.0,0.0,13.0,5.0,61.0
2779799871,0.0,0.0,0.0,60.0,0.0,0.0
2780097022,0.0,0.0,0.0,5.0,3.0,0.0
2780170863,0.0,0.0,0.0,1.0,0.0,0.0
2780400636,0.0,0.0,0.0,9.0,0.0,0.0
2780647811,0.0,0.0,0.0,1.0,2.0,0.0
2780883677,0.0,0.0,0.0,1.0,0.0,0.0
2781582272,0.0,0.0,0.0,3.0,0.0,0.0
2781604779,0.0,0.0,0.0,1.0,1.0,0.0
2782133644,0.0,0.0,0.0,2.0,0.0,0.0
2782215003,15.0,0.0,0.0,3.0,2.0,0.0
2782215521,0.0,0.0,0.0,1.0,0.0,0.0
2782319973,0.0,0.0,0.0,2.0,0.0,0.0
2782321208,0.0,0.0,0.0,1.0,0.0,0.0
2782330828,0.0,0.0,0.0,1.0,0.0,0.0
2782413167,0.0,0.0,0.0,6.0,0.0,0.0
2782676212,0.0,0.0,0.0,12.0,5.0,0.0
2782722999,0.0,0.0,0.0,0.0,1.0,0.0
2783286259,11.0,2.0,0.0,6.0,4.0,2.0
2783341899,0.0,0.0,0.0,2.0,1.0,0.0
2784488870,2.0,0.0,0.0,1.0,0.0,0.0
2784500442,0.0,0.0,0.0,1.0,0.0,0.0
2784700018,0.0,0.0,0.0,9.0,0.0,0.0
2785589564,0.0,0.0,0.0,26.0,0.0,0.0
2785608814,0.0,0.0,0.0,22.0,1.0,0.0
2785628775,0.0,0.0,0.0,7.0,0.0,0.0
2785674579,0.0,0.0,0.0,1.0,2.0,0.0
2785728592,0.0,0.0,0.0,7.0,1.0,0.0
2786312650,0.0,0.0,0.0,3.0,2.0,0.0
2786817367,0.0,0.0,0.0,0.0,8.0,0.0
2786819123,0.0,0.0,0.0,4.0,0.0,0.0
2787618893,0.0,0.0,0.0,3.0,1.0,0.0
2788059326,0.0,0.0,0.0,2.0,1.0,0.0
2788087431,2.0,0.0,0.0,2.0,0.0,0.0
2790021945,0.0,0.0,0.0,6.0,3.0,0.0
2790117302,0.0,0.0,0.0,2.0,0.0,0.0
2790868866,0.0,0.0,0.0,18.0,4.0,2.0
2791079062,1.0,0.0,0.0,4.0,2.0,0.0
2792145491,0.0,0.0,0.0,4.0,0.0,0.0
2792149320,0.0,0.0,0.0,1.0,0.0,0.0
2792408196,0.0,0.0,0.0,2.0,0.0,0.0
2792640916,0.0,0.0,0.0,16.0,1.0,0.0
2792917419,0.0,0.0,0.0,4.0,1.0,0.0
2792918251,0.0,0.0,0.0,6.0,1.0,0.0
2793293460,0.0,1.0,1.0,1.0,1.0,0.0
2793404178,0.0,0.0,0.0,0.0,1.0,0.0
2793548898,0.0,0.0,0.0,1.0,0.0,0.0
2793592645,0.0,0.0,0.0,8.0,6.0,0.0
2793729508,0.0,0.0,0.0,2.0,0.0,0.0
2794276099,0.0,0.0,0.0,2.0,1.0,0.0
2794616611,0.0,0.0,0.0,15.0,5.0,0.0
2795913938,0.0,0.0,0.0,1.0,0.0,0.0
2795922231,0.0,0.0,0.0,1.0,0.0,0.0
2795964105,0.0,0.0,0.0,2.0,2.0,0.0
2795968909,0.0,0.0,0.0,5.0,4.0,0.0
2796009360,1.0,0.0,0.0,2.0,0.0,0.0
2796014467,0.0,0.0,0.0,1.0,0.0,0.0
2796059303,2.0,0.0,0.0,2.0,0.0,0.0
2796401274,0.0,0.0,0.0,1.0,0.0,0.0
2796914337,0.0,0.0,0.0,10.0,11.0,0.0
2797184843,0.0,0.0,0.0,7.0,4.0,0.0
2797405312,36.0,0.0,0.0,1.0,0.0,0.0
2797482849,1.0,0.0,0.0,2.0,1.0,0.0
2797854568,0.0,0.0,0.0,3.0,0.0,0.0
2798302866,6.0,0.0,0.0,4.0,2.0,1.0
2798574828,0.0,0.0,0.0,2.0,0.0,0.0
2798738981,0.0,0.0,0.0,3.0,4.0,0.0
2798930478,0.0,0.0,0.0,3.0,0.0,0.0
2798936903,0.0,0.0,0.0,2.0,0.0,0.0
2799104941,1.0,25.0,0.0,22.0,3.0,0.0
2800258838,0.0,0.0,0.0,6.0,2.0,0.0
2800344224,0.0,0.0,0.0,8.0,1.0,0.0
2800769710,5.0,0.0,0.0,2.0,1.0,0.0
2801155743,0.0,0.0,0.0,3.0,9.0,0.0
2801228245,0.0,0.0,0.0,8.0,0.0,1.0
2801240170,0.0,0.0,0.0,1.0,0.0,0.0
2802381070,2.0,0.0,0.0,2.0,0.0,0.0
2802436731,0.0,0.0,2.0,7.0,10.0,2.0
2802453203,0.0,0.0,0.0,1.0,0.0,0.0
2802488198,0.0,0.0,0.0,1.0,0.0,0.0
2802753751,0.0,0.0,0.0,2.0,0.0,0.0
2802903114,0.0,0.0,0.0,6.0,0.0,0.0
2804518743,0.0,0.0,0.0,29.0,0.0,0.0
2804813358,0.0,0.0,0.0,6.0,0.0,0.0
2807264449,0.0,0.0,0.0,3.0,32.0,0.0
2808529193,0.0,0.0,0.0,4.0,5.0,0.0
2810507098,0.0,0.0,0.0,2.0,0.0,0.0
2811904649,0.0,0.0,0.0,3.0,0.0,0.0
2812036934,0.0,0.0,0.0,4.0,0.0,0.0
2812241515,0.0,0.0,0.0,2.0,0.0,0.0
2812241832,0.0,0.0,0.0,4.0,1.0,0.0
2812399095,100.0,8.0,3.0,33.0,3.0,3.0
2813961093,0.0,0.0,0.0,1.0,0.0,0.0
2814227883,0.0,0.0,0.0,8.0,5.0,0.0
2814329360,0.0,0.0,0.0,6.0,16.0,0.0
2814377516,0.0,0.0,0.0,48.0,0.0,0.0
2814591669,0.0,0.0,0.0,3.0,0.0,0.0
2815602191,14.0,0.0,0.0,27.0,0.0,0.0
2816120661,0.0,0.0,0.0,0.0,1.0,0.0
2816206620,0.0,0.0,0.0,2.0,1.0,0.0
2816207599,0.0,0.0,0.0,4.0,1.0,0.0
2816227864,0.0,0.0,0.0,15.0,39.0,0.0
2816232160,0.0,0.0,0.0,5.0,2.0,0.0
2816307186,0.0,0.0,0.0,8.0,5.0,0.0
2816382668,0.0,0.0,0.0,21.0,11.0,4.0
2816532850,0.0,0.0,0.0,2.0,0.0,0.0
2816685388,0.0,0.0,0.0,2.0,0.0,0.0
2817177399,11.0,7.0,0.0,12.0,15.0,0.0
2818457348,0.0,0.0,0.0,9.0,0.0,0.0
2819638763,0.0,0.0,0.0,2.0,0.0,0.0
2819650730,0.0,0.0,0.0,8.0,0.0,0.0
2819751239,0.0,0.0,0.0,3.0,2.0,0.0
2819798794,0.0,0.0,0.0,3.0,2.0,0.0
2820738300,0.0,0.0,0.0,5.0,0.0,0.0
2821574994,0.0,0.0,0.0,5.0,3.0,0.0
2821630075,0.0,0.0,0.0,5.0,5.0,0.0
2821981350,0.0,0.0,0.0,3.0,1.0,0.0
2822168236,0.0,0.0,3.0,9.0,4.0,0.0
2822490692,0.0,0.0,0.0,7.0,2.0,0.0
2822603073,0.0,0.0,0.0,4.0,2.0,0.0
2824074793,0.0,0.0,0.0,2.0,0.0,0.0
2824163339,0.0,0.0,0.0,2.0,13.0,3.0
2824270583,0.0,0.0,0.0,3.0,1.0,0.0
2825676107,0.0,0.0,0.0,1.0,0.0,0.0
2825700983,0.0,0.0,0.0,3.0,1.0,0.0
2825772024,19.0,5.0,5.0,14.0,19.0,2.0
2825989939,0.0,0.0,0.0,3.0,1.0,0.0
2825991690,0.0,0.0,0.0,3.0,3.0,0.0
2826018855,1.0,0.0,0.0,3.0,1.0,0.0
2826132392,0.0,0.0,0.0,3.0,0.0,0.0
2826303389,0.0,0.0,0.0,1.0,0.0,0.0
2826904500,0.0,0.0,0.0,7.0,0.0,0.0
2827070017,0.0,0.0,0.0,2.0,0.0,0.0
2827862538,8.0,0.0,1.0,10.0,14.0,0.0
2827936716,0.0,0.0,0.0,4.0,1.0,0.0
2828751695,0.0,0.0,0.0,3.0,1.0,0.0
2830596110,0.0,0.0,0.0,57.0,0.0,0.0
2830967349,0.0,0.0,0.0,4.0,2.0,0.0
2831622547,0.0,0.0,0.0,4.0,2.0,0.0
2832330579,0.0,0.0,0.0,13.0,4.0,0.0
2832531846,2.0,0.0,1.0,15.0,2.0,0.0
2832575560,0.0,0.0,0.0,17.0,3.0,0.0
2832678777,0.0,0.0,0.0,4.0,4.0,0.0
2832745424,0.0,0.0,0.0,16.0,4.0,0.0
2833310522,3.0,0.0,0.0,3.0,1.0,0.0
2833741234,0.0,0.0,0.0,2.0,3.0,0.0
2833789929,0.0,0.0,0.0,4.0,0.0,0.0
2833954603,0.0,0.0,0.0,3.0,2.0,0.0
2834302117,0.0,0.0,0.0,7.0,1.0,0.0
2834395087,2.0,0.0,0.0,3.0,1.0,0.0
2834594365,0.0,0.0,0.0,1.0,1.0,0.0
2834928458,0.0,0.0,0.0,2.0,0.0,0.0
2835588152,0.0,0.0,0.0,2.0,1.0,0.0
2835589635,0.0,0.0,0.0,0.0,1.0,0.0
2836251474,0.0,0.0,0.0,12.0,1.0,0.0
2836582189,0.0,0.0,0.0,7.0,9.0,0.0
2836651889,0.0,0.0,0.0,1.0,0.0,0.0
2836928725,0.0,0.0,0.0,19.0,10.0,0.0
2836984102,1.0,0.0,0.0,5.0,3.0,0.0
2836994029,0.0,0.0,0.0,2.0,1.0,0.0
2837154464,0.0,0.0,0.0,2.0,0.0,0.0
2837160967,0.0,0.0,0.0,2.0,0.0,0.0
2838401502,0.0,0.0,0.0,8.0,0.0,0.0
2838703244,0.0,0.0,0.0,4.0,1.0,0.0
2838744329,0.0,0.0,0.0,1.0,0.0,0.0
2838805191,0.0,0.0,0.0,14.0,0.0,0.0
2838835712,0.0,0.0,0.0,11.0,0.0,6.0
2838987433,0.0,0.0,0.0,4.0,0.0,0.0
2839156594,0.0,0.0,0.0,5.0,4.0,0.0
2839235152,0.0,0.0,0.0,1.0,0.0,0.0
2839243895,0.0,0.0,0.0,4.0,1.0,0.0
2839268319,0.0,0.0,0.0,1.0,0.0,0.0
2839342730,0.0,0.0,0.0,24.0,3.0,0.0
2839409936,0.0,0.0,0.0,3.0,2.0,0.0
2839805003,0.0,0.0,0.0,0.0,1.0,0.0
2839806041,0.0,0.0,0.0,4.0,5.0,1.0
2840453828,0.0,0.0,0.0,4.0,1.0,0.0
2840469667,0.0,0.0,0.0,4.0,0.0,0.0
2840540666,1.0,0.0,0.0,3.0,4.0,0.0
2840922653,0.0,0.0,0.0,7.0,5.0,0.0
2840926622,0.0,0.0,0.0,4.0,1.0,0.0
2840948389,0.0,0.0,0.0,4.0,0.0,0.0
2840957018,0.0,0.0,0.0,4.0,0.0,0.0
2840961890,0.0,0.0,0.0,4.0,0.0,0.0
2840965814,0.0,0.0,0.0,5.0,0.0,0.0
2840970710,0.0,0.0,0.0,6.0,0.0,0.0
2840986793,0.0,0.0,0.0,6.0,0.0,0.0
2840989266,0.0,0.0,0.0,5.0,0.0,0.0
2840993604,0.0,0.0,0.0,4.0,0.0,0.0
2840996945,0.0,0.0,0.0,4.0,0.0,0.0
2841002189,0.0,0.0,0.0,4.0,2.0,0.0
2841020962,0.0,0.0,0.0,3.0,0.0,0.0
2841023413,0.0,0.0,0.0,32.0,9.0,2.0
2841023696,0.0,0.0,0.0,5.0,0.0,0.0
2841027811,0.0,0.0,0.0,5.0,1.0,1.0
2841184790,1.0,0.0,0.0,3.0,6.0,0.0
2841642798,0.0,0.0,0.0,1.0,0.0,0.0
2841678167,0.0,0.0,0.0,1.0,0.0,0.0
2843181529,6.0,0.0,0.0,2.0,0.0,0.0
2844207207,2.0,0.0,0.0,7.0,0.0,0.0
2844229241,0.0,0.0,0.0,4.0,81.0,3.0
2844243754,0.0,0.0,0.0,1.0,0.0,0.0
2844251494,3.0,0.0,0.0,4.0,1.0,0.0
2844421337,0.0,0.0,0.0,21.0,0.0,0.0
2844823405,0.0,0.0,0.0,10.0,0.0,0.0
2844977926,0.0,0.0,0.0,4.0,0.0,0.0
2845056645,0.0,0.0,0.0,5.0,2.0,0.0
2845114081,0.0,0.0,0.0,9.0,0.0,0.0
2845284585,0.0,0.0,0.0,2.0,1.0,0.0
2845290604,0.0,0.0,0.0,1.0,1.0,0.0
2846355330,2.0,0.0,0.0,2.0,0.0,0.0
2846430328,0.0,0.0,0.0,0.0,2.0,0.0
2846503242,0.0,0.0,0.0,2.0,1.0,0.0
2847298223,0.0,0.0,0.0,2.0,1.0,0.0
2847876982,0.0,0.0,0.0,3.0,9.0,1.0
2847911595,0.0,0.0,0.0,2.0,0.0,0.0
2848696493,0.0,0.0,0.0,0.0,3.0,0.0
2848928303,0.0,0.0,0.0,3.0,4.0,0.0
2849307912,0.0,0.0,0.0,7.0,0.0,0.0
2849317494,0.0,0.0,0.0,14.0,43.0,0.0
2849430289,0.0,0.0,0.0,3.0,1.0,0.0
2850305778,0.0,0.0,0.0,5.0,3.0,0.0
2850852315,31.0,34.0,4.0,3.0,0.0,0.0
2851725492,0.0,0.0,0.0,1.0,0.0,0.0
2851878783,0.0,0.0,0.0,3.0,0.0,0.0
2851923293,0.0,0.0,0.0,30.0,15.0,0.0
2852540548,0.0,0.0,0.0,1.0,0.0,0.0
2852554007,0.0,0.0,0.0,1.0,0.0,0.0
2852623041,40.0,0.0,0.0,17.0,0.0,0.0
2852758339,0.0,0.0,0.0,4.0,6.0,0.0
2852781932,0.0,0.0,0.0,2.0,1.0,0.0
2852832384,0.0,0.0,0.0,1.0,0.0,0.0
2852999856,0.0,0.0,0.0,2.0,0.0,0.0
2854160310,0.0,0.0,0.0,4.0,2.0,0.0
2854427867,0.0,0.0,0.0,1.0,0.0,0.0
2854490437,0.0,0.0,0.0,1.0,0.0,0.0
2854516270,0.0,0.0,0.0,3.0,0.0,0.0
2854640179,0.0,0.0,0.0,5.0,0.0,0.0
2854651966,0.0,0.0,0.0,3.0,4.0,0.0
2854654856,0.0,0.0,0.0,1.0,1.0,0.0
2854721329,1.0,0.0,0.0,3.0,1.0,0.0
2854753465,0.0,0.0,0.0,4.0,1.0,0.0
2854995975,0.0,0.0,0.0,3.0,2.0,0.0
2855550282,0.0,0.0,0.0,7.0,0.0,0.0
2855564745,0.0,0.0,0.0,3.0,0.0,0.0
2855657962,0.0,0.0,0.0,2.0,0.0,0.0
2855672070,0.0,0.0,0.0,1.0,0.0,0.0
2855709039,0.0,0.0,0.0,4.0,0.0,0.0
2855886389,0.0,0.0,0.0,1.0,2.0,0.0
2855893938,0.0,0.0,0.0,2.0,0.0,0.0
2856344341,0.0,0.0,0.0,3.0,0.0,0.0
2856396455,0.0,0.0,0.0,0.0,18.0,0.0
2857103111,0.0,0.0,0.0,2.0,0.0,0.0
2857279950,0.0,0.0,0.0,1.0,0.0,0.0
2858280902,0.0,0.0,0.0,1.0,0.0,0.0
2858594058,0.0,0.0,0.0,1.0,33.0,19.0
2858602021,0.0,0.0,0.0,2.0,33.0,19.0
2858925132,0.0,0.0,0.0,2.0,1.0,0.0
2858974143,0.0,0.0,0.0,2.0,0.0,0.0
2858986352,0.0,0.0,0.0,4.0,2.0,0.0
2859077171,0.0,0.0,0.0,38.0,0.0,0.0
2859112713,0.0,0.0,0.0,4.0,0.0,0.0
2859315618,0.0,0.0,0.0,2.0,0.0,0.0
2859359419,0.0,0.0,0.0,2.0,0.0,0.0
2859612144,0.0,0.0,0.0,8.0,0.0,0.0
2860366980,0.0,0.0,0.0,1.0,0.0,0.0
2860434821,0.0,0.0,0.0,1.0,0.0,0.0
2860524344,0.0,0.0,0.0,1.0,0.0,0.0
2860598080,0.0,0.0,0.0,4.0,0.0,0.0
2861225683,0.0,0.0,0.0,5.0,0.0,0.0
2861275346,0.0,0.0,0.0,1.0,0.0,0.0
2861541607,0.0,0.0,0.0,1.0,0.0,0.0
2861673771,0.0,0.0,0.0,4.0,0.0,0.0
2861780617,0.0,0.0,0.0,7.0,0.0,0.0
2861793133,0.0,0.0,0.0,6.0,1.0,0.0
2861953025,0.0,0.0,0.0,8.0,0.0,0.0
2863301033,0.0,0.0,0.0,3.0,0.0,0.0
2863364519,0.0,0.0,0.0,1.0,0.0,0.0
2863678024,0.0,0.0,0.0,8.0,1.0,0.0
2864026064,0.0,0.0,0.0,1.0,0.0,0.0
2864646601,0.0,0.0,0.0,1.0,1.0,0.0
2864832979,0.0,0.0,0.0,8.0,2.0,0.0
2864881392,0.0,0.0,0.0,1.0,1.0,0.0
2866064019,0.0,0.0,0.0,5.0,0.0,0.0
2866530223,0.0,0.0,0.0,2.0,0.0,0.0
2866718872,0.0,0.0,0.0,3.0,1.0,0.0
2866881273,0.0,0.0,0.0,2.0,4.0,5.0
2867049623,0.0,0.0,0.0,1.0,16.0,10.0
2867174561,0.0,0.0,0.0,2.0,1.0,0.0
2867245861,0.0,0.0,0.0,2.0,0.0,1.0
2867739342,0.0,0.0,0.0,5.0,0.0,0.0
2868356535,0.0,0.0,0.0,6.0,3.0,0.0
2868408082,0.0,0.0,0.0,6.0,3.0,0.0
2868792153,0.0,0.0,0.0,2.0,0.0,0.0
2869721995,0.0,0.0,0.0,2.0,1.0,0.0
2869934120,0.0,0.0,0.0,0.0,2.0,2.0
2870022451,0.0,0.0,0.0,11.0,7.0,6.0
2870047901,0.0,0.0,0.0,6.0,3.0,3.0
2870152288,0.0,0.0,0.0,3.0,0.0,0.0
2870333037,0.0,0.0,0.0,2.0,1.0,0.0
2870521302,0.0,0.0,0.0,4.0,0.0,0.0
2870925290,0.0,0.0,0.0,1.0,1.0,0.0
2870989734,0.0,0.0,0.0,4.0,0.0,0.0
2871083888,0.0,0.0,0.0,2.0,0.0,0.0
2872803173,0.0,0.0,0.0,1.0,0.0,0.0
2873094143,0.0,0.0,0.0,4.0,0.0,0.0
2873234554,0.0,0.0,0.0,6.0,0.0,0.0
2874003424,0.0,0.0,0.0,32.0,23.0,11.0
2874011496,0.0,0.0,0.0,53.0,23.0,2.0
2874576529,0.0,0.0,0.0,3.0,0.0,0.0
2874930848,0.0,0.0,0.0,3.0,0.0,0.0
2875828456,0.0,0.0,0.0,23.0,12.0,1.0
2875841288,0.0,0.0,0.0,4.0,15.0,0.0
2875895538,0.0,0.0,0.0,7.0,3.0,2.0
2876006908,2.0,0.0,0.0,6.0,0.0,0.0
2876464228,0.0,0.0,0.0,4.0,4.0,0.0
2876473421,0.0,0.0,0.0,2.0,4.0,1.0
2876474344,0.0,0.0,0.0,2.0,8.0,4.0
2876474366,0.0,0.0,0.0,2.0,3.0,0.0
2876476091,0.0,0.0,0.0,2.0,3.0,0.0
2876476358,0.0,0.0,0.0,3.0,4.0,0.0
2876477909,0.0,0.0,0.0,4.0,6.0,3.0
2876479825,0.0,0.0,0.0,5.0,9.0,5.0
2876482299,0.0,0.0,0.0,8.0,20.0,10.0
2876483432,0.0,0.0,0.0,2.0,6.0,0.0
2876486205,0.0,0.0,0.0,1.0,2.0,0.0
2876487591,0.0,0.0,0.0,1.0,4.0,2.0
2876533575,0.0,0.0,0.0,1.0,0.0,0.0
2877039328,0.0,0.0,0.0,0.0,10.0,0.0
2877141068,0.0,0.0,0.0,2.0,0.0,0.0
2877977077,0.0,0.0,0.0,2.0,0.0,0.0
2878399010,0.0,0.0,0.0,4.0,1.0,0.0
2878438336,0.0,0.0,0.0,2.0,1.0,0.0
2879085922,0.0,0.0,0.0,1.0,0.0,0.0
2879237385,0.0,0.0,0.0,14.0,23.0,1.0
2879247217,0.0,0.0,0.0,3.0,4.0,0.0
2879262208,0.0,0.0,0.0,5.0,1.0,0.0
2879357440,0.0,0.0,0.0,1.0,0.0,0.0
2879427595,0.0,0.0,0.0,2.0,0.0,0.0
2879724447,0.0,0.0,0.0,1.0,1.0,0.0
2879844166,0.0,0.0,0.0,45.0,19.0,0.0
2879873474,0.0,0.0,0.0,44.0,1.0,0.0
2879976340,0.0,0.0,0.0,1.0,0.0,0.0
2880031446,0.0,0.0,0.0,2.0,0.0,0.0
2880121831,0.0,0.0,0.0,4.0,1.0,0.0
2880839931,0.0,0.0,0.0,2.0,1.0,0.0
2881667376,28.0,27.0,10.0,6.0,79.0,0.0
2881814219,0.0,0.0,0.0,1.0,0.0,0.0
2881946639,0.0,0.0,0.0,1.0,0.0,0.0
2881953650,0.0,0.0,0.0,2.0,2.0,0.0
2882070723,0.0,0.0,0.0,1.0,0.0,0.0
2882116956,0.0,0.0,0.0,12.0,1.0,0.0
2883065848,0.0,0.0,0.0,2.0,3.0,0.0
2883135223,0.0,0.0,0.0,2.0,0.0,0.0
2883187795,0.0,0.0,0.0,5.0,9.0,2.0
2883276586,0.0,0.0,0.0,1.0,1.0,0.0
2883366695,0.0,0.0,0.0,5.0,4.0,0.0
2883441964,0.0,0.0,0.0,3.0,0.0,0.0
2884581493,0.0,0.0,0.0,4.0,1.0,0.0
2885068224,0.0,0.0,0.0,1.0,0.0,0.0
2885078952,0.0,0.0,0.0,0.0,0.0,0.0
2885090278,0.0,0.0,0.0,1.0,2.0,1.0
2885477934,0.0,0.0,0.0,13.0,0.0,0.0
2886001243,0.0,0.0,0.0,9.0,7.0,0.0
2886079850,0.0,0.0,0.0,0.0,20.0,0.0
2886103948,0.0,0.0,0.0,1.0,0.0,0.0
2886107789,0.0,0.0,0.0,58.0,3.0,0.0
2886115305,0.0,0.0,0.0,12.0,0.0,0.0
2886171819,0.0,0.0,0.0,1.0,0.0,0.0
2886698699,0.0,0.0,0.0,6.0,1.0,0.0
2886753141,0.0,0.0,0.0,6.0,1.0,0.0
2886874246,0.0,0.0,0.0,2.0,0.0,0.0
2887130544,0.0,0.0,0.0,3.0,0.0,0.0
2887393377,0.0,0.0,0.0,3.0,0.0,0.0
2887535309,0.0,0.0,0.0,5.0,2.0,0.0
2887573861,0.0,0.0,0.0,5.0,2.0,0.0
2887586185,1.0,0.0,0.0,4.0,0.0,0.0
2887662785,0.0,0.0,0.0,5.0,2.0,0.0
2887680476,0.0,0.0,0.0,5.0,4.0,0.0
2887687817,0.0,0.0,0.0,3.0,1.0,0.0
2887773021,0.0,0.0,0.0,1.0,0.0,0.0
2887809365,0.0,0.0,0.0,1.0,0.0,0.0
2887960043,0.0,0.0,0.0,0.0,1.0,0.0
2887966124,0.0,0.0,0.0,1.0,1.0,0.0
2888185420,40.0,1.0,1.0,0.0,0.0,0.0
2888223222,0.0,0.0,0.0,43.0,19.0,0.0
2888655394,0.0,0.0,0.0,1.0,0.0,0.0
2888657232,0.0,0.0,0.0,1.0,0.0,0.0
2889089910,2.0,0.0,0.0,2.0,1.0,1.0
2889180264,0.0,0.0,0.0,3.0,0.0,0.0
2889184823,0.0,0.0,0.0,5.0,0.0,0.0
2889243475,0.0,0.0,0.0,2.0,0.0,0.0
2889304556,0.0,0.0,0.0,1.0,1.0,0.0
2889429365,0.0,0.0,0.0,2.0,1.0,0.0
2889476862,0.0,0.0,0.0,1.0,0.0,0.0
2889490163,0.0,0.0,0.0,1.0,0.0,0.0
2889495515,0.0,0.0,0.0,2.0,0.0,0.0
2889644644,0.0,0.0,0.0,1.0,0.0,0.0
2889835337,0.0,0.0,0.0,5.0,2.0,0.0
2889875255,2.0,0.0,0.0,6.0,0.0,0.0
2889991519,0.0,0.0,0.0,17.0,0.0,0.0
2890563538,0.0,0.0,0.0,3.0,2.0,0.0
2891467242,0.0,0.0,0.0,2.0,1.0,0.0
2891871225,0.0,0.0,0.0,1.0,0.0,0.0
2892326421,0.0,0.0,0.0,6.0,7.0,0.0
2892364501,0.0,1.0,0.0,1.0,0.0,0.0
2892443818,2.0,0.0,0.0,1.0,0.0,0.0
2892658334,0.0,0.0,0.0,15.0,32.0,0.0
2892892782,0.0,0.0,0.0,4.0,1.0,0.0
2893058469,0.0,0.0,0.0,3.0,0.0,0.0
2893109657,0.0,0.0,0.0,5.0,0.0,0.0
2893236471,0.0,0.0,0.0,4.0,1.0,0.0
2893238052,0.0,0.0,0.0,1.0,0.0,0.0
2893291911,0.0,0.0,0.0,2.0,0.0,0.0
2893535875,0.0,0.0,0.0,3.0,0.0,0.0
2894762370,0.0,0.0,0.0,4.0,1.0,0.0
2894862894,0.0,0.0,0.0,3.0,4.0,0.0
2894899022,0.0,0.0,0.0,2.0,0.0,0.0
2894937008,0.0,0.0,0.0,2.0,1.0,0.0
2895276080,0.0,0.0,0.0,14.0,2.0,0.0
2895276856,1.0,0.0,0.0,3.0,1.0,0.0
2895289652,0.0,0.0,0.0,2.0,1.0,0.0
2895731914,0.0,0.0,0.0,5.0,1.0,0.0
2895782134,0.0,0.0,0.0,1.0,0.0,0.0
2895789917,0.0,0.0,0.0,2.0,1.0,0.0
2895840786,2.0,0.0,0.0,1.0,0.0,0.0
2895920994,0.0,0.0,0.0,10.0,0.0,0.0
2895972880,0.0,0.0,0.0,2.0,0.0,0.0
2896014180,0.0,0.0,0.0,22.0,0.0,0.0
2896027319,0.0,0.0,0.0,4.0,5.0,0.0
2896167895,0.0,0.0,0.0,2.0,0.0,0.0
2896371903,8.0,0.0,0.0,12.0,0.0,0.0
2896388103,0.0,0.0,0.0,3.0,1.0,0.0
2896791270,0.0,0.0,0.0,0.0,1.0,0.0
2897155784,0.0,0.0,0.0,2.0,1.0,0.0
2897533176,5.0,0.0,0.0,1.0,9.0,0.0
2898303479,0.0,0.0,0.0,2.0,0.0,0.0
2898351864,3.0,0.0,0.0,18.0,5.0,0.0
2898666158,0.0,0.0,0.0,2.0,1.0,0.0
2898708275,0.0,0.0,0.0,2.0,2.0,0.0
2899033763,0.0,0.0,0.0,11.0,2.0,0.0
2899281117,0.0,0.0,0.0,7.0,2.0,0.0
2899415257,0.0,0.0,0.0,1.0,0.0,0.0
2899419096,0.0,0.0,0.0,4.0,0.0,0.0
2899427895,0.0,0.0,0.0,1.0,0.0,0.0
2899428182,0.0,0.0,0.0,2.0,0.0,0.0
2899450757,0.0,0.0,0.0,3.0,0.0,0.0
2899726655,0.0,0.0,0.0,5.0,0.0,0.0
2900044993,0.0,0.0,0.0,3.0,0.0,0.0
2900058289,0.0,0.0,0.0,2.0,0.0,0.0
2900306412,0.0,0.0,0.0,1.0,0.0,0.0
2900790914,0.0,0.0,0.0,6.0,0.0,0.0
2901546716,0.0,0.0,0.0,1.0,0.0,0.0
2901577117,0.0,0.0,0.0,2.0,0.0,0.0
2901672003,0.0,0.0,0.0,3.0,0.0,0.0
2901677234,2.0,0.0,0.0,6.0,1.0,0.0
2901688039,0.0,0.0,0.0,1.0,5.0,0.0
2901959237,0.0,0.0,0.0,1.0,0.0,0.0
2902818768,0.0,0.0,0.0,3.0,0.0,0.0
2902873141,1.0,0.0,0.0,1.0,0.0,0.0
2902945011,0.0,0.0,0.0,1.0,0.0,0.0
2902945589,0.0,0.0,0.0,1.0,0.0,0.0
2902946216,0.0,0.0,0.0,1.0,0.0,0.0
2903255028,1.0,0.0,0.0,6.0,1.0,0.0
2903765641,0.0,0.0,0.0,1.0,0.0,0.0
2903812633,0.0,0.0,0.0,17.0,0.0,0.0
2903833367,0.0,0.0,0.0,2.0,0.0,0.0
2904018356,0.0,0.0,0.0,8.0,21.0,0.0
2904296517,0.0,0.0,0.0,1.0,1.0,0.0
2904987535,0.0,0.0,0.0,2.0,1.0,0.0
2905015336,0.0,0.0,0.0,0.0,10.0,0.0
2905139501,0.0,0.0,0.0,1.0,0.0,0.0
2905505885,2.0,0.0,0.0,1.0,3.0,0.0
2905555955,0.0,0.0,0.0,0.0,228.0,0.0
2905716327,0.0,0.0,0.0,4.0,0.0,0.0
2905748105,0.0,0.0,0.0,8.0,0.0,0.0
2905777305,0.0,0.0,0.0,6.0,4.0,0.0
2905889728,0.0,0.0,0.0,1.0,0.0,0.0
2906301362,5.0,0.0,0.0,1.0,0.0,0.0
2906318159,5.0,0.0,0.0,1.0,2.0,0.0
2907636333,0.0,0.0,0.0,1.0,0.0,0.0
2907769651,0.0,0.0,0.0,4.0,0.0,0.0
2907924502,0.0,0.0,0.0,3.0,1.0,0.0
2908524210,0.0,0.0,0.0,10.0,3.0,0.0
2908671322,0.0,0.0,0.0,2.0,1.0,0.0
2908921513,0.0,0.0,0.0,2.0,0.0,0.0
2908945573,0.0,0.0,0.0,3.0,1.0,0.0
2908966541,0.0,0.0,0.0,3.0,0.0,0.0
2909013698,2.0,0.0,0.0,6.0,1.0,0.0
2909044904,1.0,0.0,0.0,2.0,1.0,0.0
2909078179,0.0,0.0,0.0,2.0,2.0,0.0
2909088482,0.0,0.0,0.0,3.0,2.0,0.0
2909101746,0.0,0.0,0.0,3.0,1.0,0.0
2909209524,0.0,0.0,0.0,7.0,1.0,0.0
2909437363,0.0,0.0,0.0,2.0,1.0,0.0
2909466588,0.0,0.0,0.0,2.0,1.0,0.0
2909481076,5.0,0.0,0.0,2.0,2.0,0.0
2909510588,5.0,0.0,0.0,4.0,7.0,0.0
2909640593,0.0,0.0,0.0,3.0,0.0,0.0
2909659644,0.0,0.0,0.0,2.0,1.0,0.0
2909997192,0.0,0.0,0.0,3.0,1.0,1.0
2910040277,0.0,0.0,0.0,1.0,0.0,0.0
2910071529,0.0,0.0,0.0,1.0,0.0,0.0
2911674517,0.0,0.0,0.0,4.0,0.0,0.0
2912546402,0.0,0.0,0.0,3.0,1.0,0.0
2912794569,0.0,0.0,0.0,0.0,8.0,0.0
2912845580,21.0,0.0,0.0,1.0,0.0,0.0
2913378077,0.0,0.0,0.0,2.0,5.0,0.0
2913956135,0.0,0.0,0.0,2.0,1.0,0.0
2913988951,0.0,0.0,0.0,2.0,2.0,0.0
2914241879,0.0,0.0,0.0,2.0,2.0,0.0
2914247752,0.0,0.0,0.0,1.0,0.0,0.0
2914277614,1.0,0.0,0.0,1.0,0.0,0.0
2914287594,0.0,0.0,0.0,0.0,1.0,0.0
2914387943,22.0,0.0,0.0,9.0,6.0,0.0
2914424485,0.0,0.0,0.0,3.0,9.0,0.0
2914433643,22.0,0.0,0.0,10.0,6.0,0.0
2914446710,0.0,0.0,0.0,1.0,0.0,0.0
2914453633,0.0,0.0,0.0,4.0,6.0,0.0
2914472961,0.0,0.0,0.0,1.0,1.0,0.0
2914474920,0.0,0.0,0.0,28.0,1.0,24.0
2915434952,0.0,0.0,0.0,1.0,163.0,0.0
2915517113,0.0,0.0,0.0,1.0,1.0,0.0
2915657286,0.0,0.0,0.0,8.0,3.0,0.0
2915901814,0.0,0.0,0.0,1.0,1.0,0.0
2916312401,0.0,0.0,0.0,3.0,2.0,0.0
2916976581,0.0,0.0,0.0,3.0,1.0,0.0
2917728795,0.0,0.0,0.0,3.0,1.0,0.0
2917997768,16.0,8.0,9.0,0.0,0.0,0.0
2918003090,16.0,8.0,9.0,0.0,0.0,0.0
2918198824,0.0,0.0,0.0,4.0,2.0,0.0
2918417155,0.0,0.0,0.0,6.0,10.0,0.0
2918419976,0.0,0.0,0.0,4.0,4.0,0.0
2918508503,0.0,0.0,0.0,1.0,0.0,0.0
2918513256,0.0,0.0,0.0,1.0,3.0,0.0
2918518626,0.0,0.0,0.0,3.0,2.0,0.0
2918519625,0.0,0.0,0.0,2.0,4.0,0.0
2918600215,0.0,0.0,0.0,9.0,0.0,0.0
2919292395,0.0,0.0,0.0,8.0,3.0,0.0
2919829243,0.0,0.0,0.0,2.0,1.0,0.0
2920251598,0.0,0.0,0.0,7.0,1.0,0.0
2920643163,0.0,0.0,0.0,56.0,0.0,1.0
2920918839,0.0,0.0,0.0,1.0,0.0,0.0
2920934860,0.0,0.0,0.0,3.0,0.0,0.0
2920951577,0.0,0.0,0.0,3.0,0.0,0.0
2920955200,0.0,0.0,0.0,3.0,0.0,0.0
2920999550,2.0,0.0,0.0,2.0,0.0,0.0
2921449514,0.0,0.0,0.0,17.0,0.0,0.0
2921453977,0.0,0.0,0.0,1.0,0.0,0.0
2921456807,0.0,0.0,0.0,1.0,0.0,0.0
2921459259,0.0,0.0,0.0,1.0,1.0,0.0
2921801889,0.0,0.0,0.0,24.0,0.0,0.0
2922106743,3.0,0.0,0.0,9.0,3.0,1.0
2922130712,5.0,0.0,0.0,21.0,0.0,0.0
2922222913,0.0,0.0,0.0,3.0,0.0,0.0
2922332845,1.0,0.0,0.0,3.0,3.0,0.0
2922337838,0.0,0.0,0.0,3.0,2.0,0.0
2922340195,1.0,0.0,0.0,4.0,1.0,0.0
2922419649,0.0,0.0,0.0,3.0,2.0,0.0
2922451912,0.0,0.0,0.0,7.0,3.0,0.0
2922477802,0.0,0.0,0.0,8.0,2.0,0.0
2922559256,0.0,0.0,0.0,25.0,2.0,0.0
2922609367,0.0,0.0,0.0,25.0,13.0,0.0
2922618926,0.0,0.0,0.0,1.0,5.0,0.0
2922672896,4.0,7.0,0.0,0.0,6.0,0.0
2922676503,6.0,5.0,0.0,15.0,16.0,0.0
2922685827,0.0,0.0,0.0,3.0,3.0,0.0
2922934494,0.0,0.0,0.0,2.0,0.0,0.0
2923029150,0.0,0.0,0.0,1.0,1.0,0.0
2923110632,0.0,0.0,0.0,1.0,0.0,0.0
2923114353,0.0,0.0,0.0,1.0,0.0,0.0
2923118690,0.0,0.0,0.0,0.0,4.0,0.0
2923122007,0.0,0.0,0.0,0.0,5.0,0.0
2923124190,0.0,0.0,0.0,1.0,1.0,0.0
2923124207,0.0,0.0,0.0,0.0,5.0,0.0
2923130106,3.0,0.0,0.0,12.0,8.0,5.0
2923131585,0.0,0.0,0.0,1.0,0.0,0.0
2923134299,0.0,0.0,0.0,1.0,1.0,0.0
2923363324,0.0,0.0,0.0,4.0,4.0,0.0
2923590517,0.0,0.0,0.0,1.0,2.0,0.0
2923641561,0.0,0.0,0.0,3.0,1.0,0.0
2923735518,0.0,0.0,0.0,4.0,1.0,0.0
2924941811,0.0,0.0,0.0,1.0,0.0,0.0
2924959787,0.0,0.0,0.0,3.0,1.0,0.0
2925015353,0.0,0.0,0.0,5.0,1.0,0.0
2925433850,1.0,0.0,0.0,2.0,0.0,0.0
2926005116,0.0,0.0,0.0,2.0,1.0,0.0
2926257231,0.0,0.0,0.0,3.0,1.0,0.0
2926552720,0.0,0.0,0.0,0.0,1.0,0.0
2927176575,0.0,0.0,0.0,1.0,0.0,0.0
2927463862,0.0,0.0,0.0,24.0,1.0,1.0
2928929137,0.0,0.0,0.0,3.0,0.0,0.0
2930385085,0.0,0.0,0.0,8.0,3.0,0.0
2930621426,0.0,0.0,0.0,3.0,2.0,0.0
2931002332,0.0,0.0,0.0,1.0,0.0,0.0
2932553016,0.0,0.0,0.0,2.0,4.0,0.0
2932913133,0.0,0.0,0.0,39.0,2.0,2.0
2933428185,0.0,0.0,0.0,8.0,0.0,0.0
2933819815,0.0,0.0,0.0,3.0,1.0,0.0
2934358328,0.0,0.0,0.0,2.0,1.0,0.0
2934390555,0.0,0.0,0.0,3.0,1.0,0.0
2934553850,0.0,0.0,0.0,6.0,1.0,0.0
2934595764,0.0,0.0,0.0,3.0,1.0,0.0
2935508466,0.0,0.0,0.0,3.0,1.0,0.0
2935662015,0.0,0.0,0.0,2.0,0.0,0.0
2936530524,0.0,0.0,0.0,5.0,0.0,0.0
2936640765,0.0,0.0,0.0,10.0,16.0,5.0
2936705149,0.0,0.0,0.0,3.0,3.0,0.0
2937287527,0.0,0.0,0.0,4.0,1.0,0.0
2938273452,0.0,0.0,0.0,4.0,2.0,0.0
2939327802,0.0,0.0,0.0,12.0,13.0,0.0
2939571603,1.0,0.0,0.0,1.0,0.0,0.0
2939834875,0.0,0.0,0.0,3.0,3.0,0.0
2940433129,0.0,0.0,0.0,2.0,1.0,0.0
2941014562,0.0,0.0,0.0,2.0,2.0,0.0
2941327975,0.0,0.0,0.0,2.0,0.0,0.0
2941545007,0.0,0.0,0.0,3.0,1.0,0.0
2941651609,0.0,0.0,0.0,14.0,0.0,0.0
2942204313,0.0,0.0,0.0,4.0,1.0,0.0
2942219527,0.0,0.0,0.0,2.0,1.0,0.0
2942242196,0.0,0.0,0.0,1.0,0.0,0.0
2942377866,0.0,0.0,0.0,3.0,3.0,0.0
2942451166,0.0,0.0,0.0,11.0,23.0,0.0
2942942773,0.0,0.0,0.0,3.0,0.0,0.0
2943238622,0.0,0.0,0.0,10.0,16.0,9.0
2943518678,0.0,0.0,0.0,2.0,1.0,0.0
2946631377,0.0,0.0,0.0,4.0,14.0,0.0
2946639660,0.0,0.0,0.0,2.0,1.0,0.0
2946719331,0.0,0.0,0.0,1.0,1.0,0.0
2946726400,0.0,0.0,0.0,1.0,0.0,0.0
2946749001,0.0,0.0,0.0,1.0,1.0,0.0
2946750926,0.0,0.0,0.0,1.0,1.0,0.0
2946788753,0.0,0.0,0.0,0.0,1.0,0.0
2947809435,0.0,0.0,0.0,5.0,2.0,1.0
2948136626,0.0,0.0,0.0,1.0,0.0,0.0
2948284040,1.0,0.0,0.0,3.0,2.0,0.0
2948843602,0.0,0.0,0.0,6.0,0.0,0.0
2948931707,0.0,0.0,0.0,3.0,2.0,0.0
2949502900,0.0,0.0,0.0,4.0,0.0,0.0
2950313797,0.0,0.0,0.0,9.0,0.0,0.0
2950403107,0.0,0.0,0.0,2.0,0.0,0.0
2950426673,0.0,0.0,0.0,1.0,0.0,0.0
2950550778,0.0,0.0,0.0,2.0,0.0,0.0
2951230031,6.0,0.0,0.0,3.0,1.0,1.0
2951308650,0.0,0.0,0.0,7.0,0.0,0.0
2951977419,0.0,0.0,0.0,1.0,0.0,0.0
2952225174,0.0,0.0,0.0,2.0,1.0,0.0
2953388527,0.0,0.0,0.0,2.0,0.0,0.0
2953519314,0.0,0.0,0.0,3.0,0.0,0.0
2953681222,0.0,0.0,0.0,1.0,1.0,0.0
2953827900,0.0,0.0,0.0,4.0,1.0,0.0
2953980605,0.0,0.0,0.0,3.0,0.0,0.0
2956738171,0.0,0.0,0.0,3.0,4.0,0.0
2957455451,0.0,0.0,0.0,1.0,0.0,0.0
2957569040,0.0,0.0,0.0,4.0,0.0,0.0
2957907293,1.0,0.0,0.0,8.0,0.0,0.0
2958173799,1.0,0.0,0.0,0.0,2.0,0.0
2958175490,1.0,0.0,0.0,5.0,1.0,0.0
2958176351,0.0,0.0,0.0,0.0,1.0,0.0
2958177144,0.0,0.0,0.0,1.0,0.0,0.0
2958197114,1.0,0.0,0.0,1.0,2.0,0.0
2958489285,0.0,0.0,0.0,1.0,0.0,0.0
2958496239,0.0,0.0,0.0,1.0,0.0,0.0
2958506342,0.0,0.0,0.0,4.0,0.0,0.0
2958555876,0.0,0.0,0.0,1.0,0.0,0.0
2958557623,0.0,0.0,0.0,1.0,0.0,0.0
2958673865,0.0,0.0,0.0,2.0,0.0,0.0
2958960370,0.0,0.0,0.0,1.0,0.0,0.0
2958962153,0.0,0.0,0.0,1.0,0.0,0.0
2959025892,0.0,0.0,0.0,1.0,0.0,0.0
2959039420,2.0,0.0,0.0,1.0,0.0,0.0
2959068895,20.0,5.0,2.0,15.0,6.0,0.0
2959091949,0.0,0.0,0.0,7.0,27.0,3.0
2959150137,0.0,0.0,0.0,2.0,0.0,0.0
2959259124,0.0,0.0,0.0,2.0,1.0,0.0
2959447390,0.0,0.0,0.0,3.0,2.0,1.0
2960388156,0.0,0.0,0.0,2.0,1.0,0.0
2960946957,0.0,0.0,0.0,1.0,1.0,0.0
2961452909,0.0,0.0,0.0,2.0,0.0,0.0
2961783074,0.0,0.0,0.0,5.0,2.0,1.0
2961852805,5.0,2.0,0.0,14.0,18.0,18.0
2961955451,0.0,0.0,0.0,5.0,2.0,0.0
2962002335,0.0,0.0,0.0,3.0,0.0,0.0
2962146972,0.0,0.0,0.0,2.0,0.0,0.0
2964227653,0.0,0.0,0.0,2.0,1.0,0.0
2964974679,0.0,0.0,0.0,3.0,1.0,0.0
2965108973,2.0,0.0,0.0,1.0,3.0,0.0
2965153353,0.0,0.0,0.0,8.0,1.0,0.0
2965207791,0.0,0.0,0.0,7.0,0.0,0.0
2966605791,0.0,0.0,0.0,10.0,1.0,1.0
2967944043,0.0,0.0,0.0,10.0,32.0,0.0
2968331280,0.0,0.0,0.0,7.0,0.0,0.0
2968933490,0.0,0.0,0.0,2.0,1.0,0.0
2969206989,0.0,0.0,0.0,5.0,3.0,0.0
2969300392,0.0,0.0,0.0,4.0,1.0,0.0
2970063120,0.0,0.0,0.0,13.0,2.0,0.0
2970244633,3.0,0.0,0.0,2.0,0.0,0.0
2970254623,0.0,0.0,0.0,3.0,1.0,0.0
2970998154,0.0,0.0,0.0,1.0,0.0,0.0
2971125606,0.0,0.0,0.0,26.0,0.0,0.0
2971145458,0.0,0.0,0.0,4.0,0.0,0.0
2971152602,0.0,0.0,0.0,11.0,1.0,0.0
2971188151,0.0,0.0,0.0,1.0,1.0,0.0
2971334331,0.0,0.0,0.0,7.0,4.0,1.0
2971334427,1.0,0.0,0.0,2.0,0.0,0.0
2971603645,0.0,0.0,0.0,3.0,0.0,0.0
2971855106,0.0,0.0,0.0,1.0,0.0,0.0
2971902815,0.0,0.0,0.0,2.0,0.0,0.0
2971914575,2.0,0.0,0.0,37.0,0.0,0.0
2972524125,0.0,0.0,0.0,2.0,1.0,0.0
2973368506,0.0,0.0,0.0,4.0,0.0,0.0
2973515264,0.0,0.0,0.0,3.0,1.0,0.0
2974456112,0.0,0.0,0.0,7.0,2.0,0.0
2974541133,0.0,0.0,0.0,6.0,3.0,0.0
2974699671,0.0,0.0,0.0,1.0,0.0,0.0
2975299996,0.0,0.0,0.0,2.0,4.0,0.0
2976324699,0.0,0.0,0.0,5.0,2.0,0.0
2976337956,0.0,0.0,0.0,4.0,1.0,0.0
2976395136,0.0,0.0,0.0,4.0,1.0,0.0
2976482194,0.0,0.0,0.0,2.0,1.0,0.0
2977083074,0.0,0.0,0.0,3.0,0.0,0.0
2977353844,1.0,0.0,0.0,3.0,0.0,0.0
2977448629,0.0,0.0,0.0,7.0,1.0,0.0
2978018319,0.0,0.0,0.0,1.0,0.0,0.0
2978039395,0.0,0.0,0.0,6.0,4.0,0.0
2978149205,0.0,0.0,0.0,3.0,1.0,0.0
2978179820,0.0,0.0,0.0,1.0,0.0,0.0
2978281013,7.0,4.0,0.0,6.0,10.0,0.0
2978472947,0.0,0.0,0.0,6.0,0.0,0.0
2978477684,0.0,0.0,0.0,1.0,1.0,0.0
2978488079,0.0,0.0,0.0,6.0,2.0,0.0
2979188108,0.0,0.0,0.0,3.0,2.0,0.0
2980033797,0.0,0.0,0.0,72.0,30.0,3.0
2980647782,0.0,0.0,0.0,40.0,0.0,0.0
2980712717,0.0,0.0,0.0,126.0,3.0,0.0
2980792619,3.0,1.0,4.0,3.0,6.0,2.0
2980893614,0.0,0.0,0.0,1.0,3.0,0.0
2980964628,0.0,0.0,0.0,2.0,0.0,0.0
2981078081,0.0,0.0,0.0,4.0,2.0,0.0
2981136521,0.0,0.0,0.0,2.0,0.0,0.0
2981139485,0.0,0.0,0.0,2.0,0.0,0.0
2981279448,0.0,0.0,0.0,6.0,0.0,0.0
2981300634,0.0,0.0,0.0,5.0,0.0,0.0
2981410778,0.0,0.0,0.0,2.0,1.0,0.0
2981607309,0.0,0.0,0.0,2.0,1.0,0.0
2981924992,0.0,0.0,0.0,2.0,0.0,0.0
2982065302,0.0,0.0,0.0,3.0,0.0,0.0
2982196705,0.0,0.0,0.0,4.0,1.0,0.0
2982357826,0.0,0.0,0.0,8.0,8.0,0.0
2982382313,0.0,0.0,0.0,1.0,2.0,0.0
2982545758,14.0,0.0,1.0,41.0,0.0,0.0
2982628828,0.0,0.0,0.0,2.0,1.0,0.0
2982748403,0.0,0.0,0.0,22.0,23.0,0.0
2982953659,7.0,0.0,0.0,16.0,0.0,0.0
2982974256,0.0,0.0,0.0,3.0,1.0,1.0
2983029274,7.0,6.0,0.0,6.0,1.0,0.0
2983611193,0.0,0.0,0.0,1.0,2.0,0.0
2984176493,9.0,2.0,0.0,4.0,0.0,0.0
2984195274,0.0,0.0,0.0,0.0,2.0,0.0
2984336107,0.0,0.0,0.0,12.0,3.0,1.0
2984667093,0.0,0.0,0.0,4.0,0.0,0.0
2984668982,0.0,0.0,0.0,8.0,0.0,0.0
2984932879,0.0,0.0,0.0,8.0,0.0,0.0
2985317758,0.0,0.0,0.0,2.0,0.0,0.0
2986128109,0.0,0.0,0.0,50.0,0.0,1.0
2986223409,0.0,0.0,0.0,4.0,1.0,0.0
2986228055,0.0,0.0,0.0,2.0,1.0,0.0
2986248806,0.0,0.0,0.0,4.0,1.0,0.0
2986482287,0.0,0.0,0.0,3.0,0.0,0.0
2986921751,0.0,0.0,0.0,3.0,0.0,0.0
2986941892,3.0,0.0,1.0,39.0,8.0,1.0
2987852048,3.0,0.0,0.0,4.0,0.0,0.0
2987874652,0.0,0.0,0.0,7.0,1.0,0.0
2988304968,0.0,0.0,0.0,1.0,0.0,0.0
2988391985,2.0,2.0,0.0,39.0,0.0,0.0
2988481873,0.0,0.0,0.0,3.0,0.0,0.0
2989240606,0.0,0.0,0.0,7.0,0.0,0.0
2989241488,0.0,0.0,0.0,5.0,0.0,3.0
2989257623,4.0,0.0,0.0,7.0,0.0,0.0
2989287738,0.0,0.0,0.0,8.0,1.0,0.0
2989346716,3.0,0.0,1.0,38.0,13.0,1.0
2989362059,3.0,0.0,0.0,33.0,3.0,1.0
2989566459,0.0,0.0,0.0,1.0,0.0,0.0
2989710890,0.0,0.0,0.0,5.0,1.0,1.0
2989939735,0.0,0.0,0.0,36.0,1.0,1.0
2990000825,0.0,0.0,0.0,1.0,0.0,0.0
2990028090,0.0,0.0,0.0,1.0,0.0,0.0
2990048496,0.0,0.0,0.0,2.0,0.0,0.0
2990080867,0.0,0.0,0.0,2.0,1.0,0.0
2990448084,3.0,1.0,3.0,18.0,2.0,0.0
2990501610,7.0,0.0,0.0,4.0,3.0,0.0
2990759653,1.0,0.0,0.0,0.0,1.0,0.0
2990760074,9.0,0.0,0.0,0.0,0.0,0.0
2990773468,3.0,0.0,0.0,4.0,3.0,0.0
2990774253,0.0,0.0,0.0,1.0,0.0,0.0
2990791063,0.0,0.0,0.0,1.0,0.0,0.0
2991278895,0.0,0.0,0.0,5.0,1.0,0.0
2991309203,1.0,0.0,0.0,1.0,0.0,0.0
2991460590,3.0,0.0,0.0,6.0,1.0,1.0
2992072550,0.0,0.0,0.0,2.0,0.0,0.0
2992456386,0.0,0.0,0.0,2.0,0.0,0.0
2993540792,0.0,0.0,0.0,2.0,0.0,0.0
2993612034,0.0,0.0,0.0,3.0,0.0,0.0
2993889791,0.0,0.0,0.0,0.0,1.0,0.0
2993949800,85.0,36.0,0.0,0.0,0.0,0.0
2994099200,25.0,8.0,5.0,4.0,5.0,0.0
2994132824,0.0,0.0,0.0,4.0,0.0,0.0
2994371856,0.0,0.0,0.0,0.0,0.0,1.0
2994431385,0.0,0.0,0.0,27.0,0.0,0.0
2994623443,5.0,0.0,0.0,6.0,0.0,0.0
2994659995,0.0,0.0,0.0,1.0,0.0,0.0
2994665100,0.0,0.0,0.0,1.0,0.0,0.0
2995172973,0.0,0.0,0.0,8.0,5.0,0.0
2995689340,0.0,0.0,0.0,1.0,1.0,0.0
2996830710,0.0,0.0,0.0,1.0,0.0,0.0
2997203967,0.0,0.0,0.0,8.0,5.0,0.0
2997233334,0.0,0.0,0.0,9.0,8.0,0.0
2997354447,0.0,0.0,0.0,2.0,0.0,0.0
2997601557,0.0,0.0,0.0,3.0,2.0,0.0
2997646037,0.0,0.0,0.0,2.0,0.0,0.0
2998444772,0.0,0.0,0.0,1.0,0.0,0.0
2999436533,0.0,0.0,0.0,2.0,1.0,0.0
2999758556,0.0,0.0,0.0,1.0,0.0,0.0
2999884701,0.0,0.0,0.0,2.0,1.0,0.0
3000024792,0.0,0.0,0.0,1.0,0.0,0.0
3000347335,0.0,0.0,0.0,1.0,1.0,0.0
3000365043,0.0,0.0,0.0,1.0,0.0,0.0
3000402217,0.0,0.0,0.0,66.0,0.0,0.0
3000699251,0.0,0.0,0.0,119.0,0.0,0.0
3001400146,0.0,0.0,0.0,7.0,3.0,3.0
3001645389,0.0,0.0,0.0,2.0,1.0,0.0
3002304521,1.0,0.0,2.0,10.0,4.0,1.0
3002994401,0.0,0.0,0.0,3.0,1.0,0.0
3003025804,0.0,0.0,0.0,0.0,1.0,0.0
3003074857,0.0,0.0,0.0,1.0,1.0,0.0
3003414156,1.0,0.0,0.0,10.0,2.0,1.0
3003730306,0.0,0.0,0.0,1.0,0.0,0.0
3003865817,0.0,0.0,0.0,3.0,2.0,0.0
3004429789,0.0,0.0,0.0,3.0,1.0,0.0
3004572778,0.0,0.0,0.0,2.0,1.0,0.0
3004800752,0.0,0.0,0.0,8.0,3.0,0.0
3004932367,0.0,0.0,0.0,7.0,3.0,1.0
3006276172,0.0,0.0,0.0,5.0,1.0,0.0
3006400388,0.0,0.0,0.0,1.0,1.0,0.0
3006546708,0.0,0.0,0.0,1.0,0.0,0.0
3006639682,0.0,0.0,0.0,1.0,1.0,0.0
3006698250,0.0,0.0,0.0,3.0,1.0,0.0
3006745114,0.0,0.0,0.0,1.0,1.0,0.0
3007054361,0.0,0.0,0.0,6.0,4.0,0.0
3007108786,0.0,0.0,0.0,1.0,0.0,0.0
3007111198,9.0,1.0,1.0,7.0,3.0,2.0
3007785025,2.0,0.0,0.0,1.0,0.0,0.0
3007942498,0.0,0.0,0.0,2.0,0.0,0.0
3008360101,0.0,0.0,0.0,1.0,3.0,0.0
3008698964,0.0,0.0,0.0,2.0,0.0,0.0
3009474184,0.0,0.0,0.0,2.0,0.0,0.0
3010772645,0.0,0.0,0.0,2.0,0.0,0.0
3011241770,0.0,0.0,0.0,1.0,1.0,0.0
3011507747,0.0,0.0,0.0,2.0,0.0,0.0
3011585250,0.0,0.0,0.0,3.0,1.0,0.0
3011875719,0.0,0.0,0.0,3.0,1.0,0.0
3011904050,0.0,0.0,0.0,35.0,0.0,0.0
3011907232,0.0,0.0,0.0,1.0,0.0,0.0
3011968538,0.0,0.0,0.0,1.0,0.0,0.0
3012296797,0.0,0.0,0.0,3.0,5.0,0.0
3012638156,0.0,0.0,0.0,4.0,1.0,0.0
3012737338,0.0,0.0,0.0,10.0,7.0,0.0
3013411229,0.0,0.0,0.0,2.0,5.0,0.0
3013519880,0.0,0.0,0.0,7.0,0.0,0.0
3013552792,0.0,0.0,0.0,1.0,0.0,0.0
3013620267,0.0,0.0,0.0,8.0,0.0,0.0
3013755044,0.0,0.0,0.0,1.0,0.0,0.0
3014371312,0.0,0.0,0.0,1.0,1.0,0.0
3015103993,0.0,0.0,0.0,1.0,2.0,0.0
3015230050,0.0,0.0,0.0,1.0,2.0,0.0
3015345158,0.0,0.0,0.0,3.0,0.0,0.0
3015346302,0.0,0.0,0.0,1.0,1.0,0.0
3015422115,13.0,0.0,0.0,14.0,0.0,0.0
3015640821,0.0,0.0,0.0,1.0,0.0,0.0
3015645325,0.0,0.0,0.0,1.0,0.0,0.0
3015942635,0.0,0.0,0.0,49.0,0.0,22.0
3016753886,0.0,0.0,0.0,8.0,1.0,0.0
3016844227,0.0,0.0,0.0,3.0,0.0,0.0
3016881237,8.0,0.0,0.0,0.0,0.0,0.0
3016905680,0.0,0.0,0.0,3.0,1.0,0.0
3016980479,0.0,0.0,0.0,5.0,2.0,0.0
3016993084,0.0,0.0,0.0,0.0,1.0,0.0
3017176006,0.0,0.0,0.0,2.0,2.0,0.0
3017667755,2.0,0.0,0.0,14.0,1.0,0.0
3017855487,0.0,0.0,0.0,5.0,3.0,0.0
3018096769,0.0,0.0,0.0,1.0,1.0,0.0
3018352185,0.0,0.0,0.0,1.0,0.0,0.0
3018439207,0.0,0.0,0.0,1.0,0.0,0.0
3018517272,6.0,0.0,0.0,0.0,0.0,0.0
3018921196,0.0,0.0,0.0,3.0,1.0,0.0
3018939222,0.0,0.0,0.0,1.0,1.0,0.0
3019107307,0.0,0.0,0.0,2.0,0.0,0.0
3019360629,0.0,0.0,0.0,4.0,0.0,0.0
3019918047,0.0,0.0,0.0,2.0,0.0,0.0
3019985000,1.0,0.0,0.0,1.0,0.0,0.0
3020641867,0.0,0.0,0.0,22.0,1.0,0.0
3020688007,0.0,0.0,0.0,2.0,1.0,0.0
3021010746,0.0,0.0,0.0,4.0,3.0,0.0
3021014004,0.0,0.0,0.0,6.0,18.0,1.0
3021063109,0.0,0.0,0.0,7.0,0.0,3.0
3021098408,2.0,0.0,0.0,13.0,0.0,0.0
3021139938,0.0,0.0,0.0,1.0,1.0,0.0
3022206894,0.0,0.0,0.0,7.0,1.0,0.0
3022543317,4.0,0.0,0.0,6.0,0.0,2.0
3022605131,1.0,0.0,0.0,1.0,0.0,0.0
3022831945,0.0,0.0,0.0,8.0,2.0,0.0
3022909076,0.0,0.0,0.0,5.0,1.0,0.0
3022933130,0.0,0.0,0.0,7.0,1.0,0.0
3022935755,0.0,0.0,0.0,8.0,1.0,0.0
3022955231,3.0,0.0,0.0,7.0,0.0,0.0
3023069216,0.0,0.0,0.0,3.0,1.0,0.0
3023133644,0.0,0.0,0.0,1.0,1.0,0.0
3023189103,0.0,0.0,0.0,4.0,6.0,0.0
3023232015,0.0,0.0,0.0,2.0,0.0,0.0
3023299823,0.0,0.0,0.0,3.0,1.0,0.0
3023413904,0.0,0.0,0.0,7.0,0.0,0.0
3023422806,0.0,0.0,0.0,2.0,0.0,0.0
3023613188,2.0,0.0,0.0,22.0,2.0,0.0
3023618353,0.0,0.0,0.0,7.0,4.0,0.0
3023973499,0.0,0.0,0.0,31.0,0.0,0.0
3026212985,0.0,0.0,0.0,2.0,3.0,0.0
3027146476,0.0,0.0,0.0,1.0,0.0,0.0
3027244028,0.0,0.0,0.0,1.0,0.0,0.0
3027880885,0.0,0.0,0.0,1.0,0.0,0.0
3028017962,0.0,0.0,0.0,2.0,0.0,0.0
3028024558,0.0,0.0,0.0,5.0,2.0,0.0
3028324419,0.0,0.0,0.0,2.0,3.0,0.0
3028627060,0.0,0.0,0.0,2.0,4.0,0.0
3029091635,0.0,0.0,0.0,3.0,0.0,0.0
3029413152,0.0,0.0,0.0,0.0,3.0,0.0
3029535959,0.0,0.0,0.0,5.0,8.0,0.0
3029567465,0.0,0.0,0.0,7.0,0.0,0.0
3029783614,52.0,9.0,10.0,0.0,0.0,0.0
3029843479,0.0,0.0,0.0,4.0,2.0,0.0
3029863949,0.0,0.0,0.0,1.0,1.0,0.0
3029913116,0.0,0.0,0.0,2.0,0.0,0.0
3030054309,23.0,8.0,0.0,0.0,0.0,0.0
3030073254,1.0,0.0,0.0,2.0,0.0,0.0
3030162879,0.0,0.0,0.0,2.0,0.0,0.0
3030779808,0.0,0.0,0.0,1.0,0.0,0.0
3030949227,0.0,0.0,0.0,1.0,0.0,0.0
3031053342,0.0,0.0,0.0,2.0,0.0,0.0
3031284848,23.0,8.0,0.0,0.0,0.0,0.0
3032937981,0.0,0.0,0.0,3.0,0.0,0.0
3033029270,0.0,0.0,0.0,4.0,1.0,0.0
3033233392,0.0,1.0,0.0,11.0,3.0,3.0
3033689845,0.0,0.0,0.0,3.0,17.0,0.0
3033770445,0.0,0.0,0.0,3.0,1.0,0.0
3034036696,0.0,0.0,0.0,9.0,0.0,0.0
3034368996,0.0,0.0,0.0,5.0,2.0,0.0
3034597936,0.0,0.0,0.0,2.0,1.0,0.0
3034811249,0.0,0.0,0.0,34.0,22.0,3.0
3035283080,0.0,0.0,0.0,3.0,4.0,0.0
3035416687,0.0,0.0,0.0,5.0,15.0,5.0
3035429935,0.0,0.0,0.0,2.0,1.0,0.0
3035434527,0.0,0.0,0.0,2.0,1.0,0.0
3036170902,0.0,0.0,0.0,8.0,10.0,0.0
3036245532,7.0,0.0,0.0,5.0,8.0,0.0
3036425780,51.0,3.0,6.0,3.0,0.0,0.0
3036666914,0.0,0.0,0.0,2.0,0.0,0.0
3036798571,0.0,0.0,0.0,1.0,0.0,0.0
3036975520,0.0,0.0,0.0,7.0,0.0,0.0
3037087624,0.0,0.0,0.0,3.0,3.0,0.0
3037616016,0.0,0.0,0.0,0.0,1.0,0.0
3037618903,0.0,0.0,0.0,2.0,1.0,0.0
3037763030,0.0,0.0,0.0,0.0,1.0,0.0
3038010445,0.0,0.0,0.0,1.0,0.0,0.0
3038019311,0.0,0.0,0.0,1.0,0.0,0.0
3038390136,0.0,0.0,0.0,1.0,0.0,0.0
3038625817,0.0,0.0,0.0,4.0,0.0,0.0
3038667524,0.0,0.0,0.0,8.0,0.0,0.0
3039055142,0.0,0.0,0.0,3.0,1.0,0.0
3039633986,5.0,2.0,5.0,19.0,8.0,2.0
3039769863,0.0,0.0,0.0,3.0,3.0,0.0
3040099716,0.0,0.0,0.0,2.0,0.0,0.0
3040970325,0.0,0.0,0.0,8.0,4.0,0.0
3040980236,1.0,0.0,0.0,9.0,5.0,2.0
3041005828,0.0,0.0,0.0,1.0,0.0,0.0
3041129721,0.0,0.0,0.0,4.0,2.0,0.0
3042242308,0.0,0.0,0.0,11.0,0.0,0.0
3044194711,0.0,0.0,0.0,2.0,1.0,0.0
3044371024,0.0,0.0,0.0,1.0,0.0,0.0
3044425330,0.0,0.0,0.0,1.0,0.0,0.0
3044449578,0.0,0.0,0.0,1.0,0.0,0.0
3044679295,0.0,0.0,0.0,2.0,1.0,0.0
3044819090,0.0,0.0,0.0,1.0,0.0,0.0
3044843424,0.0,0.0,0.0,13.0,0.0,0.0
3044885926,0.0,0.0,0.0,7.0,6.0,0.0
3045058130,0.0,0.0,0.0,2.0,2.0,0.0
3045808045,0.0,0.0,0.0,1.0,0.0,0.0
3046545060,1.0,0.0,0.0,1.0,1.0,0.0
3046593561,0.0,0.0,0.0,2.0,0.0,0.0
3046833593,0.0,0.0,0.0,1.0,3.0,0.0
3046855721,0.0,0.0,0.0,1.0,3.0,0.0
3046861778,0.0,0.0,0.0,3.0,0.0,0.0
3046866523,0.0,0.0,0.0,0.0,4.0,0.0
3046871630,0.0,0.0,0.0,5.0,0.0,0.0
3046990908,0.0,0.0,0.0,3.0,1.0,0.0
3047109765,0.0,0.0,0.0,4.0,3.0,0.0
3047232373,0.0,0.0,0.0,3.0,1.0,0.0
3047296744,0.0,0.0,0.0,8.0,5.0,0.0
3047718524,93.0,112.0,27.0,10.0,1.0,0.0
3047892669,0.0,0.0,0.0,2.0,27.0,0.0
3047896344,12.0,2.0,0.0,0.0,0.0,0.0
3048282458,0.0,0.0,0.0,6.0,0.0,0.0
3048355837,0.0,0.0,0.0,4.0,1.0,0.0
3048442859,0.0,0.0,0.0,2.0,1.0,0.0
3048475288,6.0,2.0,2.0,6.0,10.0,0.0
3048744521,0.0,0.0,0.0,2.0,1.0,0.0
3048745288,0.0,0.0,0.0,10.0,5.0,0.0
3048786713,0.0,0.0,0.0,1.0,0.0,0.0
3048846835,0.0,0.0,0.0,2.0,0.0,0.0
3049002345,4.0,1.0,0.0,1.0,0.0,0.0
3049349544,0.0,0.0,0.0,0.0,9.0,0.0
3049445842,0.0,0.0,0.0,2.0,1.0,0.0
3049788957,0.0,0.0,0.0,3.0,2.0,0.0
3049856720,0.0,0.0,0.0,3.0,1.0,0.0
3049906427,0.0,0.0,0.0,300.0,0.0,0.0
3050211305,0.0,0.0,0.0,3.0,1.0,0.0
3050214713,0.0,0.0,0.0,9.0,277.0,147.0
3050218206,0.0,0.0,0.0,12.0,554.0,433.0
3050543965,0.0,0.0,0.0,9.0,2.0,0.0
3050620518,0.0,0.0,0.0,4.0,0.0,0.0
3050709139,0.0,0.0,0.0,9.0,10.0,0.0
3051310871,0.0,0.0,0.0,7.0,0.0,4.0
3051320539,0.0,0.0,0.0,2.0,1.0,0.0
3051560458,0.0,0.0,0.0,31.0,6.0,6.0
3051627275,0.0,0.0,0.0,3.0,1.0,0.0
3051986596,0.0,0.0,0.0,1.0,0.0,0.0
3052431463,0.0,0.0,0.0,9.0,1.0,0.0
3052560109,0.0,0.0,0.0,3.0,2.0,0.0
3052823757,0.0,0.0,0.0,4.0,0.0,0.0
3053253191,0.0,0.0,0.0,1.0,8.0,8.0
3053258665,0.0,0.0,0.0,2.0,1.0,0.0
3053492879,0.0,0.0,0.0,9.0,6.0,0.0
3053875776,0.0,0.0,0.0,5.0,0.0,0.0
3054019499,0.0,0.0,0.0,2.0,0.0,0.0
3054150679,0.0,0.0,0.0,2.0,5.0,0.0
3054252195,0.0,0.0,0.0,2.0,5.0,0.0
3054365903,0.0,0.0,0.0,2.0,1.0,0.0
3054396306,4.0,0.0,0.0,6.0,0.0,0.0
3054503510,0.0,0.0,0.0,1.0,0.0,0.0
3054507757,0.0,0.0,0.0,1.0,0.0,0.0
3054632631,0.0,0.0,0.0,4.0,2.0,0.0
3054663917,0.0,0.0,0.0,1.0,0.0,0.0
3054673063,0.0,0.0,0.0,1.0,0.0,0.0
3054683411,0.0,0.0,0.0,1.0,0.0,0.0
3054687014,0.0,0.0,0.0,2.0,0.0,0.0
3054862915,0.0,0.0,0.0,6.0,3.0,0.0
3055008281,3.0,0.0,0.0,8.0,0.0,0.0
3055284274,0.0,0.0,0.0,2.0,1.0,0.0
3055607319,0.0,0.0,0.0,5.0,0.0,0.0
3055717125,15.0,0.0,0.0,4.0,3.0,0.0
3055789053,0.0,0.0,0.0,1.0,0.0,0.0
3056288832,0.0,0.0,0.0,2.0,0.0,0.0
3056316834,0.0,0.0,0.0,7.0,0.0,4.0
3056690965,1.0,0.0,0.0,6.0,2.0,0.0
3056993511,6.0,0.0,0.0,8.0,3.0,0.0
3056995446,0.0,0.0,0.0,224.0,1.0,0.0
3057711873,0.0,0.0,0.0,6.0,0.0,0.0
3057857067,0.0,0.0,0.0,2.0,0.0,0.0
3057863898,0.0,0.0,0.0,2.0,0.0,0.0
3057907036,0.0,0.0,0.0,3.0,0.0,0.0
3057914477,0.0,0.0,0.0,0.0,38.0,0.0
3057944933,0.0,0.0,0.0,2.0,1.0,0.0
3058012410,0.0,0.0,0.0,15.0,0.0,0.0
3058028116,0.0,0.0,0.0,1.0,0.0,0.0
3058337882,0.0,0.0,0.0,5.0,10.0,0.0
3058351964,0.0,0.0,0.0,12.0,8.0,0.0
3058420282,0.0,0.0,0.0,3.0,2.0,0.0
3058482399,3.0,0.0,0.0,9.0,11.0,0.0
3058508147,0.0,0.0,0.0,2.0,0.0,0.0
3058525033,0.0,0.0,0.0,2.0,0.0,0.0
3058809612,0.0,0.0,0.0,1.0,0.0,0.0
3059364033,0.0,0.0,0.0,0.0,5.0,0.0
3059800558,0.0,0.0,0.0,4.0,4.0,0.0
3060067714,0.0,0.0,0.0,7.0,6.0,0.0
3060575393,5.0,0.0,0.0,3.0,2.0,0.0
3060701727,7.0,21.0,11.0,0.0,17.0,0.0
3060716964,3.0,0.0,1.0,4.0,2.0,0.0
3060783699,0.0,0.0,0.0,10.0,0.0,0.0
3060818555,0.0,0.0,0.0,3.0,2.0,0.0
3061189699,1.0,0.0,0.0,7.0,4.0,2.0
3061252632,0.0,0.0,0.0,2.0,1.0,0.0
3061360197,0.0,0.0,0.0,12.0,8.0,0.0
3061361678,0.0,0.0,0.0,12.0,9.0,0.0
3061362217,0.0,0.0,0.0,14.0,8.0,0.0
3061489401,0.0,0.0,0.0,2.0,1.0,0.0
3061496148,0.0,0.0,0.0,0.0,15.0,0.0
3061575023,0.0,0.0,0.0,3.0,0.0,0.0
3062561382,0.0,0.0,0.0,3.0,0.0,0.0
3063509475,0.0,0.0,0.0,4.0,2.0,1.0
3063597118,0.0,0.0,0.0,4.0,0.0,0.0
3063938472,0.0,0.0,0.0,15.0,2.0,1.0
3064022728,0.0,0.0,0.0,30.0,52.0,0.0
3064054868,0.0,0.0,0.0,3.0,5.0,0.0
3064065244,0.0,0.0,0.0,4.0,0.0,0.0
3064408470,0.0,0.0,0.0,6.0,0.0,0.0
3064580725,0.0,0.0,0.0,0.0,71.0,0.0
3064653320,0.0,0.0,0.0,41.0,0.0,0.0
3065141445,0.0,0.0,0.0,40.0,2.0,0.0
3065169774,0.0,0.0,0.0,13.0,68.0,0.0
3065250403,0.0,0.0,0.0,175.0,125.0,0.0
3065400643,23.0,57.0,1.0,0.0,0.0,0.0
3065788296,0.0,0.0,0.0,6.0,5.0,0.0
3066541253,0.0,0.0,0.0,5.0,0.0,0.0
3066776078,9.0,2.0,0.0,11.0,0.0,0.0
3066853764,0.0,0.0,0.0,2.0,0.0,0.0
3067017042,0.0,0.0,0.0,2.0,1.0,0.0
3067033881,0.0,0.0,0.0,0.0,3.0,0.0
3067210808,0.0,0.0,0.0,3.0,0.0,0.0
3067452050,0.0,0.0,0.0,4.0,0.0,0.0
3067476387,0.0,0.0,0.0,11.0,2.0,0.0
3067770211,1.0,0.0,0.0,1.0,0.0,0.0
3067973069,0.0,0.0,0.0,2.0,0.0,0.0
3067975590,0.0,0.0,0.0,3.0,0.0,0.0
3067984156,0.0,0.0,0.0,7.0,1.0,0.0
3067985764,0.0,0.0,0.0,4.0,0.0,0.0
3068648111,0.0,0.0,0.0,2.0,1.0,0.0
3069101459,0.0,0.0,0.0,4.0,0.0,0.0
3069115431,0.0,0.0,0.0,7.0,17.0,0.0
3069414735,0.0,0.0,0.0,4.0,0.0,0.0
3069495973,0.0,0.0,0.0,1.0,0.0,0.0
3069714308,5.0,0.0,1.0,4.0,1.0,0.0
3069744517,0.0,0.0,0.0,1.0,0.0,0.0
3069855804,0.0,0.0,0.0,4.0,1.0,0.0
3070000674,0.0,0.0,0.0,3.0,2.0,0.0
3070005572,0.0,0.0,0.0,3.0,0.0,0.0
3070081301,0.0,0.0,0.0,0.0,18.0,0.0
3070088687,0.0,0.0,0.0,5.0,3.0,0.0
3070935180,0.0,0.0,0.0,1.0,5.0,1.0
3071076370,0.0,0.0,0.0,2.0,0.0,0.0
3071083804,0.0,0.0,0.0,3.0,0.0,0.0
3071085732,1.0,0.0,0.0,1.0,1.0,0.0
3071156107,0.0,0.0,0.0,17.0,20.0,12.0
3071264685,0.0,0.0,0.0,1.0,0.0,0.0
3071539552,0.0,0.0,0.0,1.0,0.0,0.0
3071674416,0.0,0.0,0.0,4.0,7.0,0.0
3071676373,0.0,0.0,0.0,14.0,16.0,0.0
3071952484,0.0,0.0,0.0,7.0,1.0,0.0
3072000530,0.0,0.0,0.0,0.0,13.0,0.0
3072095829,0.0,0.0,0.0,6.0,1.0,1.0
3072107233,1.0,0.0,0.0,3.0,3.0,0.0
3072136032,0.0,0.0,0.0,3.0,1.0,0.0
3072159278,0.0,0.0,0.0,46.0,1.0,0.0
3072374938,32.0,4.0,1.0,9.0,1.0,0.0
3073002241,0.0,0.0,0.0,1.0,0.0,0.0
3073287034,0.0,0.0,0.0,9.0,0.0,0.0
3074068344,0.0,0.0,0.0,2.0,0.0,0.0
3074242664,0.0,0.0,0.0,17.0,2.0,0.0
3074294403,0.0,0.0,0.0,5.0,1.0,0.0
3074414909,0.0,0.0,0.0,7.0,0.0,0.0
3074526770,0.0,0.0,0.0,2.0,1.0,0.0
3074531119,0.0,0.0,0.0,6.0,0.0,0.0
3074542976,4.0,0.0,0.0,3.0,2.0,0.0
3074548447,0.0,0.0,0.0,69.0,5.0,2.0
3074557301,0.0,0.0,0.0,5.0,4.0,1.0
3074570058,0.0,0.0,0.0,1.0,0.0,0.0
3074577799,0.0,0.0,0.0,1.0,2.0,0.0
3074605898,0.0,0.0,0.0,2.0,3.0,1.0
3074609325,0.0,0.0,0.0,1.0,1.0,0.0
3074614660,0.0,0.0,0.0,2.0,0.0,0.0
3074618957,0.0,0.0,0.0,3.0,1.0,0.0
3074635096,0.0,0.0,0.0,4.0,0.0,0.0
3074656894,0.0,0.0,0.0,3.0,0.0,0.0
3074688614,0.0,0.0,0.0,6.0,1.0,1.0
3074690514,0.0,0.0,0.0,3.0,0.0,0.0
3074690649,0.0,0.0,0.0,5.0,1.0,0.0
3074693911,0.0,0.0,0.0,4.0,155.0,154.0
3074699489,14.0,1.0,1.0,1.0,1.0,0.0
3074744894,0.0,0.0,0.0,1.0,0.0,0.0
3074756019,1.0,0.0,0.0,5.0,1.0,1.0
3074776256,0.0,0.0,0.0,7.0,2.0,3.0
3074778952,0.0,0.0,0.0,1.0,0.0,0.0
3074785958,0.0,0.0,0.0,8.0,12.0,2.0
3074815696,0.0,0.0,0.0,3.0,1.0,1.0
3074847534,0.0,0.0,0.0,7.0,4.0,0.0
3074847883,0.0,0.0,0.0,2.0,5.0,0.0
3074864896,0.0,0.0,0.0,1.0,0.0,0.0
3074893038,3.0,0.0,0.0,4.0,0.0,0.0
3074946943,0.0,0.0,0.0,1.0,4.0,0.0
3074950203,0.0,0.0,0.0,2.0,0.0,0.0
3074963659,0.0,0.0,0.0,3.0,0.0,0.0
3074990791,0.0,0.0,0.0,32.0,2.0,0.0
3074993448,0.0,0.0,0.0,3.0,0.0,0.0
3075012540,0.0,0.0,0.0,1.0,0.0,0.0
3075017348,0.0,0.0,0.0,4.0,2.0,0.0
3075019704,2.0,0.0,0.0,4.0,30.0,2.0
3075021617,0.0,0.0,0.0,5.0,4.0,0.0
3075028295,0.0,0.0,0.0,1.0,0.0,0.0
3075031726,0.0,0.0,0.0,1.0,0.0,0.0
3075035064,0.0,0.0,0.0,9.0,33.0,33.0
3075041588,0.0,0.0,0.0,2.0,1.0,1.0
3075061045,0.0,0.0,0.0,2.0,1.0,0.0
3075075850,0.0,0.0,0.0,2.0,0.0,1.0
3075114484,0.0,0.0,0.0,0.0,1.0,0.0
3075176665,0.0,0.0,0.0,7.0,8.0,0.0
3075189241,0.0,0.0,0.0,3.0,8.0,0.0
3075201543,0.0,0.0,0.0,4.0,7.0,2.0
3075243153,0.0,0.0,0.0,3.0,0.0,0.0
3075246426,0.0,0.0,0.0,2.0,1.0,0.0
3075262343,0.0,0.0,0.0,1.0,3.0,0.0
3075300774,0.0,0.0,0.0,1.0,0.0,0.0
3075370587,0.0,0.0,0.0,3.0,2.0,0.0
3075373724,0.0,0.0,0.0,1.0,0.0,0.0
3075374115,0.0,0.0,0.0,2.0,1.0,0.0
3075374927,0.0,0.0,0.0,1.0,0.0,0.0
3075385129,0.0,0.0,0.0,2.0,1.0,0.0
3075398355,0.0,0.0,0.0,3.0,1.0,1.0
3075470121,0.0,0.0,0.0,2.0,0.0,0.0
3075567778,0.0,0.0,0.0,6.0,1.0,1.0
3075600718,0.0,0.0,0.0,4.0,1.0,0.0
3075628660,0.0,0.0,0.0,1.0,0.0,0.0
3075670611,0.0,0.0,0.0,1.0,3.0,3.0
3075726495,0.0,0.0,0.0,3.0,0.0,0.0
3075736690,0.0,0.0,0.0,6.0,4.0,0.0
3075736922,0.0,0.0,0.0,1.0,0.0,0.0
3075790811,1.0,0.0,0.0,2.0,0.0,0.0
3075815710,0.0,0.0,0.0,2.0,0.0,0.0
3075857183,0.0,0.0,0.0,6.0,0.0,0.0
3075883869,0.0,0.0,0.0,14.0,0.0,0.0
3075994560,4.0,0.0,0.0,3.0,1.0,1.0
3076030480,13.0,0.0,0.0,17.0,1.0,0.0
3076043127,0.0,0.0,0.0,2.0,1.0,0.0
3076049889,0.0,0.0,0.0,3.0,1.0,0.0
3076171257,0.0,0.0,0.0,1.0,0.0,0.0
3076218081,0.0,0.0,0.0,1.0,0.0,0.0
3076232456,0.0,0.0,0.0,2.0,0.0,0.0
3076266003,0.0,0.0,0.0,2.0,0.0,0.0
3076452714,0.0,0.0,0.0,2.0,0.0,0.0
3076471900,0.0,0.0,0.0,4.0,0.0,0.0
3076534856,0.0,0.0,0.0,2.0,4.0,0.0
3076559097,0.0,0.0,0.0,4.0,1.0,0.0
3076627900,0.0,0.0,0.0,1.0,0.0,0.0
3076775534,0.0,0.0,0.0,9.0,9.0,0.0
3076831485,0.0,0.0,0.0,2.0,1.0,0.0
3076884688,0.0,0.0,0.0,7.0,0.0,0.0
3076991884,0.0,0.0,0.0,9.0,3.0,0.0
3077057256,0.0,0.0,0.0,7.0,0.0,0.0
3077058914,0.0,0.0,0.0,6.0,4.0,0.0
3077094653,0.0,0.0,0.0,11.0,2.0,0.0
3077095173,0.0,0.0,0.0,267.0,1.0,0.0
3077095878,0.0,0.0,0.0,9.0,6.0,0.0
3077128060,0.0,0.0,0.0,3.0,0.0,0.0
3077228850,0.0,0.0,0.0,1.0,0.0,0.0
3077311015,0.0,0.0,0.0,5.0,2.0,0.0
3077331798,0.0,0.0,0.0,0.0,2.0,0.0
3077485814,0.0,0.0,0.0,2.0,0.0,0.0
3077534093,0.0,0.0,0.0,1.0,1.0,0.0
3077602164,0.0,0.0,0.0,15.0,42.0,17.0
3077678079,0.0,0.0,0.0,2.0,0.0,0.0
3077679669,0.0,0.0,0.0,3.0,1.0,1.0
3077713278,0.0,0.0,0.0,0.0,4.0,0.0
3077729458,0.0,0.0,0.0,5.0,0.0,0.0
3077864375,0.0,0.0,0.0,1.0,0.0,0.0
3077886342,0.0,0.0,0.0,1.0,12.0,0.0
3077887395,0.0,0.0,0.0,5.0,0.0,0.0
3077925476,0.0,0.0,0.0,3.0,5.0,0.0
3078019645,0.0,0.0,0.0,2.0,0.0,0.0
3078029657,0.0,0.0,0.0,2.0,0.0,0.0
3078034959,0.0,0.0,0.0,2.0,3.0,0.0
3078045512,0.0,0.0,0.0,4.0,1.0,0.0
3078057072,0.0,0.0,0.0,4.0,2.0,0.0
3078066726,0.0,0.0,0.0,3.0,2.0,1.0
3078077090,0.0,0.0,0.0,4.0,0.0,0.0
3078146415,0.0,0.0,0.0,54.0,1.0,0.0
3078166226,0.0,0.0,0.0,2.0,0.0,0.0
3078166718,0.0,0.0,0.0,4.0,1.0,1.0
3078168762,0.0,0.0,0.0,0.0,0.0,2.0
3078187008,0.0,0.0,0.0,1.0,0.0,0.0
3078195603,0.0,0.0,0.0,10.0,2.0,1.0
3078216071,0.0,0.0,0.0,22.0,1.0,0.0
3078217849,0.0,0.0,0.0,1.0,0.0,0.0
3078313476,0.0,0.0,0.0,1.0,0.0,0.0
3078352984,3.0,0.0,0.0,10.0,10.0,9.0
3078366765,0.0,0.0,0.0,23.0,76.0,76.0
3078382638,0.0,0.0,0.0,21.0,8.0,0.0
3078383974,0.0,0.0,0.0,1.0,0.0,0.0
3078424351,0.0,0.0,0.0,2.0,1.0,0.0
3078439427,15.0,0.0,1.0,10.0,4.0,4.0
3078440447,4.0,0.0,0.0,9.0,4.0,1.0
3078460436,0.0,0.0,0.0,3.0,0.0,0.0
3078469289,0.0,0.0,0.0,4.0,2.0,2.0
3078523741,0.0,0.0,0.0,1.0,0.0,0.0
3078539142,0.0,0.0,0.0,2.0,3.0,2.0
3078729881,0.0,0.0,0.0,3.0,1.0,1.0
3078732754,0.0,0.0,0.0,1.0,0.0,0.0
3078758331,0.0,0.0,0.0,8.0,1.0,1.0
3079015881,1.0,0.0,0.0,5.0,0.0,0.0
3079016065,0.0,0.0,0.0,4.0,2.0,0.0
3079045834,0.0,0.0,0.0,4.0,0.0,0.0
3079065464,0.0,0.0,0.0,6.0,1.0,0.0
3079097099,0.0,0.0,0.0,4.0,0.0,0.0
3079097121,0.0,0.0,0.0,4.0,0.0,0.0
3079097124,0.0,0.0,0.0,4.0,0.0,0.0
3079097208,0.0,0.0,0.0,6.0,0.0,0.0
3079097818,0.0,0.0,0.0,2.0,1.0,0.0
3079098379,0.0,0.0,0.0,2.0,0.0,0.0
3079103182,0.0,0.0,0.0,2.0,1.0,0.0
3079146299,0.0,0.0,0.0,5.0,1.0,0.0
3079170931,0.0,0.0,0.0,11.0,6.0,0.0
3079241115,0.0,0.0,0.0,1.0,0.0,0.0
3079303421,50.0,15.0,0.0,0.0,0.0,0.0
3079366285,0.0,0.0,0.0,7.0,0.0,0.0
3079568440,0.0,0.0,0.0,3.0,5.0,0.0
3079569069,0.0,0.0,0.0,2.0,18.0,18.0
3079569825,0.0,0.0,0.0,2.0,0.0,0.0
3079570774,0.0,0.0,0.0,2.0,0.0,0.0
3079612653,0.0,0.0,0.0,4.0,2.0,0.0
3079628682,1.0,0.0,0.0,1.0,0.0,0.0
3079799506,0.0,0.0,0.0,4.0,2.0,2.0
3080019917,1.0,1.0,0.0,5.0,3.0,0.0
3080023392,0.0,0.0,0.0,9.0,0.0,0.0
3080031213,0.0,0.0,0.0,5.0,0.0,0.0
3080093279,1.0,0.0,0.0,1.0,0.0,0.0
3080107491,0.0,0.0,0.0,1.0,3.0,1.0
3080134448,0.0,0.0,0.0,2.0,1.0,1.0
3080192045,0.0,0.0,0.0,1.0,0.0,0.0
3080394667,0.0,0.0,0.0,3.0,0.0,0.0
3080461166,0.0,0.0,0.0,4.0,0.0,0.0
3080590755,0.0,0.0,0.0,9.0,0.0,0.0
3080621090,0.0,0.0,0.0,4.0,1.0,0.0
3080639732,0.0,0.0,0.0,11.0,0.0,0.0
3080717456,0.0,0.0,0.0,10.0,2.0,0.0
3080743634,0.0,0.0,0.0,7.0,4.0,2.0
3080811433,0.0,0.0,0.0,1.0,0.0,0.0
3080825869,0.0,0.0,0.0,3.0,1.0,0.0
3080855777,0.0,0.0,0.0,1.0,0.0,0.0
3080936447,0.0,0.0,0.0,18.0,0.0,1.0
3080943754,0.0,0.0,0.0,1.0,1.0,0.0
3080974708,0.0,0.0,0.0,4.0,0.0,0.0
3081057621,16.0,1.0,0.0,11.0,3.0,0.0
3081195355,0.0,0.0,0.0,4.0,4.0,0.0
3081331751,0.0,0.0,0.0,7.0,1.0,0.0
3081464962,0.0,0.0,0.0,8.0,0.0,0.0
3081489701,0.0,0.0,0.0,2.0,0.0,0.0
3081547129,0.0,0.0,0.0,2.0,0.0,0.0
3081563114,0.0,0.0,0.0,2.0,0.0,0.0
3081626326,0.0,0.0,0.0,1.0,0.0,0.0
3081636071,0.0,0.0,0.0,7.0,0.0,0.0
3081657945,5.0,0.0,0.0,8.0,0.0,0.0
3081736371,1.0,0.0,0.0,2.0,0.0,0.0
3081803622,0.0,0.0,0.0,2.0,0.0,0.0
3081816409,0.0,0.0,0.0,3.0,0.0,0.0
3081821271,1.0,0.0,1.0,27.0,17.0,0.0
3081858153,0.0,0.0,0.0,2.0,1.0,0.0
3081925002,2.0,0.0,0.0,3.0,0.0,0.0
3081978815,0.0,0.0,0.0,3.0,1.0,0.0
3081992708,0.0,0.0,0.0,8.0,1.0,0.0
3082009689,0.0,0.0,0.0,0.0,1.0,0.0
3082019461,0.0,0.0,0.0,16.0,16.0,16.0
3082020292,0.0,0.0,0.0,6.0,2.0,0.0
3082038772,0.0,0.0,0.0,1.0,1.0,0.0
3082132239,0.0,0.0,0.0,2.0,1.0,0.0
3082188471,0.0,0.0,0.0,1.0,0.0,0.0
3082303429,0.0,0.0,0.0,4.0,0.0,0.0
3082388285,0.0,0.0,0.0,8.0,3.0,3.0
3082541069,0.0,0.0,0.0,8.0,2.0,0.0
3082673812,0.0,0.0,0.0,4.0,0.0,0.0
3083058582,0.0,0.0,0.0,6.0,0.0,0.0
3083068533,0.0,0.0,0.0,3.0,0.0,0.0
3083117301,0.0,0.0,0.0,4.0,2.0,1.0
3083151229,0.0,0.0,0.0,5.0,0.0,0.0
3083175022,0.0,0.0,0.0,3.0,0.0,0.0
3083241564,0.0,0.0,0.0,2.0,0.0,0.0
3083256649,0.0,0.0,0.0,1.0,0.0,0.0
3083262309,0.0,0.0,0.0,5.0,2.0,0.0
3083273308,0.0,0.0,0.0,2.0,0.0,0.0
3083310586,0.0,0.0,0.0,6.0,0.0,0.0
3083352446,3.0,0.0,0.0,9.0,8.0,5.0
3083599513,0.0,0.0,0.0,3.0,0.0,0.0
3083873202,0.0,0.0,0.0,1.0,0.0,0.0
3083875801,0.0,0.0,0.0,5.0,0.0,0.0
3083879418,0.0,0.0,0.0,17.0,17.0,0.0
3083905069,0.0,0.0,0.0,6.0,0.0,0.0
3084035121,0.0,0.0,0.0,5.0,3.0,0.0
3084073522,4.0,0.0,0.0,2.0,2.0,0.0
3084116517,26.0,0.0,0.0,7.0,0.0,0.0
3084258051,0.0,0.0,0.0,6.0,14.0,6.0
3084294411,0.0,0.0,0.0,2.0,1.0,0.0
3084389677,0.0,0.0,0.0,3.0,0.0,0.0
3084486594,0.0,0.0,0.0,1.0,1.0,0.0
3084490358,0.0,0.0,0.0,1.0,2.0,1.0
3084492871,0.0,0.0,0.0,4.0,0.0,0.0
3084559020,0.0,0.0,0.0,4.0,0.0,0.0
3084733635,2.0,0.0,0.0,2.0,1.0,0.0
3084744894,0.0,0.0,0.0,1.0,0.0,0.0
3084784509,2.0,0.0,0.0,6.0,0.0,0.0
3084794264,0.0,0.0,0.0,1.0,0.0,0.0
3084795018,0.0,0.0,0.0,12.0,1.0,0.0
3084851925,2.0,0.0,0.0,4.0,1.0,0.0
3084885498,0.0,0.0,0.0,1.0,0.0,0.0
3085044127,0.0,0.0,0.0,3.0,0.0,0.0
3085144870,0.0,0.0,0.0,1.0,0.0,0.0
3085403262,6.0,0.0,0.0,28.0,1.0,1.0
3085430966,0.0,0.0,0.0,6.0,0.0,0.0
3085431437,0.0,0.0,0.0,2.0,1.0,1.0
3085431994,0.0,0.0,0.0,3.0,1.0,0.0
3085973724,0.0,0.0,0.0,8.0,4.0,0.0
3086088116,0.0,0.0,0.0,11.0,2.0,0.0
3086311429,0.0,0.0,0.0,13.0,1.0,0.0
3086406590,0.0,0.0,0.0,2.0,0.0,0.0
3086437300,0.0,0.0,0.0,8.0,2.0,0.0
3086510087,0.0,0.0,0.0,1.0,0.0,0.0
3086545184,0.0,0.0,0.0,2.0,0.0,0.0
3086791317,0.0,0.0,0.0,5.0,0.0,0.0
3086818203,0.0,0.0,0.0,51.0,7.0,5.0
3086917198,0.0,0.0,0.0,1.0,0.0,0.0
3087024692,0.0,0.0,0.0,2.0,0.0,0.0
3087108042,0.0,0.0,0.0,2.0,3.0,0.0
3087114684,0.0,0.0,0.0,154.0,3.0,1.0
3087119059,0.0,0.0,0.0,5.0,1.0,0.0
3087132571,0.0,0.0,0.0,1.0,0.0,0.0
3087132572,0.0,0.0,0.0,2.0,0.0,0.0
3087281120,0.0,0.0,0.0,2.0,0.0,0.0
3087293846,0.0,0.0,0.0,3.0,0.0,0.0
3087313432,0.0,0.0,0.0,1.0,1.0,0.0
3087338450,0.0,0.0,0.0,4.0,0.0,0.0
3087359752,0.0,0.0,0.0,2.0,2.0,0.0
3087399940,0.0,0.0,0.0,2.0,1.0,0.0
3087406519,0.0,0.0,0.0,8.0,0.0,0.0
3087428354,0.0,0.0,0.0,2.0,6.0,0.0
3087462018,0.0,0.0,0.0,1.0,0.0,0.0
3087587876,0.0,0.0,0.0,3.0,0.0,0.0
3087650766,0.0,0.0,0.0,9.0,0.0,0.0
3087763989,0.0,0.0,0.0,3.0,3.0,0.0
3087938128,0.0,0.0,0.0,6.0,15.0,2.0
3088039163,0.0,0.0,0.0,2.0,0.0,0.0
3088130071,0.0,0.0,0.0,2.0,0.0,0.0
3088173646,40.0,33.0,13.0,12.0,3.0,0.0
3088176007,0.0,4.0,86.0,0.0,0.0,0.0
3088220705,0.0,0.0,0.0,1.0,0.0,0.0
3088331987,0.0,0.0,0.0,3.0,3.0,0.0
3088363246,0.0,0.0,0.0,1.0,0.0,0.0
3088399163,0.0,0.0,0.0,2.0,0.0,0.0
3088415850,0.0,0.0,0.0,2.0,10.0,0.0
3088419461,0.0,0.0,0.0,4.0,0.0,0.0
3088499463,0.0,0.0,0.0,4.0,0.0,0.0
3088557864,0.0,0.0,0.0,4.0,0.0,0.0
3088561339,0.0,0.0,0.0,4.0,0.0,0.0
3088567513,0.0,0.0,0.0,4.0,0.0,0.0
3088573784,0.0,0.0,0.0,7.0,0.0,0.0
3088635774,0.0,0.0,0.0,9.0,1.0,0.0
3088650635,0.0,0.0,0.0,2.0,136.0,0.0
3088660039,0.0,0.0,0.0,1.0,6.0,0.0
3088691462,0.0,0.0,0.0,4.0,8.0,0.0
3088733583,0.0,0.0,0.0,3.0,0.0,0.0
3088763461,0.0,0.0,0.0,2.0,4.0,0.0
3088895526,0.0,0.0,0.0,2.0,5.0,5.0
3088949809,0.0,0.0,0.0,1.0,13.0,0.0
3088967050,0.0,0.0,0.0,2.0,26.0,0.0
3089009485,0.0,0.0,0.0,47.0,2.0,0.0
3089183615,0.0,0.0,0.0,1.0,0.0,0.0
3089202205,0.0,0.0,0.0,2.0,9.0,0.0
3089225114,0.0,0.0,0.0,5.0,21.0,7.0
3089309409,0.0,0.0,0.0,4.0,0.0,0.0
3089332341,0.0,0.0,0.0,3.0,1.0,0.0
3089404039,0.0,0.0,0.0,7.0,7.0,2.0
3089454288,0.0,0.0,0.0,4.0,2.0,2.0
3089454659,0.0,0.0,0.0,2.0,0.0,0.0
3089553921,0.0,0.0,0.0,7.0,0.0,0.0
3089603196,0.0,0.0,0.0,14.0,20.0,0.0
3089830738,0.0,0.0,0.0,8.0,2.0,0.0
3089909118,0.0,0.0,0.0,5.0,2.0,0.0
3090002746,0.0,0.0,0.0,1.0,0.0,0.0
3090065215,0.0,0.0,0.0,4.0,1.0,0.0
3090110097,0.0,0.0,0.0,2.0,0.0,0.0
3090353282,0.0,0.0,0.0,6.0,5.0,0.0
3090353384,0.0,0.0,0.0,1.0,0.0,0.0
3090455062,0.0,0.0,0.0,1.0,0.0,0.0
3090515437,2.0,0.0,0.0,5.0,1.0,0.0
3090574134,1.0,0.0,0.0,4.0,1.0,0.0
3090626401,0.0,0.0,0.0,2.0,2.0,0.0
3090965439,0.0,0.0,0.0,4.0,1.0,0.0
3090993724,0.0,0.0,0.0,3.0,1.0,0.0
3091245303,89.0,191.0,16.0,2.0,0.0,0.0
3091548960,0.0,0.0,0.0,0.0,35.0,0.0
3091750708,14.0,2.0,0.0,9.0,2.0,1.0
3091850704,0.0,0.0,0.0,5.0,5.0,0.0
3091868582,0.0,0.0,0.0,4.0,145.0,0.0
3091944446,0.0,0.0,0.0,2.0,0.0,0.0
3092070166,0.0,0.0,0.0,25.0,5.0,0.0
3092211446,12.0,0.0,0.0,5.0,4.0,2.0
3092500583,0.0,0.0,0.0,2.0,0.0,0.0
3092530279,0.0,0.0,0.0,1.0,5.0,0.0
3092547689,0.0,0.0,0.0,3.0,2.0,1.0
3092569629,0.0,0.0,0.0,2.0,0.0,0.0
3092656275,0.0,0.0,0.0,1.0,0.0,0.0
3092893314,0.0,0.0,0.0,1.0,0.0,0.0
3093612864,0.0,0.0,0.0,79.0,0.0,0.0
3093701426,0.0,0.0,0.0,3.0,1.0,0.0
3093822785,0.0,0.0,0.0,8.0,0.0,0.0
3094093175,0.0,0.0,0.0,1.0,0.0,0.0
3094199385,0.0,0.0,0.0,29.0,0.0,2.0
3094460894,0.0,0.0,0.0,6.0,3.0,0.0
3094551857,0.0,0.0,0.0,2.0,1.0,0.0
3094607813,0.0,0.0,0.0,8.0,1.0,8.0
3094645912,0.0,0.0,0.0,2.0,1.0,0.0
3094661465,0.0,1.0,0.0,0.0,2.0,0.0
3094661486,0.0,0.0,0.0,3.0,0.0,0.0
3094767484,0.0,0.0,0.0,3.0,2.0,0.0
3094840626,0.0,0.0,0.0,37.0,25.0,13.0
3095028076,0.0,0.0,0.0,3.0,1.0,1.0
3095242760,0.0,0.0,0.0,1.0,0.0,0.0
3095245170,0.0,0.0,0.0,6.0,0.0,0.0
3095245994,0.0,0.0,0.0,7.0,0.0,0.0
3095246791,0.0,0.0,0.0,2.0,1.0,0.0
3095248361,0.0,0.0,0.0,2.0,1.0,0.0
3095248857,0.0,0.0,0.0,0.0,2.0,0.0
3095249129,0.0,0.0,0.0,2.0,0.0,0.0
3095357847,0.0,0.0,0.0,15.0,1.0,0.0
3095400567,3.0,0.0,4.0,6.0,0.0,0.0
3095411411,0.0,0.0,0.0,1.0,2.0,0.0
3095447395,0.0,0.0,0.0,2.0,0.0,0.0
3095460904,0.0,0.0,0.0,4.0,0.0,0.0
3095464526,0.0,0.0,0.0,2.0,0.0,0.0
3095471248,0.0,0.0,0.0,2.0,1.0,0.0
3095585241,0.0,0.0,0.0,1.0,0.0,0.0
3095698280,0.0,0.0,0.0,0.0,4.0,0.0
3095855033,1.0,0.0,0.0,5.0,0.0,0.0
3096110760,0.0,0.0,0.0,3.0,0.0,0.0
3096235879,0.0,0.0,0.0,4.0,0.0,0.0
3096240534,0.0,0.0,0.0,13.0,1.0,0.0
3096241645,0.0,0.0,0.0,5.0,3.0,0.0
3096473764,0.0,0.0,0.0,1.0,0.0,0.0
3096474086,0.0,0.0,0.0,6.0,0.0,0.0
3096474324,0.0,0.0,0.0,1.0,0.0,0.0
3096615404,0.0,0.0,0.0,2.0,0.0,0.0
3096787583,0.0,0.0,0.0,2.0,0.0,0.0
3096798138,0.0,0.0,0.0,1.0,0.0,0.0
3096828210,0.0,0.0,0.0,3.0,0.0,0.0
3096885556,0.0,0.0,0.0,4.0,7.0,0.0
3096925052,0.0,0.0,0.0,6.0,1.0,0.0
3097089168,0.0,0.0,0.0,33.0,1.0,0.0
3097420465,0.0,0.0,0.0,3.0,1.0,0.0
3097456896,0.0,0.0,0.0,5.0,1.0,0.0
3097466678,23.0,2.0,0.0,9.0,0.0,0.0
3097560259,0.0,0.0,0.0,2.0,1.0,0.0
3097621471,0.0,0.0,0.0,2.0,2.0,1.0
3097709863,0.0,0.0,0.0,1.0,0.0,0.0
3097750070,0.0,0.0,0.0,1.0,0.0,0.0
3098043137,0.0,0.0,0.0,1.0,2.0,2.0
3098043911,0.0,0.0,0.0,1.0,1.0,0.0
3098053410,0.0,0.0,0.0,0.0,4.0,0.0
3098089485,0.0,30.0,0.0,3.0,0.0,0.0
3098219945,0.0,0.0,0.0,10.0,1.0,0.0
3098322647,0.0,0.0,0.0,1.0,0.0,0.0
3098483305,0.0,0.0,0.0,25.0,0.0,0.0
3098502727,0.0,0.0,0.0,7.0,10.0,0.0
3098520642,0.0,0.0,0.0,0.0,19.0,0.0
3098580258,1.0,0.0,0.0,9.0,2.0,0.0
3098589362,360.0,183.0,142.0,1.0,0.0,0.0
3098590723,0.0,0.0,0.0,14.0,170.0,1.0
3098599894,0.0,0.0,0.0,6.0,1.0,0.0
3098602377,1.0,0.0,0.0,2.0,0.0,0.0
3098890364,0.0,0.0,1.0,6.0,3.0,0.0
3098934526,0.0,0.0,0.0,3.0,2.0,0.0
3099125317,0.0,0.0,0.0,4.0,3.0,0.0
3099174416,0.0,0.0,0.0,6.0,0.0,0.0
3099517900,2.0,0.0,0.0,3.0,1.0,0.0
3099639511,360.0,183.0,142.0,1.0,0.0,0.0
3099796157,0.0,0.0,0.0,11.0,4.0,1.0
3099818675,0.0,0.0,0.0,7.0,2.0,0.0
3100232240,0.0,0.0,0.0,2.0,0.0,0.0
3100269507,0.0,0.0,0.0,1.0,0.0,0.0
3100301148,0.0,0.0,0.0,1.0,0.0,0.0
3100433465,0.0,0.0,0.0,6.0,0.0,0.0
3100789352,2.0,0.0,0.0,4.0,7.0,0.0
3100956703,0.0,0.0,0.0,2.0,0.0,0.0
3101007425,0.0,0.0,0.0,1.0,0.0,0.0
3101032367,0.0,0.0,0.0,1.0,1.0,0.0
3101067838,0.0,0.0,0.0,5.0,2.0,0.0
3101156009,0.0,0.0,0.0,1.0,7.0,1.0
3101175239,0.0,0.0,0.0,3.0,0.0,0.0
3101243147,0.0,0.0,0.0,1.0,1.0,1.0
3101288480,0.0,0.0,0.0,6.0,0.0,0.0
3101320702,0.0,0.0,0.0,5.0,0.0,0.0
3101326488,0.0,0.0,0.0,6.0,0.0,0.0
3101362009,0.0,0.0,0.0,5.0,0.0,0.0
3101378582,0.0,0.0,0.0,8.0,3.0,0.0
3101402347,1.0,0.0,0.0,14.0,2.0,0.0
3101454770,4.0,0.0,0.0,5.0,1.0,0.0
3101498528,0.0,0.0,0.0,2.0,0.0,0.0
3101749599,0.0,0.0,0.0,1.0,0.0,0.0
3101807746,0.0,0.0,0.0,1.0,1.0,1.0
3101836513,0.0,0.0,0.0,3.0,0.0,0.0
3102021003,0.0,0.0,0.0,3.0,0.0,0.0
3102049332,0.0,0.0,0.0,5.0,2.0,2.0
3102168035,0.0,0.0,0.0,3.0,1.0,0.0
3102185388,0.0,0.0,0.0,6.0,1.0,0.0
3102363614,0.0,0.0,0.0,12.0,3.0,1.0
3102426162,0.0,0.0,0.0,5.0,0.0,0.0
3102500944,0.0,0.0,0.0,3.0,1.0,0.0
3102514199,0.0,0.0,0.0,3.0,0.0,0.0
3102548800,0.0,0.0,0.0,10.0,2.0,0.0
3102679471,0.0,0.0,0.0,1.0,0.0,0.0
3102790603,47.0,21.0,0.0,4.0,0.0,0.0
3102876964,2.0,0.0,0.0,4.0,1.0,0.0
3102978044,0.0,0.0,0.0,5.0,12.0,0.0
3103083526,0.0,0.0,0.0,2.0,0.0,0.0
3103129117,0.0,0.0,0.0,0.0,8.0,0.0
3103300290,0.0,0.0,0.0,5.0,0.0,0.0
3103305222,0.0,0.0,0.0,10.0,0.0,0.0
3103354228,0.0,0.0,0.0,1.0,0.0,0.0
3103364279,0.0,0.0,0.0,15.0,0.0,0.0
3103386463,0.0,0.0,0.0,1.0,0.0,0.0
3103515051,0.0,0.0,0.0,3.0,2.0,0.0
3103748044,0.0,0.0,0.0,7.0,0.0,0.0
3104181659,0.0,0.0,0.0,1.0,0.0,0.0
3104249084,0.0,0.0,0.0,5.0,0.0,0.0
3104285334,0.0,0.0,0.0,64.0,5.0,1.0
3104375121,0.0,0.0,0.0,6.0,1.0,1.0
3104401625,0.0,0.0,0.0,2.0,0.0,0.0
3104422536,0.0,0.0,0.0,3.0,0.0,0.0
3104484475,0.0,0.0,0.0,4.0,0.0,0.0
3104609654,0.0,0.0,0.0,1.0,1.0,0.0
3104613438,0.0,0.0,0.0,0.0,1.0,0.0
3104617640,0.0,0.0,0.0,1.0,0.0,0.0
3104618566,0.0,0.0,0.0,0.0,2.0,0.0
3104619100,0.0,0.0,0.0,3.0,1.0,0.0
3104620306,0.0,0.0,0.0,0.0,1.0,0.0
3104623370,0.0,0.0,0.0,3.0,0.0,0.0
3105157105,0.0,0.0,0.0,3.0,22.0,1.0
3105210443,0.0,0.0,0.0,1.0,0.0,0.0
3105247377,3.0,0.0,0.0,10.0,3.0,0.0
3105266350,0.0,0.0,0.0,3.0,0.0,0.0
3105305807,2.0,0.0,0.0,1.0,1.0,0.0
3105351368,0.0,0.0,0.0,9.0,2.0,0.0
3105374615,0.0,0.0,0.0,6.0,0.0,0.0
3105401237,0.0,0.0,0.0,2.0,0.0,0.0
3105403661,0.0,0.0,0.0,3.0,0.0,0.0
3105409390,0.0,0.0,0.0,3.0,0.0,0.0
3105417177,0.0,0.0,0.0,58.0,5.0,2.0
3105623446,0.0,0.0,0.0,6.0,4.0,0.0
3105651410,0.0,0.0,0.0,9.0,1.0,1.0
3105664779,0.0,0.0,0.0,4.0,2.0,1.0
3105699085,0.0,0.0,0.0,2.0,1.0,0.0
3105800222,0.0,0.0,0.0,2.0,3.0,0.0
3105926969,27.0,5.0,0.0,33.0,7.0,3.0
3105952937,0.0,0.0,0.0,6.0,0.0,0.0
3106238975,0.0,0.0,0.0,1.0,0.0,0.0
3106490593,0.0,0.0,0.0,1.0,0.0,0.0
3106750352,0.0,0.0,0.0,2.0,0.0,0.0
3106827361,0.0,0.0,0.0,12.0,7.0,3.0
3107051089,0.0,0.0,0.0,3.0,0.0,0.0
3107779459,0.0,0.0,0.0,13.0,0.0,0.0
3107839800,0.0,0.0,0.0,5.0,0.0,0.0
3108032788,0.0,0.0,0.0,11.0,3.0,0.0
3108415971,0.0,0.0,0.0,55.0,2.0,0.0
3108470033,0.0,0.0,0.0,5.0,1.0,0.0
3108695623,0.0,0.0,0.0,3.0,1.0,0.0
3108744899,0.0,0.0,0.0,5.0,1.0,0.0
3109361215,0.0,0.0,0.0,27.0,3.0,0.0
3109408352,0.0,0.0,0.0,2.0,0.0,0.0
3109511414,0.0,0.0,0.0,2.0,0.0,0.0
3109513181,0.0,0.0,0.0,4.0,1.0,0.0
3109523791,0.0,0.0,0.0,1.0,1.0,0.0
3109525942,0.0,0.0,0.0,2.0,0.0,0.0
3109581531,0.0,0.0,0.0,19.0,14.0,0.0
3109908968,0.0,0.0,0.0,2.0,0.0,0.0
3110009700,0.0,0.0,0.0,5.0,1.0,1.0
3110219932,0.0,0.0,0.0,1.0,0.0,0.0
3110295867,0.0,0.0,0.0,3.0,0.0,0.0
3110344787,0.0,0.0,0.0,45.0,3.0,0.0
3110526097,0.0,0.0,0.0,2.0,0.0,0.0
3110558023,0.0,0.0,0.0,2.0,0.0,0.0
3110602702,0.0,0.0,0.0,2.0,0.0,0.0
3110724431,0.0,0.0,0.0,7.0,13.0,0.0
3110865105,0.0,0.0,0.0,7.0,0.0,0.0
3110875424,0.0,0.0,0.0,1.0,0.0,0.0
3110905940,1.0,0.0,0.0,2.0,1.0,0.0
3111004034,1.0,0.0,0.0,14.0,0.0,0.0
3111006731,0.0,0.0,0.0,2.0,0.0,0.0
3111028733,0.0,0.0,0.0,6.0,0.0,0.0
3111167917,0.0,0.0,0.0,4.0,2.0,0.0
3111223022,0.0,0.0,0.0,2.0,0.0,0.0
3111277015,0.0,0.0,0.0,4.0,2.0,0.0
3111316721,0.0,0.0,0.0,9.0,0.0,0.0
3111323650,0.0,0.0,0.0,5.0,0.0,0.0
3111325582,0.0,0.0,0.0,3.0,0.0,0.0
3111380264,0.0,0.0,0.0,33.0,1.0,0.0
3111417147,0.0,0.0,0.0,2.0,0.0,0.0
3111420697,9.0,17.0,0.0,0.0,0.0,0.0
3111576794,0.0,0.0,0.0,3.0,1.0,0.0
3111582483,0.0,0.0,0.0,3.0,1.0,0.0
3111607635,0.0,0.0,0.0,1.0,10.0,0.0
3111618330,0.0,0.0,0.0,3.0,1.0,0.0
3111619337,0.0,0.0,0.0,2.0,0.0,0.0
3111697033,8.0,1.0,0.0,6.0,0.0,0.0
3111840737,0.0,0.0,0.0,5.0,1.0,0.0
3111841315,0.0,0.0,0.0,0.0,2.0,0.0
3111992190,0.0,0.0,0.0,1.0,1.0,0.0
3112029851,0.0,0.0,0.0,2.0,0.0,0.0
3112065698,1.0,0.0,0.0,40.0,1.0,0.0
3112119626,0.0,0.0,0.0,4.0,3.0,0.0
3112324293,0.0,0.0,0.0,6.0,0.0,81.0
3112357523,0.0,0.0,0.0,7.0,2.0,2.0
3112459662,0.0,0.0,0.0,4.0,10.0,0.0
3112474846,0.0,0.0,0.0,1.0,0.0,0.0
3112577157,0.0,0.0,0.0,2.0,0.0,0.0
3112609054,0.0,0.0,0.0,8.0,0.0,2.0
3112628847,0.0,0.0,0.0,4.0,0.0,0.0
3112701610,0.0,0.0,0.0,1.0,0.0,0.0
3112770705,0.0,0.0,0.0,7.0,5.0,1.0
3112867557,0.0,0.0,0.0,2.0,0.0,0.0
3112886848,0.0,0.0,0.0,1.0,0.0,0.0
3113152155,0.0,0.0,0.0,5.0,4.0,2.0
3113155476,0.0,0.0,0.0,38.0,18.0,2.0
3113175152,0.0,0.0,0.0,25.0,0.0,0.0
3113180373,0.0,0.0,0.0,2.0,0.0,0.0
3113346977,1.0,0.0,0.0,15.0,2.0,2.0
3113457878,0.0,0.0,0.0,8.0,6.0,0.0
3113685869,0.0,0.0,0.0,1.0,7.0,0.0
3113703056,0.0,0.0,0.0,3.0,0.0,0.0
3113749219,0.0,0.0,0.0,6.0,0.0,0.0
3113806629,0.0,0.0,0.0,3.0,0.0,0.0
3114147388,0.0,0.0,0.0,1.0,0.0,0.0
3114288773,0.0,0.0,0.0,12.0,3.0,0.0
3114609622,0.0,0.0,0.0,5.0,0.0,0.0
3114628181,0.0,0.0,0.0,7.0,0.0,0.0
3114778835,0.0,0.0,0.0,6.0,3.0,0.0
3114992077,0.0,0.0,0.0,8.0,0.0,0.0
3115039109,0.0,0.0,0.0,5.0,1.0,0.0
3115203883,0.0,0.0,0.0,2.0,0.0,0.0
3115256699,0.0,0.0,0.0,2.0,0.0,0.0
3115293385,0.0,0.0,0.0,4.0,0.0,0.0
3115301037,0.0,0.0,0.0,2.0,0.0,0.0
3115328846,0.0,0.0,0.0,7.0,0.0,0.0
3115342105,0.0,0.0,0.0,4.0,2.0,0.0
3115418580,0.0,0.0,0.0,0.0,1.0,0.0
3115438957,0.0,0.0,0.0,6.0,3.0,2.0
3115492283,0.0,0.0,0.0,8.0,6.0,0.0
3115523735,0.0,0.0,0.0,6.0,2.0,0.0
3115558470,0.0,0.0,0.0,3.0,0.0,0.0
3115627844,3.0,0.0,0.0,1.0,0.0,0.0
3115760621,0.0,0.0,0.0,2.0,0.0,0.0
3115895027,0.0,0.0,0.0,6.0,2.0,2.0
3115965598,0.0,0.0,0.0,2.0,0.0,0.0
3116063940,0.0,0.0,0.0,3.0,179.0,179.0
3116095750,0.0,0.0,0.0,3.0,1.0,0.0
3116133538,0.0,0.0,0.0,2.0,0.0,0.0
3116149702,0.0,0.0,0.0,15.0,5.0,0.0
3116176902,0.0,0.0,0.0,13.0,8.0,1.0
3116277294,0.0,0.0,0.0,4.0,0.0,0.0
3116317960,0.0,0.0,0.0,8.0,1.0,0.0
3116324907,0.0,0.0,0.0,13.0,7.0,0.0
3116658648,0.0,0.0,0.0,6.0,3.0,0.0
3116676085,0.0,0.0,0.0,2.0,1.0,1.0
3116705784,0.0,0.0,0.0,5.0,3.0,3.0
3116730116,0.0,0.0,0.0,16.0,7.0,0.0
3116765277,0.0,0.0,0.0,1.0,0.0,0.0
3116792966,0.0,0.0,0.0,4.0,0.0,0.0
3116814112,0.0,0.0,0.0,2.0,0.0,0.0
3116826149,1.0,0.0,0.0,24.0,4.0,0.0
3117023486,0.0,0.0,0.0,7.0,0.0,0.0
3117074697,0.0,0.0,0.0,2.0,0.0,0.0
3117269260,0.0,0.0,0.0,4.0,2.0,0.0
3117274843,0.0,0.0,0.0,7.0,1.0,0.0
3117376704,0.0,0.0,0.0,1.0,0.0,0.0
3117882496,0.0,0.0,0.0,1.0,0.0,0.0
3118073302,0.0,0.0,0.0,6.0,5.0,0.0
3118221358,2.0,0.0,0.0,4.0,61.0,61.0
3118224528,0.0,0.0,0.0,3.0,0.0,0.0
3118234342,0.0,0.0,0.0,1.0,0.0,0.0
3118432145,6.0,2.0,0.0,3.0,1.0,0.0
3118542213,0.0,0.0,0.0,3.0,3.0,0.0
3118575505,0.0,0.0,0.0,2.0,0.0,0.0
3118636567,0.0,0.0,0.0,1.0,0.0,0.0
3118854425,7.0,20.0,0.0,3.0,4.0,0.0
3118998296,0.0,0.0,0.0,2.0,25.0,0.0
3119079877,0.0,0.0,0.0,2.0,2.0,1.0
3119083821,0.0,0.0,0.0,7.0,1.0,0.0
3119100267,0.0,0.0,0.0,3.0,0.0,0.0
3119212776,0.0,0.0,0.0,22.0,21.0,0.0
3119246556,0.0,0.0,0.0,24.0,38.0,6.0
3119252975,0.0,0.0,0.0,3.0,0.0,0.0
3119324237,0.0,0.0,0.0,0.0,2.0,0.0
3119354820,8.0,0.0,0.0,7.0,1.0,0.0
3119355139,0.0,0.0,0.0,1.0,0.0,0.0
3119604915,0.0,0.0,0.0,4.0,0.0,0.0
3119673845,0.0,0.0,0.0,1.0,0.0,0.0
3119695737,0.0,0.0,0.0,3.0,0.0,0.0
3119829512,0.0,0.0,0.0,2.0,2.0,0.0
3119842407,0.0,0.0,0.0,1.0,0.0,0.0
3119902250,0.0,0.0,0.0,1.0,0.0,0.0
3120389334,0.0,0.0,0.0,4.0,1.0,1.0
3120774449,0.0,1.0,0.0,0.0,0.0,0.0
3120801394,0.0,0.0,0.0,3.0,4.0,0.0
3120813048,0.0,0.0,0.0,2.0,0.0,0.0
3121005957,0.0,0.0,0.0,4.0,1.0,0.0
3121041195,0.0,0.0,0.0,1.0,0.0,0.0
3121107870,0.0,0.0,0.0,8.0,0.0,0.0
3121219749,0.0,0.0,0.0,54.0,0.0,0.0
3121322997,0.0,0.0,0.0,6.0,33.0,0.0
3121381331,0.0,0.0,0.0,8.0,0.0,0.0
3121533392,0.0,0.0,0.0,1.0,8.0,0.0
3121717297,0.0,0.0,0.0,2.0,0.0,0.0
3121897365,0.0,0.0,0.0,1.0,0.0,0.0
3121953999,2.0,2.0,1.0,2.0,1.0,0.0
3122330329,0.0,0.0,0.0,1.0,0.0,0.0
3122429217,0.0,0.0,0.0,5.0,0.0,0.0
3122494142,0.0,0.0,0.0,1.0,0.0,0.0
3122582363,0.0,0.0,0.0,1.0,1.0,0.0
3122593764,1.0,0.0,0.0,3.0,0.0,0.0
3122627357,0.0,0.0,0.0,1.0,0.0,0.0
3122670904,0.0,0.0,0.0,6.0,5.0,0.0
3122686039,0.0,0.0,0.0,1.0,0.0,0.0
3122755362,0.0,0.0,0.0,2.0,0.0,0.0
3122931038,0.0,0.0,0.0,1.0,0.0,0.0
3122939109,0.0,0.0,0.0,2.0,0.0,0.0
3122947325,0.0,0.0,0.0,3.0,2.0,0.0
3122978595,0.0,0.0,0.0,2.0,0.0,0.0
3122983012,0.0,0.0,0.0,3.0,1.0,0.0
3123097719,0.0,0.0,0.0,2.0,0.0,0.0
3123127952,0.0,0.0,0.0,4.0,1.0,0.0
3123194825,0.0,0.0,0.0,10.0,7.0,1.0
3123198992,0.0,0.0,0.0,16.0,26.0,2.0
3123367684,0.0,0.0,0.0,2.0,0.0,0.0
3123400194,1.0,0.0,0.0,1.0,0.0,0.0
3123449966,0.0,0.0,0.0,5.0,2.0,0.0
3123563390,0.0,0.0,0.0,1.0,0.0,0.0
3123570475,0.0,0.0,0.0,1.0,1.0,0.0
3124186702,0.0,0.0,0.0,19.0,61.0,10.0
3124314563,0.0,0.0,0.0,6.0,10.0,0.0
3124355237,0.0,0.0,0.0,3.0,10.0,0.0
3124394682,0.0,0.0,0.0,3.0,0.0,0.0
3124498441,0.0,0.0,0.0,1.0,0.0,0.0
3124513820,0.0,0.0,0.0,32.0,36.0,0.0
3124595999,6.0,7.0,0.0,0.0,0.0,0.0
3124676438,0.0,0.0,0.0,2.0,1.0,0.0
3124835441,13.0,0.0,17.0,1.0,0.0,0.0
3125046151,0.0,0.0,0.0,3.0,1.0,0.0
3125076577,0.0,0.0,0.0,6.0,1.0,0.0
3125168618,0.0,0.0,0.0,27.0,1.0,0.0
3125187340,4.0,0.0,2.0,3.0,4.0,2.0
3125187928,0.0,0.0,0.0,1.0,4.0,0.0
3125195166,0.0,0.0,0.0,10.0,0.0,0.0
3125459043,2.0,0.0,0.0,4.0,0.0,0.0
3125530261,0.0,0.0,0.0,1.0,0.0,0.0
3125573230,0.0,0.0,0.0,3.0,0.0,0.0
3125682958,0.0,0.0,0.0,2.0,0.0,0.0
3125696843,0.0,0.0,0.0,1.0,1.0,0.0
3125703292,0.0,0.0,0.0,16.0,0.0,0.0
3125782567,6.0,0.0,0.0,6.0,1.0,2.0
3125826357,0.0,0.0,0.0,2.0,0.0,0.0
3125850603,0.0,0.0,0.0,5.0,6.0,3.0
3125880075,0.0,0.0,0.0,9.0,3.0,1.0
3125893304,0.0,0.0,0.0,11.0,37.0,0.0
3125979959,0.0,0.0,0.0,6.0,0.0,0.0
3126016747,0.0,0.0,0.0,5.0,0.0,0.0
3126061276,2.0,0.0,0.0,2.0,0.0,0.0
3126107230,0.0,0.0,0.0,1.0,25.0,0.0
3126107759,0.0,0.0,0.0,8.0,15.0,0.0
3126429251,0.0,0.0,0.0,13.0,9.0,0.0
3126448988,0.0,0.0,0.0,4.0,3.0,2.0
3126455905,0.0,0.0,0.0,1.0,0.0,0.0
3126732433,0.0,0.0,0.0,6.0,27.0,0.0
3127019828,268.0,41.0,18.0,0.0,0.0,0.0
3127026463,1.0,2.0,0.0,0.0,0.0,0.0
3127173735,9.0,0.0,0.0,8.0,5.0,0.0
3127181957,0.0,0.0,0.0,1.0,84.0,1.0
3127210211,0.0,0.0,0.0,1.0,0.0,0.0
3128226642,0.0,0.0,0.0,82.0,1.0,7.0
3128227844,0.0,0.0,0.0,1.0,35.0,0.0
3128399635,4.0,1.0,0.0,3.0,16.0,0.0
3128462201,0.0,0.0,0.0,2.0,0.0,0.0
3128477850,0.0,0.0,0.0,5.0,0.0,0.0
3128487034,0.0,0.0,0.0,3.0,1.0,0.0
3128551483,0.0,0.0,0.0,3.0,1.0,0.0
3128663211,0.0,0.0,0.0,2.0,0.0,0.0
3128687696,0.0,0.0,0.0,4.0,0.0,0.0
3128687723,0.0,0.0,0.0,1.0,0.0,0.0
3128713073,0.0,0.0,0.0,2.0,2.0,0.0
3129029549,0.0,0.0,0.0,38.0,1.0,0.0
3129052252,0.0,0.0,0.0,13.0,0.0,0.0
3129102020,0.0,0.0,0.0,2.0,11.0,0.0
3129102032,0.0,0.0,0.0,6.0,0.0,0.0
3129105671,0.0,0.0,0.0,2.0,4.0,0.0
3129474936,0.0,0.0,0.0,1.0,0.0,0.0
3129509201,0.0,0.0,0.0,2.0,0.0,0.0
3129543050,0.0,0.0,0.0,18.0,16.0,9.0
3129565622,5.0,10.0,0.0,13.0,6.0,1.0
3129606905,0.0,0.0,0.0,1.0,0.0,0.0
3129654252,0.0,0.0,0.0,1.0,3.0,0.0
3129773117,34.0,0.0,0.0,2.0,7.0,4.0
3129793803,0.0,0.0,0.0,7.0,0.0,0.0
3129810269,0.0,0.0,0.0,3.0,0.0,0.0
3130053265,0.0,0.0,0.0,4.0,0.0,0.0
3130314581,0.0,0.0,0.0,2.0,2.0,1.0
3130352220,1.0,0.0,0.0,2.0,0.0,0.0
3130361498,0.0,0.0,0.0,1.0,0.0,0.0
3130408897,78.0,27.0,1.0,0.0,0.0,0.0
3130484605,0.0,0.0,0.0,3.0,1.0,0.0
3130508990,0.0,0.0,0.0,2.0,7.0,0.0
3130544514,0.0,0.0,0.0,4.0,3.0,1.0
3130631260,1.0,0.0,0.0,7.0,4.0,0.0
3130759153,0.0,0.0,0.0,1.0,0.0,0.0
3130784227,0.0,0.0,0.0,1.0,0.0,0.0
3130800330,1.0,0.0,0.0,11.0,0.0,0.0
3130800513,0.0,0.0,0.0,50.0,7.0,0.0
3131003811,1.0,0.0,0.0,2.0,0.0,0.0
3131064356,0.0,0.0,0.0,0.0,1.0,0.0
3131078126,0.0,0.0,0.0,1.0,0.0,0.0
3131079983,0.0,0.0,0.0,1.0,0.0,0.0
3131144344,0.0,0.0,0.0,1.0,0.0,0.0
3131144863,0.0,0.0,0.0,0.0,1.0,0.0
3131148970,0.0,0.0,0.0,7.0,9.0,1.0
3131238821,0.0,0.0,0.0,1.0,0.0,0.0
3131446548,0.0,0.0,0.0,23.0,0.0,0.0
3131464015,0.0,0.0,0.0,2.0,2.0,2.0
3131512627,0.0,0.0,0.0,5.0,5.0,0.0
3131521120,2.0,0.0,0.0,4.0,0.0,0.0
3131647118,0.0,0.0,0.0,1.0,0.0,0.0
3131653556,0.0,0.0,0.0,4.0,0.0,0.0
3131654400,0.0,0.0,0.0,1.0,0.0,0.0
3131654489,0.0,0.0,0.0,1.0,0.0,0.0
3131654541,0.0,0.0,0.0,98.0,0.0,28.0
3131654577,0.0,0.0,0.0,2.0,0.0,0.0
3131654689,0.0,0.0,0.0,1.0,0.0,0.0
3131654719,0.0,0.0,0.0,2.0,0.0,1.0
3131654800,0.0,0.0,0.0,1.0,0.0,0.0
3131678269,0.0,0.0,0.0,3.0,1.0,0.0
3131686689,0.0,0.0,0.0,4.0,1.0,0.0
3131807340,0.0,0.0,0.0,1.0,0.0,0.0
3131807379,0.0,0.0,0.0,0.0,1.0,0.0
3131807386,0.0,0.0,0.0,13.0,4.0,4.0
3131807388,0.0,0.0,0.0,2.0,0.0,1.0
3131807508,0.0,0.0,0.0,1.0,0.0,0.0
3131810994,3.0,0.0,0.0,3.0,5.0,0.0
3131936366,0.0,0.0,0.0,5.0,2.0,0.0
3131978892,0.0,0.0,0.0,39.0,2.0,0.0
3132059214,0.0,0.0,0.0,3.0,1.0,0.0
3132070024,0.0,0.0,0.0,2.0,0.0,0.0
3132070315,0.0,0.0,0.0,2.0,1.0,0.0
3132093324,1.0,0.0,0.0,1.0,0.0,0.0
3132095088,0.0,0.0,0.0,6.0,0.0,0.0
3132108510,0.0,0.0,0.0,2.0,1.0,0.0
3132109322,0.0,0.0,0.0,2.0,0.0,0.0
3132111830,0.0,0.0,0.0,2.0,0.0,0.0
3132160698,0.0,0.0,0.0,2.0,0.0,0.0
3132171150,0.0,0.0,0.0,122.0,0.0,0.0
3132189217,1.0,0.0,0.0,2.0,0.0,0.0
3132195957,2.0,0.0,0.0,2.0,3.0,2.0
3132222532,4.0,0.0,0.0,1.0,2.0,0.0
3132235746,3.0,0.0,0.0,3.0,4.0,0.0
3132238407,2.0,0.0,0.0,1.0,4.0,1.0
3132266803,1.0,0.0,0.0,3.0,5.0,1.0
3132410695,0.0,0.0,0.0,2.0,3.0,0.0
3132430389,0.0,0.0,0.0,3.0,2.0,0.0
3132713357,1.0,1.0,0.0,3.0,11.0,1.0
3132905408,0.0,0.0,0.0,1.0,5.0,0.0
3132908033,0.0,0.0,0.0,7.0,0.0,0.0
3132981155,0.0,0.0,0.0,2.0,1.0,0.0
3133058562,0.0,0.0,0.0,59.0,53.0,0.0
3133830796,0.0,0.0,0.0,5.0,9.0,0.0
3133937104,0.0,0.0,0.0,5.0,0.0,0.0
3133979452,0.0,0.0,0.0,2.0,0.0,0.0
3134038234,0.0,0.0,0.0,5.0,7.0,0.0
3134055883,0.0,0.0,0.0,5.0,25.0,0.0
3134145272,0.0,0.0,0.0,3.0,6.0,1.0
3134206271,0.0,0.0,0.0,2.0,2.0,1.0
3134210443,0.0,0.0,0.0,3.0,0.0,0.0
3134301002,0.0,0.0,0.0,3.0,0.0,0.0
3134302678,0.0,0.0,0.0,5.0,1.0,0.0
3134342673,0.0,0.0,0.0,3.0,0.0,0.0
3134390007,0.0,0.0,0.0,2.0,1.0,0.0
3134392664,0.0,0.0,0.0,3.0,0.0,0.0
3134461621,0.0,0.0,0.0,2.0,0.0,0.0
3134463623,0.0,0.0,0.0,2.0,1.0,0.0
3134478540,0.0,0.0,0.0,1.0,0.0,0.0
3134491984,0.0,0.0,0.0,2.0,1.0,0.0
3134575697,0.0,0.0,0.0,0.0,7.0,0.0
3134576040,0.0,0.0,0.0,0.0,4.0,0.0
3134586800,0.0,0.0,0.0,3.0,3.0,0.0
3134651448,0.0,0.0,0.0,2.0,0.0,0.0
3134658680,0.0,0.0,0.0,3.0,0.0,0.0
3134692524,0.0,0.0,0.0,4.0,4.0,0.0
3134692878,0.0,0.0,0.0,4.0,4.0,0.0
3134717587,0.0,0.0,0.0,52.0,6.0,0.0
3134733967,0.0,0.0,0.0,1.0,0.0,0.0
3134834594,0.0,0.0,0.0,4.0,9.0,9.0
3134882955,0.0,0.0,0.0,3.0,3.0,0.0
3134900878,0.0,0.0,0.0,2.0,0.0,0.0
3134901340,0.0,0.0,0.0,4.0,0.0,0.0
3134901959,4.0,0.0,0.0,4.0,0.0,0.0
3134913454,0.0,0.0,0.0,2.0,0.0,0.0
3134916409,0.0,0.0,0.0,1.0,0.0,0.0
3134923757,1.0,0.0,0.0,2.0,1.0,0.0
3134927053,0.0,0.0,0.0,1.0,1.0,0.0
3134962245,0.0,0.0,0.0,3.0,3.0,0.0
3135152567,0.0,0.0,0.0,51.0,7.0,0.0
3135203702,0.0,0.0,0.0,8.0,1.0,0.0
3135221647,0.0,0.0,0.0,5.0,0.0,0.0
3135281578,0.0,0.0,0.0,4.0,2.0,0.0
3135305868,0.0,0.0,0.0,5.0,3.0,0.0
3135308349,0.0,0.0,0.0,13.0,23.0,0.0
3135316626,2.0,0.0,0.0,5.0,0.0,0.0
3135405081,0.0,0.0,0.0,9.0,0.0,3.0
3135414550,0.0,0.0,0.0,3.0,2.0,0.0
3135416562,0.0,0.0,0.0,4.0,1.0,0.0
3135452361,0.0,0.0,0.0,7.0,0.0,0.0
3135502954,1.0,1.0,0.0,6.0,5.0,0.0
3135836662,0.0,0.0,0.0,5.0,1.0,1.0
3135925426,0.0,0.0,0.0,4.0,6.0,0.0
3135999700,0.0,0.0,0.0,4.0,0.0,0.0
3136021326,0.0,0.0,0.0,1.0,0.0,0.0
3136041106,0.0,0.0,0.0,3.0,2.0,0.0
3136047559,0.0,0.0,0.0,3.0,1.0,0.0
3136050524,0.0,0.0,0.0,2.0,1.0,0.0
3136051607,0.0,0.0,0.0,3.0,2.0,0.0
3136052318,0.0,0.0,0.0,6.0,1.0,0.0
3136053629,0.0,0.0,0.0,4.0,1.0,0.0
3136054668,0.0,0.0,0.0,2.0,0.0,0.0
3136055973,0.0,0.0,0.0,3.0,1.0,0.0
3136071798,0.0,0.0,0.0,1.0,1.0,0.0
3136072840,0.0,0.0,0.0,3.0,1.0,0.0
3136072957,0.0,0.0,0.0,2.0,1.0,0.0
3136073037,0.0,0.0,0.0,3.0,1.0,1.0
3136073133,0.0,0.0,0.0,3.0,1.0,0.0
3136199896,66.0,0.0,0.0,146.0,4.0,0.0
3136200997,0.0,0.0,0.0,5.0,0.0,0.0
3136224160,0.0,0.0,0.0,2.0,0.0,0.0
3136290510,78.0,27.0,1.0,0.0,0.0,0.0
3136399972,0.0,0.0,0.0,1.0,0.0,0.0
3136402010,0.0,0.0,0.0,3.0,0.0,0.0
3136476031,0.0,0.0,0.0,2.0,0.0,0.0
3136582509,1.0,0.0,0.0,6.0,1.0,0.0
3136584440,0.0,0.0,0.0,7.0,0.0,0.0
3136585491,0.0,0.0,0.0,6.0,0.0,0.0
3136588304,4.0,0.0,0.0,5.0,0.0,0.0
3136591156,0.0,0.0,0.0,6.0,3.0,0.0
3136593503,4.0,0.0,0.0,3.0,0.0,0.0
3136595893,7.0,0.0,0.0,4.0,0.0,0.0
3136791188,0.0,0.0,0.0,2.0,0.0,0.0
3136800169,0.0,0.0,0.0,2.0,0.0,0.0
3137058094,4.0,0.0,0.0,14.0,0.0,0.0
3137146172,0.0,0.0,0.0,2.0,2.0,0.0
3137635226,0.0,0.0,0.0,6.0,0.0,0.0
3137635779,11.0,0.0,0.0,8.0,0.0,0.0
3137677174,2.0,0.0,1.0,1.0,2.0,0.0
3137739584,0.0,0.0,0.0,3.0,15.0,15.0
3137765636,0.0,0.0,0.0,0.0,1.0,0.0
3137845121,1.0,0.0,0.0,4.0,1.0,9.0
3138033651,1.0,0.0,0.0,2.0,1.0,0.0
3138045580,0.0,0.0,0.0,4.0,0.0,0.0
3138073133,1.0,0.0,0.0,5.0,0.0,0.0
3138077745,0.0,0.0,0.0,4.0,0.0,0.0
3138102803,0.0,0.0,0.0,5.0,1.0,0.0
3138206339,0.0,0.0,0.0,2.0,0.0,0.0
3138222448,1.0,0.0,0.0,5.0,18.0,2.0
3138225530,0.0,0.0,0.0,2.0,0.0,0.0
3138264959,1.0,0.0,0.0,6.0,5.0,2.0
3138279170,0.0,0.0,0.0,5.0,3.0,2.0
3138288784,0.0,0.0,0.0,2.0,0.0,0.0
3138356679,0.0,0.0,0.0,3.0,1.0,0.0
3138358043,0.0,0.0,0.0,1.0,1.0,0.0
3138387778,7.0,7.0,0.0,6.0,2.0,2.0
3138415641,0.0,0.0,0.0,13.0,0.0,0.0
3138551256,0.0,0.0,0.0,5.0,0.0,0.0
3138746796,0.0,0.0,0.0,5.0,0.0,0.0
3138824265,0.0,0.0,0.0,0.0,1.0,0.0
3138853756,0.0,0.0,0.0,1.0,0.0,0.0
3139071787,0.0,0.0,0.0,3.0,3.0,0.0
3139119573,0.0,0.0,0.0,35.0,0.0,0.0
3139330916,0.0,0.0,0.0,1.0,1.0,0.0
3139366455,0.0,0.0,0.0,0.0,15.0,0.0
3139420152,0.0,0.0,0.0,3.0,0.0,0.0
3139866361,0.0,0.0,0.0,12.0,1.0,3.0
3140025663,0.0,0.0,0.0,6.0,0.0,0.0
3140054883,0.0,0.0,0.0,5.0,3.0,0.0
3140073726,1.0,0.0,0.0,6.0,0.0,0.0
3140211798,0.0,0.0,0.0,3.0,0.0,0.0
3140219724,0.0,0.0,0.0,1.0,0.0,0.0
3140347992,1.0,0.0,0.0,2.0,1.0,0.0
3140367080,4.0,1.0,2.0,3.0,2.0,0.0
3140393985,0.0,0.0,0.0,1.0,0.0,0.0
3140410140,0.0,0.0,0.0,2.0,0.0,0.0
3140410870,0.0,0.0,0.0,2.0,1.0,0.0
3140472053,0.0,0.0,0.0,1.0,0.0,0.0
3140483943,0.0,0.0,0.0,2.0,0.0,0.0
3140613045,0.0,0.0,0.0,17.0,72.0,70.0
3140717128,0.0,0.0,0.0,3.0,1.0,0.0
3140788127,0.0,0.0,0.0,2.0,0.0,0.0
3140865910,0.0,0.0,0.0,4.0,0.0,0.0
3140906043,0.0,0.0,0.0,3.0,0.0,0.0
3140918701,0.0,0.0,0.0,1.0,0.0,0.0
3140927195,0.0,0.0,0.0,4.0,0.0,0.0
3140941069,3.0,0.0,1.0,1.0,3.0,0.0
3140965520,2.0,0.0,0.0,4.0,0.0,0.0
3141163223,0.0,0.0,0.0,4.0,0.0,0.0
3141186372,0.0,0.0,0.0,4.0,0.0,0.0
3141187494,0.0,0.0,0.0,2.0,0.0,0.0
3141209058,0.0,0.0,0.0,1.0,1.0,0.0
3141249966,0.0,0.0,0.0,2.0,1.0,0.0
3141306836,0.0,0.0,0.0,1.0,0.0,0.0
3141365675,0.0,0.0,0.0,1.0,2.0,0.0
3141369327,0.0,0.0,0.0,1.0,1.0,0.0
3141369441,0.0,0.0,0.0,1.0,1.0,0.0
3141381557,0.0,0.0,0.0,2.0,2.0,0.0
3141435438,0.0,0.0,0.0,2.0,0.0,0.0
3141541564,11.0,0.0,1.0,62.0,30.0,6.0
3141665913,0.0,0.0,0.0,5.0,1.0,0.0
3141778993,0.0,0.0,0.0,2.0,0.0,0.0
3141911382,0.0,0.0,0.0,1.0,0.0,0.0
3141952773,0.0,0.0,0.0,4.0,3.0,0.0
3142196122,0.0,0.0,0.0,4.0,0.0,5.0
3142365086,0.0,0.0,0.0,7.0,2.0,1.0
3142406560,0.0,0.0,0.0,5.0,1.0,0.0
3142513903,0.0,0.0,0.0,1.0,0.0,0.0
3142850147,0.0,0.0,0.0,2.0,0.0,0.0
3142854017,0.0,0.0,0.0,9.0,0.0,5.0
3143270588,0.0,0.0,0.0,1.0,0.0,0.0
3143297617,0.0,0.0,0.0,15.0,5.0,0.0
3143311231,0.0,0.0,0.0,2.0,2.0,0.0
3143372325,0.0,0.0,0.0,734.0,6.0,4.0
3143406408,0.0,0.0,0.0,4.0,3.0,2.0
3143420631,0.0,0.0,0.0,3.0,1.0,0.0
3143424003,0.0,0.0,0.0,4.0,21.0,0.0
3143461869,0.0,0.0,0.0,5.0,0.0,0.0
3143508366,12.0,6.0,1.0,14.0,21.0,4.0
3143541016,0.0,0.0,0.0,2.0,0.0,0.0
3143682198,0.0,0.0,0.0,4.0,0.0,0.0
3143689167,0.0,0.0,0.0,6.0,1.0,0.0
3143944164,0.0,0.0,0.0,1.0,0.0,0.0
3144015338,12.0,0.0,1.0,74.0,67.0,7.0
3144072008,0.0,0.0,0.0,3.0,0.0,0.0
3144090313,0.0,0.0,0.0,3.0,1.0,0.0
3144101754,0.0,0.0,0.0,1.0,0.0,0.0
3144308623,0.0,0.0,0.0,2.0,1.0,0.0
3144312641,0.0,0.0,0.0,2.0,2.0,0.0
3144380858,0.0,0.0,0.0,2.0,2.0,0.0
3144404133,0.0,0.0,0.0,5.0,0.0,0.0
3144417356,1.0,0.0,0.0,7.0,0.0,1.0
3144478740,0.0,0.0,0.0,8.0,0.0,0.0
3144500550,2.0,0.0,0.0,4.0,0.0,0.0
3144536079,0.0,0.0,0.0,1.0,0.0,0.0
3144703793,2.0,0.0,0.0,3.0,0.0,0.0
3144798631,0.0,0.0,0.0,6.0,5.0,0.0
3145058055,0.0,0.0,0.0,3.0,0.0,0.0
3145238894,0.0,0.0,0.0,1.0,0.0,0.0
3145358103,0.0,0.0,0.0,4.0,4.0,0.0
3145371522,0.0,0.0,0.0,3.0,1.0,1.0
3145373538,0.0,0.0,0.0,2.0,19.0,0.0
3145625420,0.0,0.0,0.0,19.0,4.0,2.0
3145676814,0.0,0.0,0.0,2.0,0.0,0.0
3145680961,0.0,0.0,0.0,2.0,0.0,0.0
3145702280,0.0,0.0,0.0,12.0,8.0,6.0
3145923591,0.0,0.0,0.0,7.0,12.0,1.0
3146195868,0.0,0.0,0.0,2.0,1.0,0.0
3146210477,0.0,0.0,0.0,2.0,1.0,0.0
3146309608,0.0,0.0,0.0,1.0,0.0,0.0
3146309919,0.0,0.0,0.0,1.0,0.0,0.0
3146310178,0.0,0.0,0.0,1.0,0.0,0.0
3146314454,0.0,0.0,0.0,1.0,0.0,0.0
3146327415,0.0,0.0,0.0,3.0,6.0,0.0
3146327831,0.0,0.0,0.0,2.0,0.0,0.0
3146327924,0.0,0.0,0.0,8.0,0.0,0.0
3146328193,0.0,0.0,0.0,1.0,0.0,0.0
3146328365,0.0,0.0,0.0,2.0,0.0,0.0
3146329143,0.0,0.0,0.0,2.0,0.0,0.0
3146329354,0.0,0.0,0.0,2.0,0.0,0.0
3146332801,0.0,0.0,0.0,4.0,0.0,0.0
3146392650,0.0,0.0,0.0,1.0,0.0,0.0
3146843488,0.0,0.0,0.0,2.0,0.0,0.0
3146906214,2.0,0.0,0.0,3.0,0.0,0.0
3146907384,0.0,0.0,0.0,16.0,0.0,0.0
3146955761,0.0,0.0,0.0,1.0,0.0,0.0
3146963128,0.0,0.0,0.0,1.0,1.0,0.0
3147052092,0.0,0.0,0.0,2.0,0.0,0.0
3147110986,0.0,0.0,0.0,2.0,0.0,0.0
3147147049,0.0,0.0,0.0,2.0,0.0,0.0
3147153408,0.0,0.0,0.0,4.0,0.0,0.0
3147158866,0.0,0.0,0.0,2.0,1.0,0.0
3147161232,0.0,0.0,0.0,2.0,0.0,0.0
3147199711,0.0,0.0,0.0,5.0,6.0,0.0
3147266863,0.0,0.0,0.0,5.0,1.0,0.0
3147268350,0.0,0.0,0.0,6.0,11.0,0.0
3147300572,0.0,0.0,0.0,5.0,3.0,0.0
3147321747,0.0,0.0,0.0,1.0,0.0,0.0
3147421099,0.0,0.0,0.0,9.0,3.0,0.0
3147449966,0.0,0.0,0.0,2.0,1.0,0.0
3147721605,1.0,0.0,0.0,2.0,0.0,0.0
3147820985,0.0,0.0,0.0,4.0,0.0,0.0
3147827082,0.0,0.0,0.0,4.0,0.0,0.0
3147829054,0.0,0.0,0.0,3.0,1.0,0.0
3147839431,0.0,0.0,0.0,3.0,0.0,0.0
3147840719,0.0,0.0,0.0,2.0,0.0,0.0
3148054400,0.0,0.0,0.0,12.0,0.0,0.0
3148079157,7.0,0.0,1.0,9.0,5.0,0.0
3148089145,0.0,0.0,0.0,6.0,2.0,0.0
3148184085,0.0,0.0,0.0,7.0,9.0,0.0
3148204191,0.0,0.0,0.0,16.0,0.0,0.0
3148216316,0.0,0.0,0.0,1.0,1.0,0.0
3148248930,0.0,0.0,0.0,1.0,1.0,1.0
3148285881,0.0,1.0,8.0,0.0,1.0,0.0
3148391336,5.0,0.0,0.0,3.0,2.0,0.0
3148512814,0.0,0.0,0.0,4.0,0.0,0.0
3148625705,0.0,0.0,0.0,1.0,0.0,0.0
3148815078,6.0,0.0,0.0,31.0,4.0,0.0
3148964389,0.0,0.0,0.0,3.0,2.0,0.0
3149038837,0.0,0.0,0.0,1.0,3.0,0.0
3149833124,0.0,0.0,0.0,1.0,0.0,0.0
3149839458,2.0,1.0,0.0,0.0,0.0,0.0
3150152410,0.0,0.0,0.0,1.0,6.0,0.0
3150279571,0.0,0.0,0.0,2.0,1.0,0.0
3150351692,6.0,0.0,0.0,6.0,0.0,0.0
3150393125,0.0,0.0,0.0,3.0,0.0,0.0
3150665460,0.0,0.0,0.0,5.0,1.0,0.0
3150768290,0.0,0.0,0.0,2.0,0.0,0.0
3150780897,0.0,0.0,0.0,3.0,0.0,0.0
3150912798,0.0,0.0,0.0,2.0,1.0,0.0
3150960964,1.0,0.0,0.0,2.0,3.0,1.0
3151242547,0.0,0.0,0.0,4.0,1.0,0.0
3151335166,0.0,0.0,0.0,3.0,0.0,0.0
3151360963,0.0,0.0,0.0,1.0,0.0,0.0
3151403894,0.0,0.0,0.0,9.0,0.0,0.0
3151469750,0.0,0.0,0.0,1.0,4.0,0.0
3151493336,0.0,0.0,0.0,4.0,1.0,0.0
3151557823,0.0,0.0,0.0,3.0,0.0,0.0
3151712669,0.0,0.0,0.0,1.0,1.0,0.0
3151748196,0.0,0.0,0.0,5.0,1.0,0.0
3151753047,5.0,0.0,0.0,21.0,6.0,0.0
3151798896,29.0,106.0,3.0,59.0,94.0,4.0
3151837966,0.0,0.0,0.0,6.0,8.0,0.0
3151873955,44.0,4.0,2.0,1.0,0.0,0.0
3151946493,0.0,0.0,0.0,4.0,1.0,0.0
3152227876,0.0,0.0,0.0,2.0,1.0,0.0
3152472726,0.0,0.0,0.0,4.0,0.0,0.0
3152714709,0.0,0.0,0.0,3.0,1.0,0.0
3152847691,0.0,0.0,0.0,106.0,57.0,0.0
3152920023,0.0,0.0,0.0,4.0,2.0,0.0
3152988692,0.0,0.0,0.0,4.0,6.0,0.0
3153054303,0.0,0.0,0.0,1.0,0.0,0.0
3153148507,0.0,0.0,0.0,3.0,1.0,0.0
3153218899,1.0,0.0,0.0,312.0,2.0,0.0
3153378527,2.0,0.0,0.0,0.0,0.0,0.0
3153675861,0.0,0.0,0.0,2.0,1.0,0.0
3153703742,0.0,0.0,0.0,4.0,2.0,0.0
3153710813,0.0,0.0,0.0,3.0,1.0,0.0
3153748109,0.0,0.0,0.0,9.0,8.0,3.0
3153749441,74.0,0.0,0.0,101.0,3.0,0.0
3153766844,0.0,0.0,0.0,5.0,0.0,0.0
3153767187,0.0,0.0,0.0,9.0,3.0,0.0
3154108264,0.0,0.0,0.0,4.0,1.0,0.0
3154144169,0.0,0.0,0.0,1.0,0.0,0.0
3154152287,0.0,0.0,0.0,6.0,10.0,0.0
3154236165,0.0,0.0,0.0,1.0,0.0,0.0
3154258674,5.0,0.0,0.0,13.0,3.0,0.0
3154331903,0.0,0.0,0.0,8.0,1.0,0.0
3154511133,0.0,0.0,0.0,5.0,46.0,46.0
3154606547,7.0,0.0,0.0,8.0,1.0,0.0
3154729147,0.0,0.0,0.0,10.0,0.0,0.0
3154734636,0.0,0.0,0.0,3.0,15.0,0.0
3154756123,0.0,0.0,0.0,3.0,1.0,0.0
3154758729,0.0,0.0,0.0,25.0,0.0,0.0
3154770102,1.0,1.0,0.0,25.0,116.0,1.0
3154800493,0.0,0.0,0.0,3.0,0.0,0.0
3154816370,0.0,0.0,0.0,4.0,0.0,0.0
3154817280,0.0,0.0,0.0,8.0,0.0,0.0
3154817840,0.0,0.0,0.0,3.0,0.0,0.0
3154899801,0.0,0.0,0.0,1.0,0.0,0.0
3154906347,0.0,0.0,0.0,3.0,1.0,0.0
3154921173,0.0,0.0,0.0,3.0,1.0,0.0
3155033995,0.0,0.0,0.0,9.0,1.0,0.0
3155034288,0.0,0.0,0.0,9.0,1.0,0.0
3155034843,0.0,0.0,0.0,9.0,1.0,0.0
3155121796,0.0,0.0,0.0,36.0,0.0,0.0
3155127737,0.0,0.0,0.0,1.0,0.0,0.0
3155143197,0.0,0.0,0.0,7.0,5.0,0.0
3155192151,0.0,0.0,0.0,3.0,1.0,0.0
3155310952,0.0,0.0,0.0,19.0,0.0,0.0
3155319500,0.0,0.0,0.0,1.0,2.0,0.0
3155319976,0.0,0.0,0.0,0.0,1.0,0.0
3155405606,0.0,0.0,0.0,2.0,0.0,0.0
3155685400,0.0,0.0,0.0,6.0,6.0,0.0
3155774248,0.0,0.0,0.0,6.0,2.0,0.0
3155815373,0.0,0.0,0.0,6.0,0.0,0.0
3155881276,0.0,0.0,0.0,3.0,0.0,0.0
3155885652,0.0,0.0,0.0,1.0,0.0,0.0
3155889109,0.0,0.0,0.0,1.0,0.0,0.0
3155923412,47.0,35.0,9.0,0.0,0.0,0.0
3156138201,0.0,0.0,0.0,1.0,2.0,0.0
3156177738,0.0,0.0,0.0,1.0,0.0,0.0
3156291643,0.0,0.0,0.0,13.0,4.0,0.0
3156387866,0.0,0.0,0.0,4.0,2.0,1.0
3156418108,0.0,0.0,0.0,2.0,1.0,1.0
3156431877,0.0,0.0,0.0,1.0,0.0,0.0
3156451435,0.0,0.0,0.0,2.0,1.0,0.0
3156938074,0.0,0.0,0.0,3.0,0.0,0.0
3156952451,0.0,0.0,0.0,14.0,12.0,2.0
3157225263,0.0,0.0,0.0,1.0,4.0,0.0
3157399266,0.0,0.0,0.0,4.0,0.0,0.0
3157471409,0.0,0.0,0.0,3.0,0.0,0.0
3157473209,0.0,0.0,0.0,3.0,0.0,0.0
3157520315,0.0,0.0,0.0,1.0,2.0,0.0
3157523410,0.0,0.0,0.0,14.0,0.0,0.0
3157555145,4.0,0.0,0.0,6.0,4.0,2.0
3157725479,0.0,0.0,0.0,2.0,1.0,0.0
3157756972,0.0,0.0,0.0,2.0,0.0,0.0
3157821559,0.0,0.0,0.0,4.0,2.0,0.0
3158034133,1.0,0.0,0.0,1.0,0.0,0.0
3158055227,0.0,0.0,0.0,0.0,1.0,0.0
3158099802,0.0,0.0,0.0,1.0,0.0,0.0
3158221585,0.0,0.0,0.0,1.0,3.0,0.0
3158240827,0.0,0.0,0.0,3.0,4.0,0.0
3158304414,0.0,0.0,0.0,4.0,4.0,3.0
3158347305,0.0,0.0,0.0,4.0,0.0,0.0
3158426121,0.0,0.0,0.0,14.0,0.0,0.0
3158500047,0.0,0.0,0.0,4.0,1.0,0.0
3158500341,0.0,0.0,0.0,4.0,3.0,0.0
3158584991,0.0,0.0,0.0,2.0,7.0,0.0
3158721634,0.0,0.0,0.0,3.0,0.0,0.0
3158731964,0.0,0.0,0.0,8.0,1.0,0.0
3158753983,0.0,0.0,0.0,2.0,0.0,0.0
3158776739,0.0,0.0,0.0,15.0,25.0,0.0
3158802702,34.0,0.0,0.0,9.0,33.0,0.0
3158805389,3.0,0.0,1.0,4.0,3.0,0.0
3158873801,0.0,0.0,0.0,3.0,6.0,0.0
3158908186,0.0,0.0,0.0,1.0,0.0,0.0
3158937469,0.0,0.0,0.0,2.0,1.0,0.0
3158969081,0.0,0.0,0.0,4.0,3.0,0.0
3159071519,0.0,0.0,0.0,6.0,1.0,0.0
3159100053,0.0,0.0,0.0,57.0,0.0,0.0
3159124752,0.0,0.0,0.0,3.0,0.0,0.0
3159178442,0.0,0.0,0.0,6.0,0.0,0.0
3159212731,0.0,0.0,0.0,1.0,0.0,0.0
3159398331,0.0,0.0,0.0,12.0,2.0,0.0
3159415433,0.0,0.0,0.0,3.0,0.0,0.0
3159580722,0.0,0.0,0.0,1.0,0.0,0.0
3159656825,0.0,0.0,0.0,27.0,40.0,1.0
3159723274,0.0,0.0,0.0,2.0,0.0,0.0
3160353937,0.0,0.0,0.0,1.0,0.0,0.0
3160360374,0.0,0.0,0.0,1.0,1.0,0.0
3160590614,0.0,0.0,0.0,3.0,13.0,0.0
3160653118,7.0,4.0,0.0,2.0,6.0,0.0
3160672707,0.0,0.0,0.0,4.0,0.0,0.0
3160673058,0.0,0.0,0.0,3.0,2.0,0.0
3160932333,0.0,0.0,0.0,2.0,0.0,0.0
3160949988,0.0,0.0,0.0,1.0,0.0,0.0
3160974189,0.0,0.0,0.0,2.0,0.0,0.0
3160982346,0.0,0.0,0.0,4.0,1.0,0.0
3160997096,0.0,0.0,0.0,6.0,2.0,0.0
3161009617,0.0,90.0,1.0,2.0,1.0,1.0
3161011376,0.0,0.0,0.0,7.0,9.0,0.0
3161015713,0.0,0.0,0.0,2.0,0.0,0.0
3161130988,0.0,0.0,0.0,28.0,0.0,0.0
3161155289,0.0,0.0,0.0,1.0,1.0,0.0
3161179390,0.0,0.0,0.0,0.0,11.0,0.0
3161226190,0.0,0.0,0.0,9.0,6.0,1.0
3161407157,0.0,0.0,0.0,3.0,0.0,0.0
3161435594,0.0,0.0,0.0,2.0,0.0,0.0
3161478058,0.0,0.0,0.0,5.0,1.0,0.0
3161540724,0.0,0.0,0.0,7.0,14.0,12.0
3161564098,0.0,0.0,0.0,1.0,2.0,0.0
3161570045,0.0,0.0,0.0,3.0,4.0,0.0
3161649548,0.0,0.0,0.0,24.0,18.0,0.0
3161682874,0.0,0.0,0.0,3.0,2.0,0.0
3161708496,0.0,0.0,0.0,2.0,7.0,0.0
3161744251,1.0,0.0,0.0,2.0,0.0,0.0
3161748928,0.0,0.0,0.0,2.0,12.0,0.0
3161998177,0.0,0.0,0.0,2.0,0.0,0.0
3162046213,0.0,0.0,0.0,1.0,0.0,0.0
3162088693,0.0,0.0,0.0,5.0,0.0,0.0
3162263131,1.0,0.0,0.0,70.0,84.0,34.0
3162346531,0.0,0.0,0.0,1.0,0.0,0.0
3162485837,0.0,0.0,0.0,14.0,0.0,0.0
3162500791,0.0,0.0,0.0,2.0,0.0,0.0
3162624847,0.0,0.0,0.0,7.0,2.0,0.0
3163186785,0.0,0.0,0.0,2.0,0.0,0.0
3163189958,0.0,0.0,0.0,300.0,0.0,0.0
3163205877,0.0,0.0,0.0,1.0,0.0,0.0
3163243779,0.0,0.0,0.0,6.0,0.0,0.0
3163415789,10.0,0.0,0.0,12.0,0.0,0.0
3163607199,0.0,0.0,0.0,3.0,3.0,0.0
3163701378,0.0,0.0,0.0,1.0,0.0,0.0
3163704165,0.0,0.0,0.0,6.0,3.0,0.0
3163786071,2.0,0.0,0.0,2.0,0.0,1.0
3163792029,1.0,0.0,0.0,4.0,1.0,0.0
3163804247,0.0,0.0,0.0,1.0,1.0,0.0
3163863050,4.0,0.0,0.0,9.0,3.0,0.0
3164019328,167.0,86.0,6.0,0.0,0.0,0.0
3164097352,0.0,0.0,0.0,17.0,0.0,0.0
3164197885,0.0,0.0,0.0,2.0,1.0,0.0
3164218259,0.0,0.0,0.0,15.0,0.0,0.0
3164310033,0.0,0.0,0.0,6.0,13.0,0.0
3164310659,0.0,0.0,0.0,1.0,0.0,0.0
3164312582,0.0,0.0,0.0,2.0,0.0,0.0
3164359864,0.0,0.0,0.0,3.0,3.0,0.0
3164366840,0.0,0.0,0.0,9.0,8.0,1.0
3164391666,0.0,0.0,0.0,1.0,0.0,0.0
3164405204,0.0,0.0,0.0,1.0,1.0,0.0
3164503419,0.0,0.0,0.0,10.0,2.0,0.0
3164516369,0.0,0.0,0.0,2.0,0.0,0.0
3164528420,0.0,0.0,0.0,3.0,0.0,0.0
3164558131,0.0,0.0,0.0,2.0,1.0,0.0
3164609589,0.0,0.0,0.0,1.0,0.0,0.0
3164619281,0.0,0.0,0.0,13.0,0.0,0.0
3164619696,12.0,0.0,0.0,17.0,0.0,0.0
3164620000,0.0,0.0,0.0,39.0,0.0,0.0
3164620580,0.0,0.0,0.0,2.0,0.0,0.0
3164661895,0.0,0.0,0.0,5.0,4.0,0.0
3164861006,18.0,0.0,0.0,10.0,21.0,4.0
3164888553,0.0,0.0,0.0,3.0,1.0,0.0
3164956727,0.0,0.0,0.0,5.0,2.0,0.0
3165093887,0.0,0.0,0.0,0.0,2.0,0.0
3165094657,0.0,0.0,0.0,0.0,2.0,0.0
3165096465,0.0,0.0,0.0,7.0,0.0,0.0
3165098830,0.0,0.0,0.0,3.0,6.0,27.0
3165213002,0.0,0.0,0.0,2.0,1.0,0.0
3165289823,0.0,0.0,0.0,9.0,2.0,0.0
3165323042,0.0,0.0,0.0,2.0,0.0,0.0
3165363367,0.0,0.0,0.0,15.0,1.0,0.0
3165382142,1.0,0.0,0.0,4.0,0.0,0.0
3165394546,0.0,0.0,0.0,8.0,1.0,0.0
3165440543,0.0,0.0,0.0,4.0,0.0,0.0
3165499150,0.0,0.0,0.0,10.0,3.0,0.0
3165541895,0.0,0.0,0.0,13.0,0.0,2.0
3165558236,0.0,0.0,0.0,6.0,7.0,0.0
3165662397,0.0,0.0,0.0,2.0,0.0,0.0
3165677582,1.0,1.0,0.0,9.0,8.0,3.0
3165684483,1.0,0.0,0.0,4.0,2.0,0.0
3165697321,0.0,0.0,0.0,4.0,17.0,0.0
3165699507,0.0,0.0,0.0,2.0,19.0,0.0
3165722637,0.0,0.0,0.0,2.0,0.0,0.0
3165901392,0.0,0.0,0.0,6.0,1.0,0.0
3165990616,0.0,0.0,0.0,7.0,0.0,0.0
3166043633,0.0,0.0,0.0,7.0,0.0,0.0
3166072075,0.0,0.0,0.0,1.0,0.0,0.0
3166101393,0.0,0.0,0.0,2.0,0.0,0.0
3166124429,0.0,0.0,0.0,8.0,6.0,0.0
3166163340,0.0,0.0,0.0,2.0,1.0,0.0
3166183819,0.0,0.0,0.0,5.0,3.0,0.0
3166285250,0.0,0.0,0.0,3.0,1.0,1.0
3166287915,0.0,0.0,0.0,11.0,1.0,1.0
3166294470,0.0,0.0,0.0,2.0,0.0,0.0
3166296433,0.0,0.0,0.0,4.0,0.0,0.0
3166296623,0.0,0.0,0.0,2.0,1.0,0.0
3166380013,10.0,1.0,0.0,12.0,1.0,0.0
3166618227,0.0,0.0,0.0,2.0,0.0,0.0
3166703059,0.0,0.0,0.0,3.0,0.0,0.0
3166710563,22.0,40.0,42.0,11.0,122.0,9.0
3166720968,3.0,3.0,0.0,0.0,0.0,0.0
3166864631,1.0,0.0,0.0,12.0,14.0,0.0
3166880168,0.0,0.0,0.0,33.0,2.0,0.0
3167220264,0.0,0.0,0.0,2.0,0.0,0.0
3167223032,1.0,0.0,0.0,0.0,0.0,0.0
3167247025,0.0,0.0,0.0,1.0,1.0,0.0
3167273719,6.0,0.0,0.0,7.0,1.0,1.0
3167293449,0.0,0.0,0.0,0.0,1.0,0.0
3167302708,0.0,0.0,0.0,0.0,1.0,0.0
3167462922,0.0,0.0,0.0,2.0,0.0,0.0
3167603002,0.0,0.0,0.0,3.0,2.0,0.0
3167627816,0.0,0.0,0.0,5.0,0.0,0.0
3167822364,0.0,0.0,0.0,1.0,0.0,0.0
3168132884,0.0,0.0,0.0,1.0,0.0,0.0
3168150319,0.0,0.0,0.0,2.0,0.0,0.0
3168217498,0.0,0.0,0.0,6.0,0.0,0.0
3168436876,0.0,0.0,0.0,3.0,17.0,0.0
3168521538,0.0,0.0,0.0,4.0,2.0,0.0
3168569644,0.0,0.0,0.0,8.0,4.0,0.0
3168612898,0.0,0.0,0.0,1.0,0.0,0.0
3168623396,6.0,0.0,0.0,6.0,0.0,0.0
3168626948,3.0,0.0,0.0,4.0,0.0,0.0
3168695693,0.0,0.0,0.0,5.0,1.0,1.0
3168708594,0.0,0.0,0.0,2.0,0.0,0.0
3168803023,0.0,0.0,0.0,2.0,0.0,0.0
3168803564,0.0,0.0,0.0,1.0,0.0,0.0
3168844975,0.0,0.0,0.0,8.0,0.0,0.0
3168934306,0.0,0.0,0.0,2.0,0.0,0.0
3168945096,0.0,0.0,0.0,6.0,6.0,0.0
3168979941,0.0,0.0,0.0,2.0,0.0,0.0
3169043242,0.0,0.0,0.0,13.0,0.0,0.0
3169050288,0.0,0.0,0.0,2.0,1.0,0.0
3169054009,0.0,0.0,0.0,4.0,2.0,0.0
3169069018,0.0,0.0,0.0,3.0,0.0,0.0
3169102437,0.0,0.0,0.0,8.0,3.0,0.0
3169108993,0.0,0.0,0.0,1.0,0.0,0.0
3169118920,0.0,0.0,0.0,1.0,1.0,0.0
3169142518,1.0,0.0,0.0,16.0,1.0,0.0
3169159037,0.0,0.0,0.0,1.0,0.0,0.0
3169187477,24.0,0.0,0.0,1.0,0.0,0.0
3169197980,0.0,0.0,0.0,3.0,0.0,0.0
3169212086,0.0,0.0,0.0,1.0,0.0,0.0
3169215423,0.0,0.0,0.0,1.0,5.0,0.0
3169219154,0.0,0.0,0.0,2.0,2.0,0.0
3169364885,0.0,0.0,0.0,3.0,4.0,0.0
3169383258,0.0,0.0,0.0,2.0,0.0,0.0
3169493710,0.0,0.0,0.0,3.0,2.0,0.0
3169504363,0.0,0.0,0.0,1.0,0.0,0.0
3169529285,0.0,0.0,0.0,6.0,0.0,0.0
3169578659,0.0,0.0,0.0,18.0,0.0,0.0
3169607617,0.0,0.0,0.0,6.0,0.0,0.0
3169619128,0.0,0.0,0.0,2.0,29.0,8.0
3169620759,0.0,0.0,0.0,4.0,1.0,0.0
3169801705,0.0,0.0,0.0,1.0,0.0,0.0
3169919867,0.0,0.0,0.0,1.0,0.0,0.0
3170056340,0.0,0.0,0.0,2.0,0.0,0.0
3170071914,0.0,0.0,0.0,5.0,1.0,0.0
3170282540,1.0,0.0,0.0,2.0,1.0,0.0
3170309460,0.0,0.0,0.0,12.0,5.0,0.0
3170483078,0.0,0.0,0.0,2.0,1.0,0.0
3170544938,0.0,0.0,0.0,3.0,0.0,0.0
3170760184,0.0,0.0,0.0,4.0,0.0,9.0
3171035963,0.0,0.0,0.0,2.0,0.0,0.0
3171284311,0.0,0.0,0.0,2.0,0.0,0.0
3171332332,0.0,0.0,0.0,2.0,0.0,0.0
3171382870,0.0,0.0,0.0,6.0,2.0,2.0
3171559766,0.0,0.0,0.0,4.0,1.0,0.0
3171974887,1.0,0.0,0.0,7.0,1.0,0.0
3172063081,1.0,0.0,0.0,2.0,0.0,0.0
3172177351,3.0,0.0,0.0,0.0,0.0,0.0
3172263787,0.0,0.0,0.0,4.0,0.0,0.0
3172267745,0.0,0.0,0.0,8.0,0.0,0.0
3172362186,0.0,0.0,0.0,18.0,1.0,2.0
3172381881,0.0,0.0,0.0,5.0,5.0,4.0
3172450803,1.0,0.0,0.0,7.0,1.0,0.0
3172566371,0.0,0.0,0.0,1.0,4.0,0.0
3172616024,0.0,0.0,0.0,3.0,5.0,0.0
3172617064,0.0,0.0,0.0,9.0,1.0,0.0
3172620921,0.0,0.0,0.0,3.0,17.0,0.0
3172635187,1.0,0.0,0.0,30.0,11.0,0.0
3172671566,0.0,0.0,0.0,3.0,1.0,0.0
3172681970,0.0,0.0,0.0,2.0,0.0,0.0
3172683435,0.0,0.0,0.0,1.0,0.0,0.0
3172683718,0.0,0.0,0.0,3.0,0.0,0.0
3172700026,0.0,0.0,0.0,1.0,1.0,1.0
3172715399,1.0,0.0,1.0,5.0,1.0,0.0
3172846336,0.0,0.0,0.0,4.0,3.0,72.0
3172928859,4.0,0.0,0.0,6.0,3.0,1.0
3172933734,0.0,0.0,0.0,4.0,4.0,0.0
3172940339,0.0,0.0,0.0,3.0,2.0,0.0
3172947096,0.0,0.0,0.0,2.0,2.0,0.0
3173027875,0.0,0.0,0.0,1.0,19.0,0.0
3173137078,0.0,0.0,0.0,1.0,1.0,0.0
3173180612,0.0,0.0,0.0,10.0,0.0,0.0
3173227548,0.0,0.0,0.0,1.0,1.0,1.0
3173233374,6.0,2.0,0.0,3.0,0.0,0.0
3173269088,1.0,0.0,0.0,1.0,0.0,0.0
3173274092,0.0,0.0,0.0,1.0,0.0,0.0
3173280313,1.0,0.0,0.0,1.0,0.0,0.0
3173294473,0.0,0.0,0.0,2.0,0.0,0.0
3173301941,0.0,0.0,0.0,1.0,0.0,0.0
3173304702,0.0,0.0,0.0,1.0,0.0,0.0
3173305178,0.0,0.0,0.0,1.0,0.0,0.0
3173306744,0.0,0.0,0.0,1.0,0.0,0.0
3173308900,0.0,0.0,0.0,1.0,0.0,0.0
3173310249,0.0,0.0,0.0,1.0,1.0,0.0
3173312690,0.0,0.0,0.0,1.0,1.0,0.0
3173313834,0.0,0.0,0.0,2.0,0.0,0.0
3173323784,3.0,2.0,1.0,1.0,1.0,0.0
3173325969,0.0,0.0,0.0,7.0,6.0,3.0
3173368111,0.0,0.0,0.0,2.0,2.0,0.0
3173531582,0.0,0.0,0.0,11.0,0.0,0.0
3173609778,4.0,0.0,0.0,7.0,3.0,1.0
3173691783,0.0,0.0,0.0,5.0,0.0,0.0
3173734154,0.0,0.0,0.0,1.0,0.0,0.0
3173751917,2.0,0.0,0.0,4.0,0.0,0.0
3173833658,2.0,0.0,0.0,2.0,2.0,0.0
3173856322,0.0,0.0,0.0,3.0,0.0,0.0
3174028458,0.0,0.0,0.0,1.0,0.0,0.0
3174040776,0.0,0.0,0.0,4.0,1.0,0.0
3174241239,0.0,0.0,0.0,19.0,18.0,0.0
3174274237,0.0,0.0,0.0,18.0,0.0,1.0
3174426695,0.0,0.0,0.0,1.0,0.0,0.0
3174428525,2.0,0.0,0.0,2.0,3.0,3.0
3174468203,0.0,0.0,0.0,2.0,2.0,0.0
3174485957,0.0,0.0,0.0,9.0,8.0,0.0
3174545390,0.0,0.0,0.0,2.0,0.0,0.0
3174598000,4.0,0.0,0.0,4.0,0.0,0.0
3174604777,0.0,0.0,0.0,1.0,0.0,0.0
3174608575,0.0,0.0,0.0,2.0,0.0,0.0
3174617673,0.0,0.0,0.0,4.0,1.0,0.0
3174697157,0.0,0.0,0.0,3.0,3.0,0.0
3174718645,3.0,3.0,5.0,23.0,14.0,0.0
3174774896,0.0,0.0,0.0,4.0,1.0,0.0
3174979496,0.0,0.0,0.0,5.0,3.0,0.0
3174999723,0.0,0.0,0.0,3.0,0.0,0.0
3175055580,9.0,0.0,2.0,11.0,10.0,0.0
3175188468,7.0,2.0,0.0,6.0,0.0,0.0
3175189078,0.0,0.0,0.0,1.0,0.0,0.0
3175254454,0.0,0.0,0.0,1.0,1.0,0.0
3175557140,0.0,0.0,0.0,2.0,2.0,0.0
3175558732,0.0,0.0,0.0,9.0,0.0,0.0
3175574755,0.0,0.0,0.0,2.0,0.0,0.0
3175607758,0.0,0.0,0.0,1.0,0.0,0.0
3175721030,0.0,0.0,0.0,5.0,0.0,0.0
3175982931,0.0,0.0,0.0,7.0,16.0,0.0
3176059878,0.0,0.0,0.0,2.0,0.0,0.0
3176112066,0.0,0.0,0.0,6.0,5.0,1.0
3176233484,0.0,0.0,0.0,0.0,1.0,0.0
3176255193,4.0,0.0,0.0,3.0,0.0,0.0
3176305274,0.0,0.0,0.0,10.0,5.0,4.0
3176314900,0.0,0.0,0.0,7.0,1.0,0.0
3176319648,0.0,0.0,0.0,1.0,1.0,0.0
3176320310,0.0,0.0,0.0,5.0,4.0,0.0
3176320847,0.0,0.0,0.0,2.0,10.0,0.0
3176345172,0.0,0.0,0.0,2.0,0.0,0.0
3176363924,0.0,0.0,0.0,1.0,1.0,0.0
3176383827,0.0,0.0,0.0,2.0,2.0,0.0
3176436231,0.0,0.0,0.0,5.0,0.0,0.0
3176572345,0.0,0.0,0.0,4.0,1.0,0.0
3176615444,0.0,0.0,0.0,3.0,0.0,0.0
3176619382,0.0,0.0,0.0,0.0,1.0,0.0
3176645907,0.0,0.0,0.0,5.0,2.0,0.0
3176698273,0.0,0.0,0.0,3.0,3.0,2.0
3176698537,0.0,0.0,0.0,2.0,0.0,0.0
3176701149,0.0,0.0,0.0,9.0,3.0,0.0
3176710395,0.0,0.0,0.0,4.0,0.0,0.0
3176710618,0.0,0.0,0.0,1.0,1.0,0.0
3176732963,7.0,0.0,0.0,20.0,0.0,0.0
3176808303,0.0,0.0,0.0,7.0,0.0,0.0
3176887903,0.0,0.0,0.0,1.0,25.0,22.0
3176892935,0.0,0.0,0.0,7.0,7.0,0.0
3176893823,0.0,0.0,0.0,1.0,0.0,0.0
3176895288,0.0,0.0,0.0,3.0,1.0,0.0
3176895436,0.0,0.0,0.0,10.0,3.0,0.0
3176895873,0.0,0.0,0.0,1.0,0.0,0.0
3176922585,0.0,0.0,0.0,2.0,0.0,0.0
3176981999,0.0,0.0,0.0,6.0,2.0,1.0
3177119690,0.0,0.0,0.0,728.0,0.0,0.0
3177154359,0.0,0.0,0.0,8.0,0.0,114.0
3177155948,0.0,0.0,0.0,10.0,0.0,0.0
3177364810,0.0,0.0,0.0,11.0,5.0,0.0
3177497089,0.0,0.0,0.0,1.0,0.0,0.0
3177507819,0.0,0.0,0.0,3.0,2.0,0.0
3177511192,0.0,0.0,0.0,10.0,1.0,0.0
3177542199,0.0,0.0,0.0,1.0,0.0,0.0
3177562468,0.0,0.0,0.0,1.0,0.0,0.0
3177598538,0.0,0.0,0.0,5.0,8.0,0.0
3177631556,0.0,0.0,0.0,3.0,1.0,0.0
3177631832,0.0,0.0,0.0,1.0,0.0,0.0
3177662558,0.0,0.0,1.0,1.0,1.0,0.0
3177715945,0.0,0.0,0.0,1.0,0.0,0.0
3177753579,0.0,0.0,0.0,5.0,1.0,1.0
3177784078,0.0,0.0,0.0,4.0,2.0,0.0
3177834191,0.0,0.0,0.0,2.0,1.0,0.0
3177938455,0.0,0.0,0.0,14.0,0.0,0.0
3178007458,0.0,0.0,0.0,3.0,2.0,0.0
3178130169,0.0,0.0,0.0,2.0,0.0,0.0
3178242104,0.0,0.0,0.0,1.0,0.0,0.0
3178586096,1.0,0.0,0.0,4.0,0.0,0.0
3178742060,1.0,0.0,3.0,2.0,12.0,0.0
3178951984,0.0,0.0,0.0,2.0,0.0,0.0
3179165014,0.0,0.0,0.0,2.0,0.0,0.0
3179177884,3.0,0.0,0.0,6.0,5.0,0.0
3179223984,0.0,0.0,0.0,1.0,4.0,0.0
3179227182,0.0,0.0,0.0,0.0,6.0,0.0
3179231014,0.0,0.0,0.0,4.0,5.0,0.0
3179244422,0.0,0.0,0.0,1.0,1.0,0.0
3179263604,0.0,0.0,0.0,1.0,1.0,0.0
3179352542,0.0,0.0,0.0,5.0,0.0,0.0
3179460425,0.0,0.0,0.0,8.0,1.0,0.0
3179467888,0.0,0.0,0.0,1.0,0.0,0.0
3179497496,5.0,0.0,0.0,6.0,0.0,0.0
3179554058,0.0,0.0,0.0,3.0,0.0,0.0
3179592457,0.0,0.0,0.0,0.0,1.0,0.0
3179634710,0.0,0.0,0.0,1.0,5.0,0.0
3179662130,0.0,0.0,0.0,2.0,0.0,0.0
3179683354,1.0,0.0,0.0,3.0,2.0,2.0
3179749937,0.0,0.0,0.0,4.0,58.0,0.0
3179766264,1.0,0.0,0.0,2.0,1.0,0.0
3179789341,0.0,0.0,0.0,1.0,0.0,0.0
3179789638,0.0,0.0,0.0,1.0,0.0,0.0
3179828414,0.0,0.0,0.0,3.0,0.0,0.0
3179895872,0.0,0.0,0.0,0.0,9.0,0.0
3179981594,0.0,0.0,0.0,22.0,0.0,0.0
3179998444,0.0,0.0,0.0,15.0,5.0,0.0
3180163994,0.0,0.0,0.0,6.0,0.0,0.0
3180214596,0.0,0.0,0.0,0.0,1.0,2.0
3180324539,0.0,0.0,0.0,1.0,15.0,0.0
3180363547,0.0,0.0,0.0,2.0,2.0,1.0
3180400702,11.0,0.0,3.0,7.0,0.0,0.0
3180421041,0.0,0.0,0.0,9.0,1.0,1.0
3180433493,1.0,0.0,0.0,20.0,18.0,13.0
3180443475,0.0,0.0,0.0,1.0,0.0,0.0
3180528026,0.0,0.0,0.0,2.0,0.0,0.0
3180733109,0.0,0.0,0.0,1.0,0.0,0.0
3180830949,0.0,0.0,0.0,1.0,0.0,0.0
3181043937,0.0,0.0,0.0,53.0,2.0,0.0
3181044499,0.0,0.0,0.0,1.0,0.0,0.0
3181161297,0.0,0.0,0.0,10.0,0.0,0.0
3181578456,1.0,0.0,0.0,6.0,0.0,0.0
3181694780,0.0,0.0,0.0,4.0,0.0,0.0
3182083992,0.0,0.0,0.0,19.0,3.0,3.0
3182143440,0.0,0.0,0.0,1.0,0.0,0.0
3182154514,25.0,0.0,0.0,17.0,2.0,0.0
3182184191,0.0,0.0,0.0,2.0,0.0,0.0
3182273208,0.0,0.0,0.0,2.0,0.0,0.0
3182311227,0.0,0.0,0.0,6.0,8.0,3.0
3182406028,0.0,0.0,0.0,3.0,3.0,0.0
3182586514,0.0,0.0,0.0,1.0,2.0,0.0
3182594859,0.0,0.0,0.0,7.0,1.0,0.0
3182909166,0.0,0.0,0.0,1.0,0.0,0.0
3182916770,0.0,0.0,0.0,2.0,0.0,0.0
3183108512,0.0,0.0,0.0,30.0,0.0,0.0
3183200792,0.0,0.0,0.0,2.0,6.0,0.0
3183201625,0.0,0.0,0.0,2.0,1.0,0.0
3183255421,0.0,0.0,0.0,5.0,0.0,0.0
3183269369,0.0,0.0,0.0,3.0,0.0,0.0
3183315539,0.0,0.0,0.0,62.0,12.0,22.0
3183320251,0.0,0.0,0.0,3.0,0.0,0.0
3183326458,0.0,0.0,0.0,1.0,0.0,0.0
3183386427,0.0,0.0,0.0,7.0,2.0,0.0
3183423955,0.0,0.0,0.0,2.0,0.0,0.0
3183450593,0.0,0.0,0.0,3.0,7.0,0.0
3183507416,0.0,0.0,0.0,1.0,0.0,0.0
3183686900,0.0,0.0,0.0,2.0,0.0,0.0
3183775420,0.0,0.0,0.0,3.0,0.0,0.0
3183787910,0.0,0.0,0.0,0.0,2.0,0.0
3183850517,0.0,0.0,0.0,3.0,0.0,0.0
3183851388,0.0,0.0,0.0,7.0,2.0,0.0
3183969965,0.0,0.0,0.0,35.0,0.0,0.0
3184028085,0.0,0.0,0.0,0.0,1.0,0.0
3184093078,4.0,0.0,0.0,2.0,0.0,0.0
3184133320,1.0,0.0,0.0,1.0,1.0,0.0
3184205146,0.0,0.0,0.0,3.0,2.0,0.0
3184226096,0.0,0.0,0.0,1.0,0.0,0.0
3184269634,4.0,1.0,3.0,7.0,4.0,0.0
3184334960,3.0,0.0,1.0,4.0,1.0,0.0
3184430342,0.0,0.0,0.0,1.0,0.0,0.0
3184463362,0.0,0.0,0.0,3.0,1.0,1.0
3184470273,1.0,0.0,0.0,14.0,2.0,1.0
3184478362,0.0,0.0,0.0,3.0,0.0,0.0
3184481552,0.0,0.0,0.0,1.0,1.0,0.0
3184677944,0.0,0.0,0.0,1.0,2.0,0.0
3184830641,0.0,0.0,0.0,3.0,0.0,0.0
3184899448,3.0,0.0,0.0,4.0,4.0,0.0
3185048797,0.0,0.0,0.0,5.0,7.0,0.0
3185187902,0.0,0.0,0.0,5.0,6.0,5.0
3185190199,0.0,0.0,0.0,4.0,0.0,0.0
3185197002,0.0,0.0,0.0,2.0,3.0,0.0
3185229849,2.0,0.0,0.0,2.0,0.0,0.0
3185241769,0.0,0.0,0.0,5.0,0.0,1.0
3185356100,0.0,0.0,0.0,1.0,0.0,0.0
3185449445,0.0,0.0,0.0,6.0,1.0,0.0
3185481932,0.0,0.0,0.0,4.0,2.0,2.0
3185497448,0.0,0.0,0.0,3.0,2.0,0.0
3185505776,1.0,0.0,0.0,0.0,1.0,0.0
3185547207,0.0,0.0,0.0,5.0,12.0,1.0
3185613862,0.0,0.0,0.0,3.0,0.0,0.0
3185651562,0.0,0.0,0.0,1.0,0.0,0.0
3185693407,2.0,0.0,0.0,4.0,3.0,2.0
3185723605,0.0,0.0,0.0,10.0,1.0,0.0
3185789444,0.0,0.0,0.0,4.0,0.0,0.0
3185852521,0.0,0.0,0.0,2.0,0.0,0.0
3185864164,0.0,0.0,0.0,1.0,0.0,0.0
3186154990,0.0,0.0,0.0,6.0,0.0,0.0
3186169437,0.0,0.0,0.0,1.0,0.0,0.0
3186252371,0.0,0.0,0.0,4.0,1.0,2.0
3186309326,0.0,0.0,0.0,2.0,0.0,0.0
3186365121,0.0,0.0,0.0,3.0,0.0,0.0
3186370783,3.0,1.0,0.0,11.0,0.0,1.0
3186447377,0.0,0.0,0.0,8.0,3.0,3.0
3186534822,0.0,0.0,0.0,1.0,0.0,0.0
3186566543,0.0,0.0,0.0,23.0,0.0,0.0
3186579511,0.0,0.0,0.0,1.0,5.0,0.0
3186609240,10.0,0.0,0.0,6.0,0.0,0.0
3186642813,3.0,0.0,0.0,6.0,1.0,0.0
3186777284,0.0,0.0,0.0,2.0,1.0,0.0
3186828591,0.0,0.0,0.0,1.0,2.0,0.0
3187042132,0.0,0.0,0.0,7.0,3.0,0.0
3187113580,0.0,0.0,0.0,1.0,0.0,0.0
3187138592,0.0,0.0,0.0,2.0,1.0,1.0
3187149847,0.0,0.0,0.0,2.0,5.0,0.0
3187203236,2.0,0.0,1.0,4.0,2.0,0.0
3187206987,2.0,0.0,0.0,1.0,1.0,0.0
3187356802,0.0,0.0,0.0,3.0,0.0,0.0
3187381620,0.0,0.0,0.0,3.0,0.0,2.0
3187500910,0.0,0.0,0.0,3.0,2.0,0.0
3187625315,0.0,0.0,0.0,0.0,1.0,0.0
3187802886,0.0,0.0,0.0,1.0,0.0,0.0
3187845029,0.0,0.0,0.0,4.0,0.0,0.0
3187951702,0.0,0.0,0.0,1.0,1.0,0.0
3187961090,0.0,0.0,0.0,1.0,0.0,0.0
3187994326,0.0,0.0,0.0,2.0,0.0,0.0
3188012197,0.0,0.0,0.0,22.0,2.0,0.0
3188046855,0.0,0.0,0.0,6.0,5.0,0.0
3188106477,0.0,0.0,0.0,4.0,0.0,0.0
3188511182,0.0,0.0,0.0,2.0,1.0,0.0
3188535011,0.0,0.0,0.0,4.0,1.0,0.0
3188603337,0.0,0.0,0.0,2.0,0.0,0.0
3188877163,0.0,0.0,0.0,1.0,0.0,0.0
3188969889,0.0,0.0,0.0,5.0,0.0,0.0
3189024935,0.0,0.0,0.0,3.0,0.0,0.0
3189049757,0.0,0.0,0.0,12.0,1.0,0.0
3189054625,0.0,0.0,0.0,8.0,4.0,0.0
3189083580,0.0,0.0,0.0,4.0,7.0,0.0
3189114886,4.0,0.0,2.0,7.0,0.0,0.0
3189173871,0.0,0.0,0.0,17.0,0.0,0.0
3189263416,0.0,0.0,0.0,11.0,6.0,1.0
3189276011,0.0,0.0,0.0,2.0,0.0,0.0
3189489851,0.0,0.0,0.0,3.0,0.0,0.0
3189533000,0.0,0.0,0.0,1.0,0.0,0.0
3189533856,0.0,0.0,0.0,7.0,4.0,1.0
3189665176,0.0,0.0,0.0,2.0,1.0,0.0
3189724023,0.0,0.0,0.0,5.0,2.0,0.0
3189746698,0.0,0.0,0.0,8.0,0.0,0.0
3189762646,0.0,0.0,0.0,1.0,0.0,0.0
3189766514,0.0,0.0,0.0,2.0,5.0,2.0
3189792652,0.0,0.0,0.0,14.0,6.0,3.0
3189805672,0.0,0.0,0.0,11.0,0.0,0.0
3189807914,0.0,0.0,0.0,3.0,0.0,0.0
3189863486,0.0,0.0,0.0,1.0,0.0,0.0
3189930955,0.0,0.0,0.0,8.0,7.0,0.0
3190014984,1.0,0.0,0.0,2.0,1.0,1.0
3190067492,0.0,0.0,0.0,0.0,1.0,0.0
3190096484,0.0,0.0,0.0,1.0,0.0,0.0
3190223487,0.0,0.0,0.0,14.0,0.0,0.0
3190247691,0.0,0.0,0.0,8.0,2.0,0.0
3190258571,0.0,0.0,0.0,6.0,15.0,5.0
3190398427,0.0,0.0,0.0,5.0,7.0,0.0
3190424487,0.0,0.0,0.0,3.0,4.0,4.0
3190514750,0.0,0.0,0.0,5.0,2.0,0.0
3190574318,0.0,0.0,0.0,2.0,0.0,0.0
3190580432,0.0,0.0,0.0,1.0,0.0,0.0
3190607828,0.0,0.0,0.0,10.0,4.0,0.0
3190608451,10.0,19.0,10.0,2.0,1.0,0.0
3190653026,0.0,0.0,0.0,3.0,21.0,0.0
3190681974,4.0,0.0,0.0,0.0,0.0,0.0
3190742626,0.0,0.0,0.0,6.0,0.0,0.0
3190812449,0.0,0.0,0.0,7.0,3.0,0.0
3191025642,0.0,0.0,0.0,1.0,0.0,0.0
3191085425,0.0,0.0,0.0,2.0,5.0,0.0
3191173020,0.0,0.0,0.0,1.0,0.0,0.0
3191219671,0.0,0.0,0.0,3.0,1.0,0.0
3191233085,0.0,0.0,0.0,18.0,2.0,1.0
3191316979,0.0,0.0,0.0,3.0,0.0,0.0
3191646788,0.0,0.0,0.0,9.0,0.0,0.0
3191658078,0.0,0.0,0.0,4.0,2.0,0.0
3191765353,0.0,0.0,0.0,1.0,0.0,0.0
3191909949,0.0,0.0,0.0,3.0,1.0,0.0
3192173517,0.0,0.0,0.0,2.0,3.0,0.0
3192180228,0.0,0.0,0.0,2.0,1.0,0.0
3192212731,0.0,0.0,0.0,1.0,0.0,0.0
3192276530,0.0,0.0,0.0,2.0,0.0,0.0
3192291444,0.0,0.0,0.0,7.0,9.0,0.0
3192477103,0.0,0.0,0.0,0.0,2.0,0.0
3192489182,0.0,0.0,0.0,5.0,64.0,64.0
3192528013,0.0,0.0,0.0,8.0,0.0,0.0
3192688685,0.0,0.0,0.0,1.0,3.0,0.0
3192708224,0.0,0.0,0.0,5.0,4.0,0.0
3192752733,0.0,0.0,0.0,3.0,4.0,0.0
3192795499,0.0,0.0,0.0,2.0,0.0,0.0
3192931249,0.0,0.0,0.0,10.0,5.0,0.0
3192932539,0.0,0.0,0.0,0.0,4.0,0.0
3192936598,0.0,0.0,0.0,17.0,0.0,0.0
3192980020,0.0,0.0,0.0,3.0,0.0,0.0
3192997231,0.0,0.0,0.0,0.0,6.0,0.0
3193014390,0.0,0.0,0.0,1.0,2.0,0.0
3193162981,0.0,0.0,0.0,16.0,1.0,1.0
3193191315,0.0,0.0,0.0,2.0,0.0,0.0
3193295105,0.0,0.0,0.0,24.0,13.0,3.0
3193343081,0.0,0.0,0.0,4.0,0.0,0.0
3193358943,2.0,0.0,0.0,0.0,0.0,0.0
3193375945,0.0,0.0,0.0,3.0,2.0,0.0
3193379348,0.0,0.0,0.0,1.0,0.0,0.0
3193436698,1.0,0.0,0.0,1.0,1.0,0.0
3193441689,0.0,0.0,0.0,5.0,8.0,0.0
3193460822,0.0,0.0,0.0,4.0,0.0,0.0
3193464688,0.0,0.0,0.0,3.0,5.0,0.0
3193467739,0.0,0.0,0.0,1.0,2.0,0.0
3193533609,0.0,0.0,0.0,2.0,0.0,0.0
3193671126,0.0,0.0,0.0,4.0,6.0,6.0
3193698906,2.0,0.0,0.0,1.0,0.0,0.0
3193717614,0.0,0.0,0.0,3.0,2.0,0.0
3193777215,0.0,0.0,0.0,3.0,2.0,0.0
3193788638,0.0,0.0,0.0,6.0,3.0,0.0
3193800280,0.0,0.0,0.0,2.0,0.0,0.0
3193836747,0.0,0.0,0.0,5.0,7.0,0.0
3193857615,0.0,0.0,0.0,4.0,100.0,100.0
3193924099,0.0,0.0,0.0,7.0,0.0,0.0
3193925214,0.0,0.0,0.0,5.0,1.0,0.0
3193929955,0.0,0.0,0.0,2.0,1.0,0.0
3194181334,0.0,0.0,0.0,2.0,2.0,2.0
3194210207,0.0,0.0,0.0,4.0,0.0,0.0
3194212498,0.0,0.0,0.0,4.0,0.0,0.0
3194236413,0.0,0.0,0.0,2.0,1.0,0.0
3194239581,1.0,0.0,0.0,2.0,0.0,0.0
3194387938,0.0,0.0,0.0,2.0,0.0,0.0
3194427966,0.0,0.0,0.0,7.0,46.0,18.0
3194442530,0.0,0.0,0.0,0.0,5.0,0.0
3194507284,0.0,0.0,0.0,448.0,0.0,0.0
3194511305,30.0,8.0,2.0,18.0,1.0,0.0
3194628843,0.0,0.0,0.0,4.0,1.0,0.0
3194637673,0.0,0.0,0.0,2.0,3.0,0.0
3194656871,0.0,0.0,0.0,8.0,0.0,0.0
3194803721,0.0,0.0,0.0,4.0,14.0,0.0
3194873632,0.0,0.0,0.0,2.0,0.0,0.0
3194874368,0.0,0.0,0.0,3.0,12.0,0.0
3195073538,0.0,0.0,0.0,2.0,0.0,0.0
3195078514,0.0,0.0,0.0,6.0,1.0,0.0
3195102228,0.0,0.0,0.0,1.0,0.0,0.0
3195131810,0.0,0.0,0.0,2.0,0.0,0.0
3195187523,0.0,0.0,0.0,5.0,2.0,0.0
3195224502,0.0,0.0,0.0,14.0,2.0,0.0
3195300873,0.0,0.0,0.0,3.0,0.0,0.0
3195365909,0.0,0.0,0.0,5.0,1.0,1.0
3195510189,1.0,0.0,0.0,4.0,0.0,0.0
3195621098,0.0,0.0,0.0,13.0,3.0,0.0
3195817470,0.0,0.0,0.0,140.0,0.0,0.0
3195825058,0.0,0.0,0.0,2.0,0.0,0.0
3195826190,0.0,0.0,0.0,21.0,0.0,0.0
3195847025,0.0,0.0,0.0,25.0,0.0,0.0
3195953065,3.0,0.0,0.0,3.0,0.0,0.0
3195957785,1.0,0.0,0.0,1.0,0.0,0.0
3196037358,0.0,0.0,0.0,2.0,0.0,0.0
3196071489,0.0,0.0,0.0,4.0,5.0,3.0
3196103967,0.0,0.0,0.0,8.0,0.0,0.0
3196192171,0.0,0.0,0.0,23.0,0.0,0.0
3196193660,0.0,0.0,0.0,0.0,1.0,0.0
3196214574,0.0,0.0,0.0,13.0,4.0,1.0
3196372669,0.0,0.0,0.0,1.0,0.0,0.0
3196415291,0.0,0.0,0.0,1.0,1.0,0.0
3196422867,0.0,0.0,0.0,3.0,0.0,0.0
3196423523,0.0,0.0,0.0,2.0,0.0,0.0
3196510307,3.0,1.0,0.0,11.0,24.0,18.0
3196526198,0.0,0.0,0.0,5.0,3.0,0.0
3196526840,7.0,0.0,0.0,14.0,17.0,8.0
3196537513,0.0,0.0,0.0,3.0,0.0,1.0
3196546520,0.0,0.0,0.0,5.0,23.0,0.0
3196609446,0.0,0.0,0.0,3.0,0.0,0.0
3196745111,0.0,0.0,0.0,3.0,0.0,0.0
3196747495,0.0,0.0,0.0,2.0,1.0,0.0
3196749405,0.0,0.0,0.0,1.0,0.0,0.0
3196793854,0.0,0.0,0.0,4.0,0.0,0.0
3196798034,0.0,0.0,0.0,5.0,2.0,0.0
3196859024,1.0,0.0,0.0,3.0,1.0,0.0
3196885081,0.0,1.0,0.0,5.0,16.0,0.0
3196929641,0.0,0.0,0.0,5.0,3.0,0.0
3196988167,0.0,0.0,0.0,1.0,2.0,0.0
3196991617,0.0,0.0,0.0,5.0,8.0,0.0
3196997401,0.0,0.0,0.0,62.0,4.0,9.0
3197014165,0.0,0.0,0.0,13.0,1.0,0.0
3197019965,0.0,0.0,0.0,2.0,3.0,0.0
3197034256,6.0,0.0,0.0,6.0,2.0,0.0
3197088553,0.0,0.0,0.0,1.0,0.0,0.0
3197098110,0.0,0.0,0.0,4.0,0.0,0.0
3197176906,0.0,0.0,0.0,2.0,5.0,0.0
3197204312,0.0,0.0,0.0,8.0,6.0,0.0
3197279228,0.0,0.0,0.0,5.0,0.0,0.0
3197289456,0.0,0.0,0.0,2.0,0.0,0.0
3197289597,0.0,0.0,0.0,1.0,0.0,0.0
3197334186,0.0,0.0,0.0,4.0,0.0,0.0
3197344409,3.0,1.0,0.0,0.0,0.0,0.0
3197436829,300.0,0.0,0.0,132.0,0.0,0.0
3197484474,0.0,0.0,0.0,1.0,1.0,0.0
3197528480,11.0,0.0,0.0,4.0,16.0,0.0
3197529602,10.0,0.0,0.0,8.0,10.0,0.0
3197748416,0.0,0.0,0.0,43.0,0.0,0.0
3197785109,1.0,0.0,0.0,2.0,0.0,0.0
3197843318,0.0,0.0,0.0,1.0,0.0,0.0
3197912748,43.0,4.0,1.0,9.0,5.0,0.0
3197983076,5.0,0.0,0.0,2.0,0.0,0.0
3197983907,0.0,0.0,0.0,12.0,0.0,0.0
3197988976,0.0,0.0,0.0,3.0,0.0,0.0
3198030839,0.0,0.0,0.0,4.0,6.0,0.0
3198063528,0.0,0.0,0.0,2.0,1.0,0.0
3198187448,0.0,0.0,0.0,15.0,9.0,6.0
3198188365,0.0,0.0,0.0,1.0,0.0,0.0
3198268737,0.0,0.0,0.0,6.0,0.0,0.0
3198334973,0.0,0.0,0.0,4.0,0.0,0.0
3198441645,4.0,0.0,0.0,10.0,4.0,0.0
3198503850,0.0,0.0,0.0,6.0,5.0,0.0
3198587968,15.0,1.0,5.0,4.0,13.0,0.0
3198773156,1.0,0.0,0.0,22.0,0.0,0.0
3198797332,2.0,0.0,0.0,6.0,7.0,1.0
3198884579,0.0,0.0,0.0,2.0,0.0,0.0
3198922993,0.0,0.0,0.0,17.0,0.0,0.0
3199021188,0.0,0.0,0.0,1.0,0.0,0.0
3199035390,0.0,0.0,0.0,5.0,2.0,0.0
3199071386,0.0,0.0,0.0,5.0,1.0,0.0
3199090585,0.0,0.0,0.0,5.0,3.0,0.0
3199142271,0.0,0.0,0.0,1.0,0.0,0.0
3199299700,0.0,0.0,0.0,4.0,1.0,0.0
3199336821,0.0,0.0,0.0,7.0,0.0,0.0
3199453370,0.0,0.0,0.0,20.0,6.0,0.0
3199456360,0.0,0.0,0.0,1.0,0.0,0.0
3199574262,0.0,0.0,0.0,1.0,1.0,0.0
3199685425,0.0,0.0,0.0,2.0,0.0,0.0
3199789233,0.0,0.0,0.0,8.0,5.0,0.0
3199811450,0.0,0.0,0.0,8.0,0.0,0.0
3199871502,0.0,0.0,0.0,2.0,0.0,0.0
3199875911,0.0,0.0,0.0,15.0,0.0,0.0
3199881418,0.0,0.0,0.0,3.0,0.0,0.0
3199909394,0.0,0.0,0.0,3.0,0.0,0.0
3199913753,0.0,0.0,0.0,2.0,3.0,0.0
3199929578,0.0,0.0,0.0,3.0,0.0,0.0
3200046653,1.0,0.0,0.0,0.0,1.0,0.0
3200093045,0.0,0.0,0.0,9.0,0.0,0.0
3200169620,0.0,0.0,0.0,0.0,1.0,0.0
3200171305,0.0,0.0,0.0,0.0,1.0,0.0
3200193418,0.0,0.0,0.0,2.0,1.0,0.0
3200219739,0.0,0.0,0.0,6.0,1.0,0.0
3200393827,9.0,1.0,0.0,18.0,0.0,0.0
3200398251,0.0,0.0,0.0,6.0,0.0,0.0
3200413496,0.0,0.0,0.0,2.0,1.0,0.0
3200575489,1.0,0.0,0.0,0.0,0.0,0.0
3200616481,0.0,0.0,0.0,1.0,0.0,0.0
3200632703,0.0,0.0,0.0,4.0,2.0,0.0
3200698874,0.0,0.0,0.0,1.0,1.0,0.0
3200712509,0.0,0.0,0.0,119.0,7.0,1.0
3200733870,0.0,0.0,0.0,4.0,2.0,0.0
3200960782,0.0,0.0,0.0,2.0,1.0,0.0
3201030081,0.0,0.0,0.0,3.0,2.0,0.0
3201061352,0.0,0.0,0.0,1.0,1.0,0.0
3201065177,0.0,0.0,0.0,4.0,2.0,0.0
3201101404,0.0,0.0,0.0,11.0,7.0,0.0
3201132802,0.0,0.0,0.0,6.0,2.0,0.0
3201180594,0.0,0.0,0.0,1.0,0.0,0.0
3201181526,0.0,0.0,0.0,2.0,20.0,1.0
3201182878,0.0,0.0,0.0,6.0,0.0,0.0
3201229725,4.0,0.0,0.0,6.0,3.0,0.0
3201504234,0.0,0.0,0.0,24.0,0.0,0.0
3201550077,0.0,0.0,0.0,3.0,4.0,2.0
3201567268,6.0,0.0,0.0,0.0,0.0,0.0
3201592153,2.0,0.0,0.0,4.0,1.0,0.0
3201677200,0.0,0.0,0.0,1.0,0.0,0.0
3201769355,0.0,0.0,0.0,3.0,9.0,0.0
3201910210,0.0,0.0,0.0,4.0,9.0,0.0
3202183787,0.0,0.0,0.0,4.0,10.0,1.0
3202326066,0.0,0.0,0.0,7.0,2.0,1.0
3202328272,0.0,0.0,0.0,10.0,0.0,0.0
3202538366,0.0,0.0,0.0,10.0,2.0,1.0
3202640068,0.0,0.0,0.0,2.0,0.0,0.0
3202647888,0.0,0.0,0.0,7.0,1.0,0.0
3202692899,0.0,0.0,0.0,9.0,9.0,0.0
3202720250,0.0,0.0,0.0,5.0,9.0,9.0
3202743034,0.0,0.0,0.0,2.0,1.0,0.0
3202752567,0.0,0.0,0.0,2.0,20.0,0.0
3202845370,0.0,0.0,0.0,1.0,0.0,0.0
3202876885,0.0,0.0,0.0,3.0,0.0,0.0
3202896248,0.0,0.0,0.0,4.0,0.0,0.0
3202910942,0.0,0.0,0.0,1.0,1.0,0.0
3202996466,0.0,0.0,0.0,1.0,1.0,0.0
3203037939,0.0,0.0,0.0,2.0,3.0,0.0
3203142171,0.0,0.0,0.0,2.0,8.0,0.0
3203199475,0.0,0.0,0.0,4.0,0.0,0.0
3203240366,4.0,0.0,0.0,8.0,1.0,0.0
3203262102,30.0,5.0,7.0,28.0,5.0,2.0
3203303674,0.0,0.0,0.0,2.0,0.0,0.0
3203354777,0.0,0.0,0.0,1.0,1.0,0.0
3203390565,0.0,0.0,0.0,8.0,0.0,0.0
3203406376,0.0,0.0,0.0,8.0,0.0,0.0
3203439114,0.0,0.0,0.0,5.0,0.0,0.0
3203458460,0.0,0.0,0.0,1.0,0.0,0.0
3203475267,22.0,0.0,0.0,1.0,0.0,0.0
3203548150,2.0,0.0,0.0,6.0,0.0,0.0
3203674177,2.0,0.0,0.0,7.0,7.0,4.0
3203773571,3.0,0.0,0.0,5.0,1.0,0.0
3203888759,0.0,0.0,0.0,8.0,0.0,0.0
3203892962,0.0,0.0,0.0,5.0,0.0,0.0
3203951710,0.0,0.0,0.0,4.0,0.0,0.0
3204217101,0.0,0.0,0.0,13.0,9.0,0.0
3204234091,1.0,0.0,0.0,4.0,1.0,0.0
3204367235,0.0,0.0,0.0,8.0,5.0,0.0
3204476682,0.0,0.0,0.0,1.0,9.0,0.0
3204478386,0.0,0.0,0.0,3.0,8.0,0.0
3204580271,0.0,0.0,0.0,0.0,20.0,0.0
3204689046,0.0,0.0,0.0,1.0,0.0,0.0
3204868403,0.0,0.0,0.0,2.0,5.0,0.0
3204875895,0.0,0.0,0.0,5.0,16.0,0.0
3204899544,0.0,0.0,0.0,5.0,1.0,0.0
3204901505,0.0,0.0,0.0,3.0,3.0,0.0
3204950565,5.0,0.0,0.0,5.0,4.0,0.0
3205273752,0.0,17.0,0.0,0.0,0.0,0.0
3205389818,0.0,0.0,0.0,10.0,2.0,0.0
3205497325,4.0,0.0,0.0,5.0,10.0,4.0
3205509170,0.0,0.0,0.0,3.0,2.0,0.0
3205542333,0.0,0.0,0.0,7.0,20.0,5.0
3205615159,0.0,0.0,0.0,9.0,0.0,0.0
3205629566,0.0,0.0,0.0,3.0,0.0,0.0
3205680860,3.0,0.0,2.0,126.0,4.0,1.0
3205785202,0.0,0.0,0.0,1.0,0.0,0.0
3205839196,13.0,11.0,0.0,3.0,0.0,0.0
3205955913,0.0,0.0,0.0,1.0,0.0,0.0
3206020144,0.0,0.0,0.0,5.0,3.0,2.0
3206119599,2.0,0.0,0.0,1.0,1.0,0.0
3206210159,56.0,3.0,1.0,0.0,0.0,0.0
3206230540,0.0,0.0,0.0,1.0,1.0,0.0
3206231176,2.0,9.0,0.0,4.0,2.0,0.0
3206231303,0.0,0.0,0.0,4.0,0.0,0.0
3206340161,0.0,0.0,0.0,2.0,1.0,0.0
3206362852,0.0,0.0,0.0,1.0,0.0,0.0
3206405036,0.0,0.0,0.0,3.0,0.0,0.0
3206405282,0.0,0.0,0.0,0.0,8.0,0.0
3206405566,0.0,0.0,0.0,3.0,3.0,0.0
3206430645,0.0,0.0,0.0,2.0,0.0,0.0
3206444195,0.0,0.0,0.0,2.0,7.0,3.0
3206451065,0.0,0.0,0.0,6.0,0.0,0.0
3206480526,0.0,0.0,0.0,1.0,0.0,0.0
3206520664,0.0,0.0,0.0,1.0,9.0,0.0
3206683054,0.0,0.0,0.0,11.0,4.0,2.0
3206727533,0.0,0.0,0.0,1.0,0.0,0.0
3206816392,0.0,0.0,0.0,1.0,0.0,0.0
3206827602,0.0,0.0,0.0,3.0,0.0,0.0
3206834000,6.0,0.0,0.0,6.0,2.0,0.0
3206889625,0.0,0.0,0.0,13.0,19.0,0.0
3206997775,0.0,0.0,0.0,2.0,0.0,0.0
3207002118,0.0,0.0,0.0,2.0,0.0,0.0
3207019438,0.0,0.0,0.0,2.0,1.0,0.0
3207155296,0.0,0.0,0.0,1.0,0.0,0.0
3207158556,0.0,0.0,0.0,1.0,0.0,0.0
3207181192,0.0,0.0,0.0,2.0,1.0,0.0
3207231442,0.0,0.0,0.0,0.0,1.0,0.0
3207231488,0.0,0.0,0.0,4.0,2.0,0.0
3207300968,0.0,0.0,0.0,2.0,2.0,0.0
3207305473,0.0,0.0,0.0,6.0,5.0,0.0
3207351087,0.0,0.0,0.0,1.0,3.0,0.0
3207418997,0.0,0.0,0.0,6.0,3.0,0.0
3207419613,0.0,0.0,0.0,3.0,0.0,0.0
3207419884,0.0,0.0,0.0,4.0,1.0,0.0
3207573880,0.0,0.0,0.0,6.0,3.0,2.0
3207644886,0.0,0.0,0.0,1.0,1.0,0.0
3207729062,0.0,0.0,0.0,3.0,0.0,0.0
3207762911,0.0,0.0,0.0,3.0,8.0,0.0
3207765385,0.0,0.0,0.0,2.0,2.0,0.0
3207831434,0.0,0.0,0.0,0.0,10.0,0.0
3207888301,0.0,0.0,0.0,11.0,2.0,1.0
3207905993,0.0,4.0,0.0,0.0,0.0,0.0
3207909459,0.0,0.0,0.0,5.0,0.0,0.0
3207910026,2.0,1.0,0.0,0.0,0.0,0.0
3207914894,2.0,1.0,0.0,0.0,0.0,0.0
3207921071,3.0,0.0,0.0,0.0,0.0,0.0
3207938060,5.0,0.0,0.0,3.0,1.0,1.0
3207970070,0.0,0.0,0.0,2.0,0.0,0.0
3208129291,0.0,0.0,0.0,23.0,3.0,0.0
3208130662,0.0,0.0,0.0,2.0,0.0,0.0
3208154686,0.0,0.0,0.0,0.0,4.0,0.0
3208198363,0.0,0.0,0.0,1.0,0.0,0.0
3208215869,0.0,0.0,0.0,14.0,1.0,0.0
3208317450,0.0,0.0,0.0,6.0,0.0,0.0
3208320625,0.0,0.0,0.0,3.0,1.0,0.0
3208366231,0.0,0.0,0.0,1.0,0.0,0.0
3208433023,0.0,0.0,0.0,8.0,0.0,0.0
3208434203,0.0,0.0,0.0,2.0,1.0,0.0
3208544571,0.0,0.0,0.0,2.0,0.0,0.0
3208545494,0.0,0.0,0.0,2.0,0.0,0.0
3208548860,0.0,0.0,0.0,2.0,4.0,3.0
3208551048,0.0,0.0,0.0,1.0,2.0,0.0
3208687179,0.0,0.0,0.0,2.0,1.0,1.0
3209113966,0.0,0.0,0.0,1.0,0.0,0.0
3209288102,0.0,0.0,0.0,1.0,2.0,0.0
3209336162,0.0,0.0,0.0,0.0,2.0,1.0
3209369602,0.0,0.0,0.0,1.0,0.0,0.0
3209405794,0.0,0.0,0.0,2.0,1.0,0.0
3209448267,0.0,0.0,0.0,373.0,7.0,7.0
3209482702,0.0,0.0,0.0,4.0,0.0,0.0
3209491770,0.0,1.0,0.0,3.0,6.0,4.0
3209606836,0.0,0.0,0.0,3.0,0.0,0.0
3209647114,0.0,0.0,0.0,2.0,3.0,1.0
3209661206,0.0,0.0,0.0,14.0,0.0,0.0
3209703127,0.0,0.0,0.0,7.0,0.0,0.0
3209723205,6.0,1.0,0.0,10.0,15.0,0.0
3209724233,2.0,0.0,0.0,46.0,14.0,0.0
3209745551,1.0,0.0,0.0,4.0,0.0,0.0
3209766600,0.0,0.0,0.0,1.0,1.0,1.0
3209796838,0.0,0.0,0.0,5.0,0.0,0.0
3209797547,9.0,0.0,0.0,6.0,0.0,0.0
3209809556,0.0,0.0,0.0,8.0,1.0,0.0
3209838352,0.0,0.0,0.0,6.0,6.0,0.0
3209849017,0.0,0.0,0.0,16.0,0.0,0.0
3209861533,0.0,0.0,0.0,21.0,4.0,3.0
3209876264,0.0,0.0,0.0,9.0,0.0,0.0
3209906078,0.0,0.0,0.0,2.0,1.0,0.0
3209908129,0.0,0.0,0.0,1.0,0.0,0.0
3209908234,0.0,0.0,0.0,3.0,2.0,0.0
3209926289,16.0,0.0,1.0,0.0,0.0,0.0
3209986350,0.0,0.0,0.0,5.0,0.0,0.0
3209991607,0.0,0.0,0.0,5.0,0.0,0.0
3210046280,0.0,0.0,0.0,9.0,0.0,0.0
3210106949,0.0,0.0,0.0,5.0,0.0,0.0
3210147166,0.0,0.0,0.0,3.0,0.0,0.0
3210150656,0.0,0.0,0.0,7.0,0.0,1.0
3210192218,0.0,0.0,0.0,5.0,19.0,3.0
3210239309,0.0,0.0,0.0,6.0,0.0,0.0
3210294287,13.0,0.0,0.0,16.0,3.0,0.0
3210321906,0.0,0.0,0.0,5.0,2.0,0.0
3210327689,0.0,0.0,0.0,3.0,3.0,0.0
3210354303,0.0,0.0,0.0,3.0,2.0,0.0
3210400633,0.0,0.0,0.0,1.0,2.0,0.0
3210682652,0.0,0.0,0.0,29.0,168.0,48.0
3210688776,1.0,2.0,0.0,0.0,0.0,0.0
3210713346,0.0,0.0,0.0,2.0,0.0,0.0
3210760092,4.0,0.0,0.0,0.0,6.0,0.0
3210776113,0.0,0.0,0.0,2.0,0.0,0.0
3210785381,0.0,0.0,0.0,1.0,0.0,0.0
3210823906,0.0,0.0,0.0,3.0,1.0,0.0
3210844014,0.0,0.0,0.0,0.0,2.0,0.0
3210894434,0.0,0.0,0.0,0.0,1.0,0.0
3210930666,0.0,0.0,0.0,7.0,4.0,0.0
3210960716,1.0,0.0,0.0,2.0,0.0,0.0
3211069690,0.0,0.0,0.0,8.0,12.0,0.0
3211069935,0.0,0.0,0.0,4.0,1.0,0.0
3211093970,0.0,0.0,0.0,3.0,0.0,0.0
3211097293,0.0,0.0,0.0,2.0,1.0,0.0
3211100509,0.0,0.0,0.0,12.0,13.0,0.0
3211101810,0.0,0.0,0.0,2.0,1.0,0.0
3211203822,0.0,0.0,0.0,1.0,2.0,0.0
3211366985,0.0,0.0,0.0,4.0,0.0,0.0
3211676477,0.0,0.0,0.0,2.0,0.0,0.0
3211770505,0.0,0.0,0.0,2.0,1.0,1.0
3211887609,0.0,0.0,0.0,2.0,0.0,0.0
3211901051,0.0,0.0,0.0,2.0,1.0,0.0
3211943706,0.0,0.0,0.0,8.0,11.0,4.0
3211974330,0.0,0.0,0.0,3.0,0.0,0.0
3212298491,0.0,0.0,0.0,6.0,1.0,0.0
3212306696,0.0,0.0,0.0,1.0,0.0,0.0
3212397880,0.0,0.0,0.0,1.0,0.0,0.0
3212626331,10.0,8.0,0.0,0.0,0.0,0.0
3212835513,3.0,0.0,0.0,8.0,2.0,0.0
3212844012,0.0,0.0,0.0,8.0,8.0,0.0
3212934391,0.0,0.0,0.0,6.0,0.0,0.0
3212961701,0.0,0.0,0.0,29.0,87.0,0.0
3213041896,0.0,0.0,0.0,6.0,9.0,1.0
3213048977,1.0,0.0,0.0,5.0,1.0,1.0
3213049909,0.0,0.0,0.0,1.0,1.0,0.0
3213060128,2.0,0.0,0.0,2.0,1.0,1.0
3213210874,0.0,0.0,0.0,5.0,1.0,1.0
3213303702,0.0,0.0,0.0,3.0,108.0,109.0
3213331017,0.0,0.0,0.0,1.0,0.0,0.0
3213355798,0.0,0.0,0.0,3.0,0.0,0.0
3213365700,0.0,0.0,0.0,2.0,1.0,0.0
3213370706,0.0,0.0,0.0,6.0,0.0,0.0
3213453299,0.0,0.0,0.0,0.0,16.0,0.0
3213826108,3.0,0.0,0.0,3.0,0.0,0.0
3214018368,0.0,0.0,0.0,9.0,4.0,0.0
3214034125,0.0,0.0,0.0,8.0,1.0,0.0
3214086292,0.0,0.0,0.0,2.0,0.0,0.0
3214305078,0.0,0.0,0.0,2.0,1.0,0.0
3214308844,0.0,0.0,0.0,2.0,5.0,3.0
3214340478,229.0,61.0,93.0,0.0,0.0,0.0
3214443028,3.0,0.0,0.0,1.0,0.0,0.0
3214469484,3.0,0.0,0.0,2.0,0.0,0.0
3214477918,0.0,0.0,0.0,5.0,0.0,0.0
3214536211,0.0,0.0,0.0,5.0,5.0,3.0
3214575974,0.0,0.0,0.0,6.0,4.0,0.0
3214815470,0.0,0.0,0.0,1.0,0.0,0.0
3214924127,0.0,0.0,0.0,3.0,1.0,1.0
3214979934,0.0,0.0,0.0,5.0,0.0,0.0
3214991418,0.0,0.0,0.0,1.0,0.0,0.0
3215049221,0.0,0.0,0.0,1.0,1.0,0.0
3215059146,0.0,0.0,0.0,0.0,2.0,0.0
3215073469,0.0,0.0,0.0,3.0,0.0,0.0
3215080972,0.0,0.0,0.0,9.0,0.0,0.0
3215114764,1.0,0.0,0.0,1.0,2.0,2.0
3215190396,0.0,0.0,0.0,0.0,1.0,0.0
3215274152,0.0,0.0,0.0,1.0,0.0,0.0
3215350963,0.0,0.0,0.0,3.0,5.0,0.0
3215375260,0.0,0.0,0.0,4.0,2.0,0.0
3215616396,0.0,0.0,0.0,2.0,3.0,0.0
3215653426,0.0,0.0,0.0,6.0,1.0,0.0
3215730319,3.0,0.0,0.0,2.0,0.0,0.0
3215733335,0.0,0.0,0.0,31.0,0.0,0.0
3215738276,0.0,0.0,0.0,4.0,1.0,0.0
3215761683,0.0,0.0,0.0,4.0,0.0,0.0
3215766505,0.0,0.0,0.0,1.0,0.0,0.0
3215800618,0.0,0.0,0.0,2.0,7.0,1.0
3215964049,0.0,0.0,0.0,2.0,0.0,0.0
3215992008,3.0,0.0,3.0,7.0,4.0,0.0
3216175364,0.0,0.0,0.0,5.0,2.0,0.0
3216208267,0.0,0.0,0.0,3.0,3.0,2.0
3216257115,1.0,0.0,0.0,2.0,1.0,0.0
3216324404,0.0,0.0,0.0,1.0,5.0,0.0
3216334940,0.0,0.0,0.0,2.0,0.0,0.0
3216373575,0.0,0.0,0.0,11.0,1.0,1.0
3216405361,0.0,0.0,0.0,5.0,0.0,0.0
3216407461,0.0,0.0,0.0,2.0,0.0,0.0
3216466129,0.0,0.0,0.0,1.0,0.0,0.0
3216594701,0.0,0.0,0.0,4.0,0.0,0.0
3216635521,0.0,0.0,0.0,1.0,0.0,0.0
3216646414,0.0,0.0,0.0,2.0,7.0,0.0
3217417909,5.0,0.0,0.0,4.0,1.0,0.0
3217639693,0.0,0.0,0.0,2.0,1.0,0.0
3217653120,0.0,0.0,0.0,2.0,0.0,0.0
3217653404,0.0,0.0,0.0,8.0,6.0,0.0
3217654347,0.0,0.0,0.0,7.0,2.0,0.0
3217756799,0.0,0.0,0.0,2.0,0.0,0.0
3217771787,9.0,1.0,8.0,4.0,21.0,3.0
3217778645,0.0,0.0,0.0,1.0,0.0,0.0
3217841934,0.0,0.0,0.0,2.0,1.0,0.0
3218192250,0.0,0.0,0.0,35.0,42.0,30.0
3218205312,3.0,0.0,0.0,2.0,0.0,0.0
3218281539,0.0,0.0,0.0,2.0,0.0,0.0
3218361480,0.0,0.0,0.0,2.0,0.0,0.0
3218463719,0.0,0.0,0.0,2.0,0.0,0.0
3218468393,0.0,0.0,0.0,0.0,4.0,0.0
3218486387,1.0,0.0,0.0,1.0,0.0,0.0
3218534257,0.0,0.0,0.0,4.0,0.0,0.0
3218536077,0.0,0.0,0.0,5.0,3.0,0.0
3218536647,0.0,0.0,0.0,24.0,0.0,0.0
3218649310,0.0,0.0,0.0,1.0,0.0,0.0
3218738651,0.0,0.0,0.0,1.0,0.0,0.0
3218905095,0.0,0.0,0.0,2.0,0.0,0.0
3219022194,0.0,0.0,0.0,6.0,0.0,0.0
3219083731,0.0,0.0,0.0,6.0,0.0,0.0
3219088212,0.0,1.0,0.0,0.0,0.0,0.0
3219102497,5.0,0.0,2.0,42.0,2.0,0.0
3219114950,0.0,0.0,0.0,10.0,0.0,0.0
3219169922,0.0,0.0,0.0,2.0,0.0,0.0
3219203139,0.0,0.0,0.0,5.0,3.0,0.0
3219210709,0.0,0.0,0.0,7.0,0.0,0.0
3219406613,0.0,0.0,0.0,1.0,0.0,0.0
3219559675,0.0,0.0,0.0,7.0,2.0,0.0
3219603517,0.0,0.0,0.0,2.0,3.0,1.0
3219610150,0.0,0.0,0.0,0.0,1.0,0.0
3219698523,0.0,0.0,0.0,1.0,0.0,0.0
3219752616,0.0,0.0,0.0,1.0,1.0,0.0
3219766312,0.0,0.0,0.0,1.0,0.0,0.0
3219884699,0.0,0.0,0.0,4.0,1.0,0.0
3219922210,0.0,0.0,0.0,1.0,1.0,0.0
3220047065,0.0,0.0,0.0,7.0,19.0,0.0
3220050539,0.0,0.0,0.0,8.0,20.0,0.0
3220062262,0.0,0.0,0.0,4.0,10.0,2.0
3220127712,0.0,0.0,0.0,1.0,0.0,0.0
3220129828,0.0,0.0,0.0,16.0,0.0,0.0
3220195624,0.0,0.0,0.0,5.0,0.0,0.0
3220206182,0.0,0.0,0.0,6.0,2.0,1.0
3220213800,0.0,0.0,0.0,22.0,1.0,94.0
3220261935,0.0,0.0,0.0,7.0,6.0,0.0
3220271126,0.0,0.0,0.0,2.0,0.0,0.0
3220342988,0.0,0.0,0.0,2.0,1.0,0.0
3220383872,0.0,0.0,0.0,2.0,0.0,0.0
3220393301,10.0,1.0,0.0,5.0,0.0,0.0
3220416353,1.0,0.0,0.0,1.0,0.0,0.0
3220549111,0.0,0.0,0.0,3.0,0.0,0.0
3220550394,0.0,0.0,0.0,18.0,1.0,0.0
3220628275,0.0,0.0,0.0,0.0,1.0,0.0
3220657817,1.0,0.0,0.0,4.0,1.0,0.0
3220673790,0.0,0.0,0.0,1.0,0.0,0.0
3220982656,0.0,0.0,0.0,5.0,3.0,0.0
3221043102,9.0,0.0,1.0,328.0,145.0,194.0
3221049488,0.0,0.0,0.0,20.0,0.0,0.0
3221059598,18.0,0.0,0.0,11.0,3.0,0.0
3221166299,0.0,0.0,0.0,7.0,0.0,0.0
3221235980,3.0,0.0,0.0,3.0,0.0,0.0
3221278458,0.0,1.0,0.0,6.0,6.0,1.0
3221328642,0.0,0.0,0.0,7.0,6.0,5.0
3221377266,0.0,0.0,0.0,62.0,1.0,0.0
3221411520,9.0,0.0,0.0,4.0,6.0,0.0
3221420026,0.0,0.0,0.0,3.0,0.0,0.0
3221627962,1.0,0.0,6.0,3.0,9.0,0.0
3221647449,27.0,64.0,2.0,8.0,14.0,0.0
3221709161,4.0,0.0,2.0,3.0,2.0,0.0
3221728322,0.0,0.0,0.0,0.0,8.0,0.0
3221802471,1.0,0.0,0.0,2.0,0.0,0.0
3221806132,0.0,0.0,0.0,2.0,0.0,0.0
3221808149,0.0,0.0,0.0,5.0,2.0,0.0
3221900086,0.0,0.0,0.0,2.0,0.0,0.0
3221977522,0.0,0.0,0.0,4.0,1.0,0.0
3222017344,0.0,0.0,0.0,10.0,10.0,23.0
3222177133,0.0,0.0,0.0,10.0,7.0,0.0
3222206015,0.0,0.0,0.0,1.0,0.0,0.0
3222212117,0.0,0.0,0.0,53.0,2.0,2.0
3222230421,0.0,0.0,0.0,2.0,0.0,0.0
3222238867,0.0,0.0,0.0,2.0,2.0,0.0
3222253029,0.0,0.0,0.0,4.0,0.0,0.0
3222268735,0.0,8.0,0.0,0.0,0.0,0.0
3222405821,0.0,0.0,0.0,3.0,0.0,0.0
3222408174,0.0,0.0,0.0,15.0,1.0,0.0
3222441952,1.0,0.0,0.0,4.0,0.0,0.0
3222461022,0.0,0.0,0.0,3.0,0.0,0.0
3222463688,0.0,0.0,0.0,3.0,0.0,0.0
3222486069,0.0,0.0,0.0,1.0,0.0,0.0
3222487070,0.0,0.0,0.0,5.0,1.0,0.0
3222513822,0.0,0.0,0.0,2.0,0.0,0.0
3222537930,0.0,0.0,0.0,4.0,0.0,0.0
3222577402,0.0,0.0,0.0,1.0,0.0,0.0
3222603070,0.0,0.0,0.0,0.0,0.0,1.0
3222715857,0.0,0.0,0.0,4.0,1.0,0.0
3222790638,0.0,0.0,0.0,2.0,11.0,0.0
3222841302,5.0,229.0,224.0,12.0,5.0,1.0
3222893514,0.0,0.0,0.0,8.0,8.0,0.0
3222995485,5.0,0.0,0.0,3.0,0.0,0.0
3223005137,0.0,0.0,0.0,1.0,0.0,0.0
3223018023,0.0,0.0,0.0,3.0,0.0,0.0
3223063338,0.0,0.0,0.0,74.0,0.0,0.0
3223072540,0.0,0.0,0.0,2.0,0.0,0.0
3223177403,0.0,0.0,0.0,2.0,0.0,0.0
3223204084,0.0,0.0,0.0,4.0,0.0,0.0
3223281368,0.0,0.0,0.0,21.0,6.0,6.0
3223296699,0.0,0.0,0.0,1.0,0.0,0.0
3223299360,0.0,0.0,0.0,2.0,0.0,0.0
3223308256,0.0,0.0,0.0,11.0,2.0,0.0
3223349599,0.0,0.0,0.0,2.0,2.0,2.0
3223412595,0.0,0.0,0.0,8.0,3.0,0.0
3223450582,0.0,0.0,0.0,9.0,7.0,0.0
3223500843,0.0,0.0,0.0,8.0,12.0,0.0
3223501908,0.0,0.0,0.0,5.0,1.0,0.0
3223518588,0.0,0.0,0.0,2.0,1.0,0.0
3223522886,0.0,0.0,0.0,16.0,12.0,0.0
3223586211,4.0,0.0,0.0,5.0,0.0,0.0
3223606246,0.0,0.0,0.0,2.0,0.0,0.0
3223608568,4.0,0.0,3.0,10.0,4.0,1.0
3223609660,0.0,0.0,0.0,2.0,0.0,0.0
3223618488,12.0,0.0,0.0,12.0,6.0,0.0
3223618559,0.0,0.0,0.0,8.0,0.0,0.0
3223625763,0.0,0.0,0.0,1.0,6.0,5.0
3223666167,0.0,0.0,0.0,7.0,1.0,1.0
3224245761,0.0,0.0,0.0,2.0,0.0,0.0
3224514991,0.0,0.0,0.0,1.0,0.0,0.0
3224521068,0.0,0.0,0.0,2.0,0.0,0.0
3224573615,0.0,0.0,0.0,5.0,0.0,0.0
3224590973,0.0,0.0,0.0,4.0,0.0,0.0
3224614751,0.0,0.0,0.0,1.0,1.0,0.0
3224631703,0.0,0.0,0.0,2.0,0.0,0.0
3224825503,0.0,0.0,0.0,9.0,0.0,0.0
3224857167,16.0,4.0,3.0,47.0,13.0,1.0
3224869104,0.0,0.0,0.0,1.0,0.0,0.0
3224873352,0.0,0.0,0.0,5.0,3.0,0.0
3224959696,0.0,0.0,0.0,1.0,0.0,0.0
3225259487,0.0,0.0,0.0,5.0,3.0,0.0
3225310809,3.0,0.0,0.0,2.0,0.0,0.0
3225400623,7.0,0.0,0.0,11.0,6.0,1.0
3225420842,0.0,0.0,1.0,1.0,3.0,0.0
3225421674,0.0,0.0,0.0,3.0,7.0,0.0
3225553072,0.0,0.0,0.0,2.0,0.0,0.0
3225554906,0.0,0.0,0.0,1.0,0.0,0.0
3225582142,9.0,0.0,0.0,14.0,2.0,0.0
3225594099,0.0,0.0,0.0,2.0,0.0,0.0
3225630597,0.0,0.0,0.0,0.0,2.0,0.0
3225756286,0.0,0.0,0.0,3.0,0.0,0.0
3225792685,5.0,3.0,2.0,13.0,6.0,0.0
3225953715,0.0,0.0,0.0,1.0,0.0,0.0
3225967102,0.0,0.0,0.0,4.0,4.0,0.0
3225973402,0.0,0.0,0.0,1.0,0.0,0.0
3225981072,0.0,0.0,0.0,1.0,0.0,0.0
3226009558,0.0,0.0,0.0,4.0,2.0,0.0
3226012556,0.0,0.0,0.0,6.0,7.0,1.0
3226043406,44.0,0.0,1.0,31.0,26.0,7.0
3226124489,0.0,0.0,0.0,4.0,0.0,0.0
3226149137,0.0,0.0,0.0,6.0,6.0,0.0
3226175596,6.0,0.0,0.0,9.0,4.0,0.0
3226177127,0.0,0.0,0.0,6.0,4.0,0.0
3226214505,0.0,0.0,0.0,6.0,8.0,0.0
3226217517,0.0,0.0,0.0,2.0,6.0,0.0
3226257632,0.0,0.0,0.0,0.0,7.0,0.0
3226277258,0.0,0.0,0.0,4.0,0.0,0.0
3226278223,0.0,0.0,0.0,1.0,0.0,0.0
3226278349,0.0,0.0,0.0,3.0,0.0,0.0
3226341897,0.0,0.0,0.0,3.0,0.0,0.0
3226401427,0.0,0.0,0.0,1.0,0.0,0.0
3226434542,0.0,0.0,0.0,7.0,2.0,0.0
3226445635,0.0,0.0,0.0,4.0,17.0,0.0
3226516567,0.0,0.0,0.0,4.0,16.0,15.0
3226517119,0.0,0.0,0.0,3.0,20.0,0.0
3226519927,0.0,0.0,0.0,6.0,3.0,0.0
3226534612,0.0,0.0,0.0,2.0,1.0,0.0
3226543839,0.0,0.0,0.0,6.0,3.0,0.0
3226603595,0.0,0.0,0.0,8.0,4.0,0.0
3226627949,0.0,0.0,0.0,11.0,1.0,0.0
3226644014,0.0,0.0,0.0,1.0,4.0,0.0
3226713871,0.0,0.0,0.0,1.0,6.0,0.0
3226715971,0.0,0.0,0.0,1.0,6.0,0.0
3226728754,0.0,0.0,0.0,17.0,1.0,1.0
3226754320,0.0,0.0,0.0,5.0,0.0,0.0
3226763449,3.0,0.0,0.0,3.0,1.0,0.0
3226788461,0.0,0.0,0.0,2.0,1.0,1.0
3226791643,0.0,0.0,0.0,10.0,0.0,0.0
3226800461,6.0,0.0,17.0,22.0,30.0,0.0
3226805360,0.0,0.0,0.0,2.0,0.0,0.0
3226806559,0.0,0.0,0.0,18.0,296.0,0.0
3226808033,0.0,0.0,0.0,3.0,9.0,8.0
3226831249,0.0,0.0,0.0,3.0,2.0,0.0
3226833880,0.0,0.0,0.0,2.0,1.0,0.0
3226836037,0.0,0.0,0.0,2.0,2.0,0.0
3227075336,0.0,0.0,0.0,1.0,0.0,0.0
3227079148,0.0,0.0,0.0,1.0,1.0,0.0
3227079489,0.0,0.0,0.0,4.0,0.0,0.0
3227134715,0.0,0.0,0.0,4.0,0.0,0.0
3227146331,20.0,0.0,0.0,1.0,0.0,0.0
3227190659,0.0,0.0,0.0,2.0,2.0,0.0
3227271477,0.0,0.0,0.0,3.0,1.0,1.0
3227275032,0.0,0.0,0.0,3.0,0.0,0.0
3227366420,0.0,0.0,0.0,1.0,0.0,0.0
3227381137,0.0,0.0,0.0,4.0,1.0,0.0
3227452081,0.0,0.0,0.0,4.0,0.0,0.0
3227679621,0.0,0.0,0.0,3.0,3.0,0.0
3227719579,0.0,0.0,0.0,2.0,0.0,0.0
3227787585,0.0,0.0,0.0,3.0,9.0,0.0
3227846541,0.0,0.0,0.0,2.0,0.0,0.0
3227896964,0.0,0.0,0.0,1.0,0.0,0.0
3227913078,0.0,0.0,0.0,4.0,0.0,0.0
3227941715,0.0,0.0,0.0,3.0,1.0,0.0
3228093183,0.0,0.0,0.0,1.0,3.0,1.0
3228289580,0.0,0.0,0.0,5.0,2.0,0.0
3228354430,0.0,0.0,0.0,1.0,1.0,0.0
3228763432,4.0,0.0,0.0,2.0,2.0,0.0
3228764972,20.0,2.0,5.0,15.0,8.0,1.0
3228765594,0.0,0.0,0.0,3.0,0.0,0.0
3228845028,0.0,0.0,0.0,6.0,6.0,2.0
3228875697,0.0,0.0,0.0,1.0,0.0,0.0
3228988766,0.0,0.0,0.0,2.0,1.0,0.0
3229011182,0.0,0.0,0.0,3.0,1.0,1.0
3229017477,0.0,0.0,0.0,4.0,0.0,0.0
3229019016,0.0,0.0,0.0,3.0,90.0,88.0
3229082088,0.0,0.0,0.0,4.0,1.0,0.0
3229102583,0.0,0.0,0.0,5.0,2.0,2.0
3229160527,47.0,0.0,0.0,47.0,0.0,0.0
3229176248,0.0,0.0,0.0,2.0,0.0,0.0
3229197605,0.0,0.0,0.0,5.0,0.0,0.0
3229251226,0.0,0.0,0.0,2.0,0.0,0.0
3229357656,0.0,0.0,0.0,1.0,0.0,0.0
3229400382,0.0,0.0,0.0,10.0,0.0,0.0
3229562614,0.0,0.0,0.0,2.0,6.0,0.0
3229628332,0.0,0.0,0.0,0.0,1.0,0.0
3229725186,0.0,0.0,0.0,6.0,1.0,0.0
3229732955,0.0,0.0,0.0,9.0,6.0,0.0
3229934750,0.0,0.0,0.0,3.0,0.0,1.0
3229959019,0.0,0.0,0.0,2.0,0.0,0.0
3230250225,1.0,0.0,0.0,1.0,0.0,0.0
3230272935,0.0,0.0,0.0,1.0,0.0,0.0
3230281893,0.0,0.0,0.0,5.0,1.0,0.0
3230351703,161.0,38.0,91.0,0.0,0.0,1.0
3230373836,0.0,0.0,0.0,0.0,1.0,0.0
3230389168,0.0,0.0,0.0,5.0,2.0,0.0
3230424222,0.0,0.0,0.0,14.0,1.0,0.0
3230529031,8.0,0.0,0.0,11.0,4.0,1.0
3230548625,0.0,0.0,0.0,6.0,2.0,0.0
3230555212,0.0,0.0,0.0,4.0,0.0,0.0
3230595231,1.0,0.0,0.0,2.0,10.0,4.0
3230596302,0.0,0.0,0.0,1.0,3.0,0.0
3230596562,0.0,0.0,0.0,4.0,2.0,0.0
3230603640,0.0,0.0,0.0,1.0,0.0,0.0
3230603903,0.0,0.0,0.0,10.0,0.0,0.0
3230657224,1.0,0.0,0.0,1.0,9.0,0.0
3230688490,0.0,0.0,0.0,2.0,0.0,0.0
3230708925,0.0,0.0,0.0,6.0,0.0,0.0
3230709333,0.0,0.0,0.0,3.0,0.0,0.0
3230714709,0.0,0.0,0.0,2.0,0.0,0.0
3230720468,0.0,0.0,0.0,7.0,2.0,0.0
3230727859,0.0,0.0,0.0,9.0,0.0,0.0
3230729390,0.0,0.0,0.0,4.0,0.0,0.0
3230759180,0.0,0.0,0.0,3.0,0.0,0.0
3230828970,0.0,0.0,0.0,14.0,0.0,0.0
3230879398,0.0,0.0,0.0,35.0,2.0,0.0
3230882046,0.0,0.0,0.0,4.0,3.0,1.0
3230922085,0.0,0.0,0.0,26.0,1.0,1.0
3230990710,0.0,0.0,0.0,11.0,0.0,0.0
3231247633,0.0,0.0,0.0,1.0,0.0,0.0
3231259535,0.0,0.0,0.0,5.0,1.0,0.0
3231269305,0.0,0.0,0.0,14.0,0.0,0.0
3231319881,0.0,0.0,0.0,6.0,0.0,0.0
3231339205,0.0,0.0,0.0,4.0,18.0,0.0
3231548516,0.0,0.0,0.0,1.0,0.0,0.0
3231573988,0.0,0.0,0.0,2.0,7.0,0.0
3231613528,0.0,0.0,0.0,1.0,1.0,0.0
3231648461,0.0,0.0,0.0,5.0,2.0,0.0
3231648781,5.0,0.0,0.0,10.0,5.0,1.0
3231652557,2.0,0.0,0.0,20.0,2.0,2.0
3231720206,6.0,4.0,4.0,0.0,0.0,0.0
3231934199,0.0,0.0,0.0,1.0,0.0,0.0
3231934716,0.0,0.0,0.0,1.0,0.0,0.0
3231935854,0.0,0.0,0.0,7.0,0.0,0.0
3231936090,0.0,0.0,0.0,1.0,0.0,0.0
3231937509,0.0,0.0,0.0,3.0,0.0,0.0
3231939914,0.0,0.0,0.0,1.0,0.0,0.0
3231946113,0.0,0.0,0.0,6.0,1.0,1.0
3231947579,0.0,0.0,0.0,6.0,0.0,0.0
3231948361,0.0,0.0,0.0,4.0,0.0,0.0
3231949586,24.0,1.0,0.0,0.0,0.0,0.0
3231950376,46.0,115.0,0.0,4.0,0.0,1.0
3231951012,60.0,115.0,0.0,4.0,0.0,1.0
3231951656,75.0,115.0,0.0,4.0,0.0,1.0
3231952364,87.0,115.0,0.0,4.0,0.0,1.0
3231953027,99.0,115.0,0.0,0.0,0.0,0.0
3231953757,116.0,115.0,0.0,0.0,0.0,0.0
3231954470,129.0,115.0,0.0,0.0,0.0,0.0
3231955292,129.0,115.0,4.0,0.0,0.0,0.0
3232150852,0.0,0.0,0.0,3.0,0.0,0.0
3232185257,0.0,0.0,0.0,4.0,27.0,0.0
3232202968,0.0,0.0,0.0,15.0,8.0,0.0
3232348180,0.0,0.0,0.0,3.0,0.0,0.0
3232518760,0.0,0.0,0.0,2.0,6.0,0.0
3232542994,0.0,0.0,0.0,1.0,0.0,0.0
3232624358,0.0,0.0,0.0,2.0,2.0,0.0
3232638132,0.0,0.0,0.0,4.0,0.0,0.0
3232644031,0.0,0.0,0.0,2.0,3.0,0.0
3232655665,0.0,0.0,0.0,5.0,0.0,0.0
3232671397,0.0,0.0,0.0,3.0,12.0,0.0
3232672090,0.0,0.0,0.0,11.0,3.0,1.0
3232717651,0.0,0.0,0.0,1.0,1.0,0.0
3232731143,0.0,0.0,0.0,1.0,0.0,0.0
3232826145,0.0,0.0,0.0,1.0,1.0,0.0
3232844270,13.0,1.0,0.0,17.0,26.0,1.0
3233201952,0.0,0.0,0.0,13.0,10.0,2.0
3233286812,0.0,0.0,0.0,4.0,3.0,1.0
3233527581,0.0,0.0,0.0,6.0,1.0,0.0
3233672464,0.0,0.0,0.0,2.0,0.0,0.0
3233850732,0.0,0.0,0.0,2.0,7.0,0.0
3234026322,23.0,5.0,0.0,4.0,4.0,0.0
3234040738,0.0,0.0,0.0,2.0,2.0,0.0
3234061012,0.0,0.0,0.0,4.0,3.0,0.0
3234115546,4.0,0.0,0.0,9.0,1.0,0.0
3234164558,0.0,0.0,0.0,1.0,0.0,0.0
3234182132,2.0,0.0,0.0,35.0,0.0,0.0
3234200031,0.0,0.0,0.0,8.0,4.0,0.0
3234207351,0.0,0.0,0.0,10.0,7.0,0.0
3234207865,0.0,0.0,0.0,2.0,0.0,0.0
3234229310,0.0,0.0,0.0,3.0,2.0,1.0
3234253127,0.0,0.0,0.0,3.0,3.0,1.0
3234254286,0.0,0.0,0.0,12.0,4.0,0.0
3234257351,3.0,0.0,0.0,13.0,3.0,0.0
3234257837,0.0,0.0,0.0,6.0,8.0,0.0
3234278576,0.0,0.0,0.0,11.0,4.0,0.0
3234322879,0.0,0.0,0.0,1.0,0.0,0.0
3234328843,0.0,0.0,0.0,7.0,1.0,0.0
3234387620,3.0,1.0,0.0,12.0,9.0,0.0
3234480284,4.0,0.0,0.0,15.0,1.0,0.0
3234501505,0.0,0.0,0.0,3.0,0.0,0.0
3234650797,1.0,0.0,0.0,162.0,1.0,10.0
3234652462,0.0,0.0,0.0,1.0,0.0,0.0
3234660269,9.0,0.0,0.0,36.0,6.0,0.0
3234708546,0.0,0.0,0.0,1.0,0.0,0.0
3234710075,2.0,1.0,0.0,7.0,4.0,1.0
3234816295,0.0,0.0,0.0,2.0,3.0,0.0
3234816520,0.0,0.0,0.0,1.0,0.0,0.0
3234889538,0.0,0.0,1.0,10.0,3.0,1.0
3234904891,0.0,0.0,0.0,8.0,4.0,1.0
3234973989,0.0,0.0,0.0,476.0,68.0,18.0
3235022042,0.0,0.0,0.0,24.0,2.0,0.0
3235041361,0.0,0.0,0.0,2.0,0.0,0.0
3235055290,0.0,0.0,0.0,2.0,0.0,0.0
3235082376,0.0,0.0,0.0,1.0,1.0,0.0
3235116501,0.0,0.0,0.0,2.0,0.0,2.0
3235190981,0.0,0.0,0.0,2.0,1.0,0.0
3235219394,0.0,0.0,0.0,1.0,2.0,0.0
3235225544,0.0,0.0,0.0,1.0,2.0,0.0
3235301897,0.0,0.0,0.0,1.0,0.0,0.0
3235313514,0.0,0.0,0.0,1.0,0.0,0.0
3235374043,0.0,0.0,0.0,1.0,0.0,0.0
3235395709,0.0,0.0,0.0,1.0,0.0,0.0
3235399600,0.0,0.0,0.0,1.0,0.0,0.0
3235449791,0.0,0.0,0.0,2.0,0.0,0.0
3235498524,0.0,0.0,0.0,2.0,1.0,0.0
3235701551,0.0,0.0,0.0,8.0,0.0,0.0
3235702407,0.0,0.0,0.0,2.0,0.0,0.0
3235765325,0.0,0.0,0.0,5.0,1.0,1.0
3235792700,0.0,0.0,0.0,3.0,0.0,0.0
3235820229,9.0,0.0,0.0,21.0,4.0,2.0
3235928576,7.0,0.0,0.0,0.0,0.0,0.0
3236030119,0.0,0.0,0.0,10.0,0.0,0.0
3236075721,0.0,0.0,0.0,17.0,0.0,0.0
3236103026,0.0,0.0,0.0,6.0,0.0,0.0
3236107202,0.0,0.0,0.0,2.0,1.0,1.0
3236114322,0.0,0.0,0.0,5.0,4.0,1.0
3236131306,1.0,0.0,0.0,1.0,1.0,0.0
3236144651,0.0,0.0,0.0,4.0,2.0,0.0
3236161704,0.0,0.0,0.0,4.0,1.0,0.0
3236171682,0.0,0.0,0.0,13.0,0.0,0.0
3236210481,0.0,0.0,0.0,3.0,0.0,0.0
3236225298,0.0,0.0,0.0,1.0,0.0,0.0
3236233165,0.0,0.0,0.0,2.0,0.0,0.0
3236306681,3.0,6.0,1.0,3.0,1.0,1.0
3236312807,0.0,0.0,0.0,2.0,2.0,0.0
3236314925,0.0,0.0,0.0,1.0,0.0,0.0
3236315986,0.0,0.0,0.0,3.0,0.0,0.0
3236322044,1.0,0.0,0.0,3.0,2.0,0.0
3236322926,0.0,0.0,0.0,1.0,0.0,0.0
3236323150,0.0,0.0,0.0,3.0,3.0,0.0
3236323443,0.0,0.0,0.0,1.0,0.0,0.0
3236325849,0.0,0.0,0.0,1.0,9.0,0.0
3236325867,0.0,0.0,0.0,8.0,0.0,0.0
3236326288,0.0,0.0,0.0,9.0,0.0,0.0
3236326340,0.0,0.0,0.0,8.0,4.0,0.0
3236326596,0.0,0.0,0.0,2.0,0.0,0.0
3236327722,0.0,0.0,0.0,7.0,4.0,0.0
3236432696,0.0,0.0,0.0,1.0,0.0,0.0
3236515423,0.0,0.0,0.0,22.0,0.0,3.0
3236543436,1.0,0.0,0.0,2.0,0.0,0.0
3236551508,5.0,0.0,0.0,11.0,0.0,0.0
3236556646,1.0,0.0,0.0,1.0,0.0,0.0
3236557541,0.0,0.0,0.0,1.0,0.0,0.0
3237301213,0.0,0.0,0.0,2.0,1.0,0.0
3237648547,0.0,0.0,0.0,5.0,0.0,0.0
3237656374,0.0,0.0,0.0,4.0,0.0,0.0
3237703446,0.0,0.0,0.0,6.0,2.0,1.0
3237827925,0.0,0.0,0.0,2.0,0.0,0.0
3237835287,0.0,0.0,0.0,2.0,0.0,0.0
3237862514,4.0,2.0,1.0,4.0,3.0,1.0
3237885331,0.0,0.0,0.0,1.0,0.0,0.0
3237935468,0.0,0.0,0.0,13.0,6.0,0.0
3237965606,0.0,0.0,0.0,2.0,0.0,1.0
3237983392,0.0,0.0,0.0,4.0,19.0,0.0
3238057382,0.0,0.0,0.0,6.0,0.0,0.0
3238111966,0.0,0.0,0.0,11.0,3.0,1.0
3238188890,0.0,0.0,0.0,1.0,0.0,0.0
3238232687,0.0,0.0,0.0,1.0,0.0,0.0
3238286297,0.0,0.0,0.0,2.0,0.0,0.0
3238301472,0.0,0.0,0.0,5.0,0.0,0.0
3238330931,1.0,1.0,0.0,0.0,0.0,0.0
3238444749,0.0,0.0,0.0,1.0,0.0,0.0
3238483606,0.0,0.0,0.0,2.0,0.0,0.0
3238491477,1.0,0.0,0.0,0.0,0.0,0.0
3238523554,0.0,0.0,0.0,3.0,2.0,0.0
3238626702,3.0,0.0,0.0,0.0,0.0,0.0
3238680606,0.0,0.0,0.0,4.0,0.0,0.0
3238704789,0.0,0.0,0.0,3.0,0.0,0.0
3238753353,0.0,0.0,0.0,1.0,18.0,0.0
3238773850,0.0,0.0,0.0,2.0,0.0,0.0
3238853538,0.0,0.0,0.0,4.0,0.0,0.0
3238869981,0.0,0.0,0.0,1.0,0.0,0.0
3238888848,0.0,0.0,0.0,2.0,1.0,0.0
3238911335,0.0,0.0,0.0,3.0,2.0,1.0
3238929100,0.0,0.0,0.0,4.0,1.0,0.0
3238958692,0.0,0.0,0.0,7.0,3.0,0.0
3238991224,0.0,0.0,0.0,13.0,1.0,0.0
3239301332,0.0,0.0,0.0,2.0,6.0,0.0
3239395784,0.0,0.0,0.0,2.0,0.0,0.0
3239465760,0.0,0.0,0.0,61.0,1.0,0.0
3239490011,0.0,0.0,0.0,4.0,2.0,0.0
3239530372,0.0,0.0,0.0,1.0,1.0,1.0
3239564957,0.0,0.0,0.0,3.0,11.0,0.0
3239585277,0.0,0.0,0.0,1.0,2.0,0.0
3239609997,0.0,0.0,0.0,4.0,5.0,0.0
3239623244,0.0,0.0,0.0,6.0,0.0,0.0
3239733526,3.0,0.0,0.0,4.0,1.0,0.0
3239945909,0.0,0.0,0.0,2.0,0.0,0.0
3240248542,1.0,0.0,0.0,3.0,0.0,0.0
3240293949,1.0,0.0,0.0,1.0,0.0,0.0
3240350831,0.0,0.0,0.0,2.0,1.0,1.0
3240515147,0.0,0.0,0.0,44.0,5.0,3.0
3240738542,0.0,0.0,0.0,1.0,1.0,1.0
3240741513,0.0,0.0,0.0,3.0,1.0,0.0
3240784232,0.0,0.0,0.0,1.0,23.0,1.0
3240935078,0.0,0.0,0.0,1.0,0.0,0.0
3241012029,0.0,0.0,0.0,1.0,2.0,0.0
3241089784,0.0,0.0,0.0,1.0,0.0,0.0
3241305284,3.0,0.0,0.0,4.0,1.0,0.0
3241328871,0.0,0.0,0.0,5.0,0.0,0.0
3241346467,0.0,0.0,0.0,2.0,0.0,0.0
3241349914,0.0,0.0,0.0,4.0,0.0,0.0
3241371550,0.0,0.0,0.0,4.0,1.0,0.0
3241406905,0.0,0.0,0.0,1.0,0.0,0.0
3241525411,0.0,0.0,0.0,4.0,0.0,0.0
3241550311,0.0,0.0,0.0,1.0,0.0,0.0
3241590398,0.0,0.0,0.0,9.0,0.0,0.0
3241598089,0.0,0.0,0.0,4.0,0.0,0.0
3241708833,0.0,0.0,0.0,0.0,9.0,0.0
3241712681,0.0,0.0,0.0,2.0,0.0,0.0
3241718030,0.0,0.0,0.0,6.0,9.0,1.0
3241815946,0.0,0.0,0.0,11.0,12.0,2.0
3241819936,0.0,0.0,0.0,8.0,2.0,0.0
3241840766,2.0,0.0,0.0,4.0,1.0,0.0
3241953835,0.0,0.0,0.0,1.0,0.0,0.0
3242059450,0.0,0.0,0.0,3.0,4.0,0.0
3242142016,3.0,0.0,0.0,7.0,0.0,0.0
3242174192,0.0,0.0,0.0,2.0,3.0,0.0
3242236662,0.0,0.0,0.0,2.0,1.0,1.0
3242243860,0.0,0.0,0.0,3.0,0.0,0.0
3242315574,0.0,0.0,0.0,4.0,0.0,0.0
3242343601,0.0,0.0,0.0,1.0,2.0,0.0
3242348833,0.0,0.0,0.0,1.0,0.0,0.0
3242565117,0.0,0.0,0.0,3.0,0.0,0.0
3242906683,1.0,0.0,0.0,1.0,0.0,0.0
3243054866,0.0,0.0,0.0,6.0,0.0,0.0
3243061060,0.0,0.0,0.0,3.0,8.0,0.0
3243134540,0.0,0.0,0.0,5.0,1.0,0.0
3243533799,9.0,4.0,0.0,17.0,0.0,0.0
3243755675,0.0,0.0,0.0,2.0,0.0,0.0
3243982089,0.0,0.0,0.0,10.0,0.0,1.0
3244010965,0.0,0.0,0.0,4.0,1.0,0.0
3244192229,0.0,0.0,0.0,3.0,1.0,0.0
3244216022,0.0,0.0,0.0,8.0,1.0,0.0
3244585376,0.0,0.0,0.0,1.0,0.0,0.0
3244592318,0.0,0.0,0.0,8.0,1.0,0.0
3244677330,1.0,0.0,0.0,10.0,0.0,0.0
3244697570,0.0,0.0,0.0,7.0,3.0,0.0
3244768296,3.0,0.0,0.0,3.0,2.0,0.0
3244838450,0.0,0.0,0.0,1.0,0.0,0.0
3244868174,0.0,0.0,0.0,0.0,16.0,0.0
3244874854,0.0,0.0,0.0,5.0,2.0,1.0
3244955615,0.0,0.0,0.0,12.0,1.0,0.0
3245078642,0.0,0.0,0.0,3.0,14.0,0.0
3245116902,1.0,0.0,0.0,20.0,18.0,0.0
3245158095,0.0,0.0,0.0,1.0,0.0,0.0
3245161961,7.0,0.0,0.0,35.0,10.0,0.0
3245221924,0.0,0.0,0.0,4.0,6.0,0.0
3245285280,0.0,0.0,0.0,4.0,0.0,0.0
3245313058,5.0,0.0,0.0,0.0,0.0,0.0
3245321897,5.0,8.0,0.0,4.0,1.0,0.0
3245368580,1.0,1.0,1.0,7.0,6.0,0.0
3245438101,0.0,0.0,0.0,10.0,0.0,0.0
3245454530,0.0,0.0,0.0,20.0,22.0,0.0
3245572582,0.0,0.0,0.0,3.0,0.0,0.0
3245584783,7.0,0.0,0.0,8.0,5.0,0.0
3245700674,0.0,0.0,0.0,1.0,9.0,0.0
3245747489,0.0,0.0,0.0,5.0,1.0,0.0
3245763226,0.0,0.0,0.0,5.0,20.0,0.0
3245776477,0.0,0.0,0.0,2.0,0.0,0.0
3245813506,0.0,0.0,0.0,14.0,0.0,39.0
3245826488,0.0,0.0,0.0,2.0,2.0,0.0
3245889248,0.0,0.0,0.0,3.0,16.0,0.0
3245893836,0.0,0.0,0.0,4.0,5.0,0.0
3245984112,9.0,0.0,0.0,13.0,4.0,1.0
3246272592,0.0,0.0,1.0,7.0,3.0,0.0
3246277050,0.0,0.0,0.0,2.0,0.0,0.0
3246339663,0.0,0.0,0.0,1.0,0.0,0.0
3246352490,0.0,0.0,0.0,2.0,0.0,0.0
3246497185,0.0,0.0,0.0,43.0,0.0,0.0
3246510069,0.0,0.0,0.0,3.0,0.0,0.0
3246635062,11.0,43.0,11.0,115.0,21.0,16.0
3246647416,1.0,0.0,0.0,1.0,0.0,0.0
3246694948,1.0,0.0,0.0,29.0,13.0,0.0
3246759351,0.0,0.0,0.0,7.0,1.0,4.0
3246762112,0.0,0.0,0.0,38.0,1.0,4.0
3246852543,0.0,0.0,0.0,6.0,1.0,0.0
3247152239,0.0,0.0,0.0,1.0,0.0,0.0
3247425264,0.0,0.0,0.0,4.0,40.0,0.0
3247560836,9.0,21.0,0.0,0.0,0.0,0.0
3247693982,0.0,0.0,0.0,9.0,0.0,0.0
3247707916,0.0,0.0,0.0,9.0,0.0,0.0
3247719401,0.0,0.0,0.0,2.0,0.0,0.0
3247799753,0.0,0.0,0.0,3.0,1.0,1.0
3247852158,0.0,0.0,0.0,1.0,95.0,93.0
3247964798,0.0,0.0,0.0,5.0,3.0,0.0
3248085336,0.0,0.0,0.0,2.0,1.0,0.0
3248123021,0.0,0.0,0.0,1.0,0.0,0.0
3248210397,0.0,0.0,0.0,13.0,10.0,0.0
3248362607,0.0,0.0,0.0,2.0,0.0,0.0
3248427628,0.0,0.0,0.0,3.0,3.0,0.0
3249052943,0.0,0.0,0.0,2.0,0.0,0.0
3249096999,0.0,0.0,0.0,0.0,4.0,0.0
3250173935,7.0,9.0,1.0,5.0,1.0,0.0
3250235391,5.0,2.0,0.0,0.0,0.0,0.0
3250293030,0.0,0.0,0.0,1.0,0.0,0.0
3250474699,0.0,0.0,0.0,1.0,1.0,0.0
3250552829,14.0,0.0,0.0,5.0,1.0,0.0
3250586148,0.0,0.0,0.0,1.0,0.0,0.0
3250619328,0.0,0.0,0.0,3.0,0.0,0.0
3250688000,0.0,0.0,0.0,3.0,1.0,0.0
3250744798,0.0,0.0,0.0,0.0,4.0,0.0
3250806060,0.0,0.0,0.0,3.0,0.0,0.0
3250808281,6.0,12.0,0.0,2.0,0.0,0.0
3251035072,0.0,0.0,0.0,2.0,1.0,0.0
3251419718,0.0,0.0,0.0,2.0,0.0,0.0
3251517108,0.0,0.0,0.0,2.0,0.0,0.0
3251544513,2.0,2.0,0.0,16.0,1.0,1.0
3251640244,0.0,0.0,0.0,3.0,15.0,0.0
3251894732,0.0,0.0,0.0,4.0,0.0,0.0
3251930179,0.0,0.0,0.0,1.0,0.0,0.0
3251998741,0.0,0.0,0.0,3.0,4.0,0.0
3252065228,0.0,0.0,0.0,8.0,1.0,0.0
3252153920,0.0,0.0,0.0,14.0,0.0,0.0
3252721879,1.0,0.0,0.0,5.0,1.0,0.0
3252910310,0.0,0.0,0.0,1.0,0.0,0.0
3252917201,0.0,0.0,0.0,4.0,0.0,0.0
3253000635,0.0,0.0,0.0,2.0,0.0,0.0
3253039135,0.0,0.0,0.0,3.0,0.0,0.0
3253080014,4.0,0.0,0.0,5.0,1.0,1.0
3253250382,0.0,0.0,0.0,3.0,0.0,0.0
3253291299,0.0,0.0,0.0,2.0,0.0,0.0
3253330937,0.0,0.0,0.0,2.0,0.0,0.0
3253344062,0.0,0.0,0.0,8.0,11.0,0.0
3253477854,0.0,0.0,0.0,4.0,0.0,0.0
3253576699,4.0,0.0,0.0,6.0,1.0,0.0
3253651747,0.0,0.0,0.0,2.0,2.0,0.0
3253657879,0.0,0.0,0.0,8.0,0.0,0.0
3253658970,0.0,0.0,0.0,8.0,0.0,0.0
3254286684,35.0,4.0,10.0,2.0,11.0,0.0
3254378635,0.0,0.0,0.0,1.0,1.0,0.0
3254448438,0.0,0.0,0.0,4.0,0.0,0.0
3254458373,0.0,0.0,0.0,5.0,2.0,0.0
3254485322,0.0,0.0,0.0,7.0,0.0,0.0
3254584375,0.0,0.0,0.0,7.0,3.0,1.0
3254612440,0.0,0.0,0.0,11.0,0.0,0.0
3254631132,0.0,0.0,0.0,3.0,6.0,0.0
3254649795,5.0,0.0,0.0,0.0,0.0,0.0
3254714382,0.0,0.0,0.0,5.0,97.0,97.0
3254749319,0.0,0.0,0.0,2.0,97.0,0.0
3254750670,0.0,0.0,0.0,3.0,0.0,0.0
3254752706,0.0,0.0,0.0,1.0,0.0,0.0
3254761836,0.0,0.0,0.0,1.0,1.0,0.0
3254855773,0.0,0.0,0.0,4.0,1.0,1.0
3254864914,0.0,0.0,0.0,3.0,3.0,0.0
3254865327,0.0,0.0,0.0,1.0,0.0,0.0
3255100023,0.0,0.0,0.0,2.0,0.0,0.0
3255130444,0.0,0.0,0.0,95.0,3.0,1.0
3255142482,0.0,0.0,0.0,3.0,0.0,0.0
3255320091,0.0,0.0,0.0,6.0,0.0,0.0
3255339414,0.0,0.0,0.0,10.0,4.0,0.0
3255623809,0.0,0.0,0.0,0.0,4.0,0.0
3255674991,0.0,0.0,0.0,5.0,6.0,0.0
3255786986,0.0,0.0,0.0,1.0,0.0,0.0
3255829767,0.0,0.0,0.0,1.0,0.0,0.0
3256042727,0.0,0.0,0.0,3.0,0.0,0.0
3256172444,11.0,21.0,0.0,0.0,0.0,0.0
3256317503,0.0,0.0,0.0,2.0,2.0,0.0
3256348989,26.0,96.0,30.0,2.0,31.0,0.0
3256405696,0.0,0.0,0.0,1.0,0.0,0.0
3256451757,0.0,0.0,0.0,1.0,0.0,0.0
3256472611,0.0,0.0,0.0,1.0,3.0,0.0
3256473912,0.0,0.0,0.0,5.0,0.0,0.0
3256558725,2.0,0.0,0.0,15.0,7.0,1.0
3256573926,0.0,0.0,0.0,5.0,5.0,0.0
3256651557,0.0,0.0,0.0,0.0,2.0,0.0
3256692785,25.0,2.0,0.0,0.0,0.0,0.0
3256751857,0.0,0.0,0.0,14.0,4.0,0.0
3256999647,0.0,0.0,0.0,0.0,1.0,0.0
3257085745,0.0,0.0,0.0,1.0,0.0,0.0
3257102140,20.0,4.0,0.0,2.0,0.0,0.0
3257330452,0.0,0.0,0.0,4.0,2.0,0.0
3257359947,0.0,0.0,0.0,3.0,1.0,0.0
3258038496,0.0,0.0,0.0,1.0,0.0,0.0
3258115779,0.0,0.0,0.0,25.0,2.0,0.0
3258259137,0.0,0.0,0.0,1.0,6.0,0.0
3258264488,0.0,0.0,0.0,3.0,8.0,0.0
3258265517,5.0,0.0,0.0,15.0,14.0,1.0
3258336312,0.0,0.0,0.0,2.0,0.0,0.0
3258362007,0.0,0.0,0.0,1.0,2.0,0.0
3258418757,0.0,0.0,0.0,2.0,1.0,0.0
3258555966,0.0,0.0,0.0,0.0,11.0,0.0
3258566467,2.0,0.0,0.0,0.0,0.0,0.0
3258785681,0.0,0.0,0.0,1.0,0.0,0.0
3258858919,0.0,0.0,0.0,1.0,0.0,0.0
3258872453,0.0,0.0,0.0,1.0,1.0,0.0
3258873519,2.0,0.0,0.0,1.0,1.0,0.0
3258875068,2.0,0.0,0.0,1.0,0.0,0.0
3258905127,0.0,0.0,0.0,4.0,4.0,0.0
3258945821,4.0,13.0,1.0,0.0,0.0,0.0
3258953409,0.0,0.0,0.0,1.0,0.0,0.0
3259015956,0.0,0.0,0.0,6.0,2.0,0.0
3259062672,0.0,0.0,0.0,2.0,217.0,0.0
3259161670,0.0,0.0,0.0,2.0,6.0,3.0
3259170663,0.0,0.0,0.0,42.0,62.0,62.0
3259184487,0.0,0.0,0.0,2.0,2.0,0.0
3259210216,0.0,0.0,0.0,14.0,5.0,0.0
3259262657,0.0,0.0,0.0,8.0,0.0,0.0
3259314086,0.0,0.0,0.0,1.0,1.0,0.0
3259381415,0.0,0.0,0.0,2.0,0.0,0.0
3259400363,0.0,0.0,0.0,5.0,15.0,0.0
3259456784,0.0,0.0,0.0,1.0,1.0,0.0
3259572630,0.0,0.0,0.0,6.0,2.0,0.0
3259580896,5.0,3.0,0.0,0.0,0.0,0.0
3259603262,0.0,0.0,0.0,1.0,1.0,0.0
3259688737,0.0,0.0,0.0,1.0,0.0,0.0
3259689574,0.0,0.0,0.0,8.0,78.0,58.0
3259732080,0.0,0.0,0.0,2.0,0.0,0.0
3259892866,0.0,0.0,0.0,5.0,1.0,1.0
3259899444,0.0,0.0,0.0,4.0,3.0,1.0
3259942984,1.0,0.0,0.0,8.0,0.0,0.0
3259959319,0.0,0.0,0.0,3.0,0.0,0.0
3260019635,0.0,0.0,0.0,2.0,0.0,0.0
3260218057,1.0,0.0,0.0,2.0,1.0,0.0
3260232103,0.0,0.0,0.0,3.0,0.0,0.0
3260259915,0.0,0.0,0.0,17.0,0.0,0.0
3260311457,0.0,0.0,0.0,4.0,0.0,0.0
3260323836,0.0,0.0,0.0,1.0,0.0,0.0
3260361394,0.0,0.0,0.0,3.0,0.0,0.0
3260361982,0.0,0.0,0.0,3.0,0.0,0.0
3260688211,1.0,0.0,0.0,8.0,0.0,0.0
3260776885,1.0,0.0,0.0,2.0,1.0,1.0
3261269596,0.0,0.0,0.0,2.0,0.0,0.0
3261286448,0.0,0.0,0.0,4.0,0.0,0.0
3261570664,0.0,0.0,0.0,3.0,0.0,0.0
3261593553,0.0,0.0,0.0,2.0,0.0,0.0
3261615355,0.0,0.0,0.0,7.0,0.0,0.0
3261628196,0.0,0.0,0.0,7.0,0.0,0.0
3261634453,0.0,0.0,0.0,2.0,10.0,0.0
3261678660,0.0,0.0,0.0,6.0,12.0,0.0
3261722682,0.0,0.0,0.0,2.0,1.0,0.0
3261725375,0.0,0.0,0.0,3.0,0.0,0.0
3261726638,0.0,0.0,0.0,2.0,0.0,0.0
3261731277,0.0,0.0,0.0,18.0,0.0,0.0
3261744748,0.0,0.0,0.0,1.0,4.0,0.0
3261852303,0.0,0.0,0.0,1.0,0.0,0.0
3262049598,0.0,0.0,0.0,167.0,0.0,0.0
3262094308,0.0,0.0,0.0,2.0,3.0,0.0
3262310380,9.0,0.0,0.0,0.0,0.0,0.0
3262316522,0.0,0.0,0.0,2.0,0.0,0.0
3262317031,0.0,0.0,0.0,1.0,0.0,0.0
3262410301,0.0,0.0,0.0,7.0,2.0,0.0
3262410892,0.0,0.0,0.0,3.0,4.0,0.0
3262412105,0.0,0.0,0.0,2.0,0.0,0.0
3262413873,0.0,0.0,0.0,8.0,0.0,0.0
3262466495,0.0,0.0,0.0,9.0,7.0,2.0
3262556381,0.0,0.0,0.0,1.0,0.0,0.0
3262649320,2.0,2.0,0.0,16.0,1.0,1.0
3262668155,0.0,0.0,0.0,1.0,0.0,0.0
3262684387,0.0,0.0,0.0,16.0,2.0,0.0
3262802572,0.0,0.0,0.0,2.0,0.0,0.0
3263021891,0.0,0.0,0.0,3.0,0.0,5.0
3263023514,0.0,0.0,0.0,5.0,0.0,0.0
3263026257,0.0,0.0,0.0,3.0,3.0,0.0
3263094679,0.0,0.0,0.0,2.0,0.0,0.0
3263137306,0.0,0.0,0.0,8.0,1.0,0.0
3263180193,0.0,0.0,0.0,1.0,0.0,0.0
3263199127,0.0,0.0,0.0,2.0,0.0,0.0
3263203091,0.0,0.0,0.0,2.0,0.0,0.0
3263345653,0.0,0.0,0.0,1.0,0.0,0.0
3263401745,0.0,0.0,0.0,2.0,0.0,0.0
3263692368,2.0,1.0,0.0,0.0,0.0,0.0
3264232570,0.0,0.0,0.0,3.0,1.0,0.0
3264413761,0.0,0.0,0.0,4.0,1.0,1.0
3264481803,0.0,0.0,0.0,3.0,3.0,0.0
3264692597,0.0,0.0,0.0,7.0,3.0,0.0
3264713468,15.0,0.0,0.0,7.0,1.0,0.0
3264732852,0.0,0.0,0.0,5.0,0.0,0.0
3264839247,0.0,0.0,0.0,4.0,4.0,0.0
3264874728,0.0,0.0,0.0,9.0,1.0,1.0
3264876557,0.0,0.0,0.0,2.0,1.0,0.0
3264876660,0.0,0.0,0.0,18.0,3.0,0.0
3264878708,0.0,0.0,0.0,16.0,4.0,0.0
3264893018,0.0,0.0,0.0,22.0,154.0,157.0
3264900831,0.0,0.0,0.0,3.0,5.0,0.0
3264933329,0.0,0.0,0.0,2.0,1.0,0.0
3264936543,0.0,0.0,0.0,1.0,5.0,0.0
3264944925,0.0,0.0,0.0,7.0,2.0,13.0
3265016951,0.0,0.0,0.0,3.0,1.0,0.0
3265090887,0.0,0.0,0.0,2.0,0.0,0.0
3265150357,0.0,0.0,0.0,4.0,5.0,0.0
3265153814,0.0,0.0,0.0,17.0,1.0,0.0
3265205374,0.0,0.0,0.0,5.0,0.0,0.0
3265248177,0.0,0.0,0.0,1.0,8.0,0.0
3265312287,9.0,2.0,0.0,2.0,0.0,0.0
3265364263,1.0,0.0,0.0,2.0,0.0,0.0
3265384682,0.0,0.0,0.0,3.0,2.0,0.0
3265417735,0.0,0.0,0.0,2.0,0.0,0.0
3265728197,0.0,0.0,0.0,10.0,4.0,5.0
3265760288,0.0,0.0,0.0,7.0,28.0,28.0
3265921844,0.0,0.0,0.0,4.0,0.0,0.0
3266424520,0.0,0.0,0.0,2.0,0.0,0.0
3266437649,0.0,0.0,0.0,5.0,2.0,0.0
3266530341,1.0,0.0,0.0,0.0,0.0,0.0
3266797999,0.0,0.0,0.0,1.0,2.0,1.0
3266871127,0.0,0.0,0.0,1.0,1.0,0.0
3266882116,0.0,0.0,0.0,2.0,1.0,0.0
3266909311,0.0,0.0,0.0,4.0,2.0,0.0
3266954022,0.0,0.0,0.0,2.0,1.0,0.0
3266984107,0.0,0.0,0.0,5.0,2.0,0.0
3266988519,0.0,0.0,0.0,1.0,0.0,0.0
3267002139,0.0,0.0,0.0,17.0,2.0,0.0
3267112009,0.0,0.0,0.0,7.0,1.0,1.0
3267198858,58.0,5.0,0.0,2.0,0.0,0.0
3267543045,0.0,0.0,0.0,147.0,0.0,0.0
3267556588,0.0,0.0,0.0,0.0,5.0,0.0
3267602007,9.0,0.0,0.0,37.0,15.0,0.0
3267844578,0.0,0.0,0.0,4.0,0.0,0.0
3267923695,0.0,0.0,0.0,2.0,1.0,0.0
3267932256,0.0,0.0,0.0,2.0,0.0,0.0
3267963308,0.0,0.0,0.0,1.0,0.0,0.0
3267986741,0.0,0.0,1.0,1.0,1.0,0.0
3268101962,0.0,0.0,0.0,7.0,0.0,0.0
3268113550,0.0,0.0,0.0,14.0,135.0,115.0
3268164028,0.0,0.0,0.0,3.0,1.0,0.0
3268346615,0.0,0.0,0.0,3.0,0.0,0.0
3268405610,0.0,0.0,0.0,2.0,5.0,0.0
3268595756,0.0,0.0,0.0,11.0,2.0,2.0
3268724186,0.0,0.0,0.0,3.0,0.0,0.0
3268814007,0.0,0.0,0.0,2.0,0.0,0.0
3268897252,5.0,0.0,0.0,19.0,39.0,124.0
3268974399,0.0,0.0,0.0,1.0,0.0,0.0
3268978958,0.0,0.0,0.0,1.0,0.0,0.0
3269019308,0.0,0.0,0.0,1.0,4.0,0.0
3269047351,0.0,0.0,0.0,3.0,0.0,0.0
3269064930,0.0,0.0,0.0,1.0,1.0,0.0
3269086726,0.0,0.0,0.0,6.0,0.0,0.0
3269460141,0.0,0.0,0.0,1.0,0.0,0.0
3269461868,0.0,0.0,0.0,1.0,0.0,0.0
3269658467,12.0,0.0,0.0,7.0,0.0,0.0
3269722535,0.0,0.0,0.0,1.0,0.0,0.0
3269845148,0.0,0.0,0.0,6.0,0.0,0.0
3269848697,0.0,0.0,0.0,2.0,0.0,0.0
3269899843,0.0,0.0,0.0,1.0,2.0,1.0
3269926539,0.0,0.0,0.0,5.0,1.0,0.0
3270038594,0.0,0.0,0.0,22.0,1.0,0.0
3270562662,0.0,0.0,0.0,12.0,0.0,0.0
3270787997,2.0,0.0,0.0,3.0,0.0,0.0
3271014961,5.0,0.0,27.0,58.0,99.0,0.0
3271045504,44.0,2.0,1.0,14.0,0.0,0.0
3271081485,0.0,0.0,0.0,1.0,0.0,0.0
3271244416,0.0,0.0,0.0,4.0,2.0,0.0
3271563692,0.0,0.0,0.0,1.0,0.0,0.0
3271587224,0.0,0.0,0.0,1.0,0.0,0.0
3271611845,0.0,0.0,0.0,0.0,6.0,0.0
3271620469,0.0,0.0,0.0,3.0,0.0,0.0
3271633525,0.0,0.0,0.0,6.0,1.0,1.0
3271706289,0.0,0.0,0.0,3.0,4.0,0.0
3271943252,1.0,0.0,0.0,20.0,2.0,0.0
3272188634,0.0,0.0,0.0,1.0,4.0,1.0
3272213360,1.0,0.0,0.0,1.0,3.0,0.0
3272275087,0.0,0.0,0.0,6.0,0.0,0.0
3272287928,0.0,0.0,0.0,16.0,1.0,0.0
3272295951,0.0,0.0,0.0,1.0,0.0,0.0
3272323130,15.0,0.0,0.0,17.0,0.0,0.0
3272347619,0.0,0.0,0.0,3.0,1.0,0.0
3272352206,0.0,0.0,0.0,2.0,2.0,0.0
3272358912,0.0,0.0,0.0,3.0,1.0,0.0
3272397381,0.0,0.0,0.0,1.0,1.0,0.0
3272402817,0.0,0.0,0.0,1.0,0.0,0.0
3272405225,0.0,0.0,0.0,7.0,0.0,0.0
3272538083,0.0,0.0,0.0,1.0,0.0,0.0
3272719703,1.0,0.0,0.0,6.0,1.0,0.0
3272830283,28.0,0.0,0.0,103.0,0.0,0.0
3272841541,0.0,0.0,0.0,2.0,1.0,0.0
3272938687,0.0,0.0,0.0,3.0,0.0,0.0
3272940023,1.0,0.0,0.0,3.0,0.0,0.0
3273036759,0.0,0.0,0.0,1.0,0.0,0.0
3273105319,0.0,0.0,0.0,2.0,2.0,1.0
3273146314,0.0,0.0,0.0,5.0,4.0,2.0
3273160834,0.0,0.0,0.0,1.0,2.0,0.0
3273160931,0.0,0.0,0.0,1.0,0.0,0.0
3273168359,0.0,0.0,0.0,5.0,0.0,0.0
3273174706,0.0,0.0,0.0,4.0,0.0,0.0
3273176070,0.0,0.0,0.0,4.0,0.0,0.0
3273176771,0.0,0.0,0.0,2.0,1.0,0.0
3273196870,0.0,0.0,0.0,1.0,0.0,0.0
3273378564,0.0,0.0,0.0,1.0,1.0,0.0
3273390106,0.0,0.0,0.0,1.0,0.0,0.0
3273420417,0.0,0.0,0.0,3.0,4.0,4.0
3273532426,0.0,0.0,0.0,8.0,10.0,0.0
3273546678,0.0,0.0,0.0,5.0,10.0,0.0
3273580906,0.0,0.0,0.0,1.0,0.0,0.0
3274030153,1.0,12.0,0.0,4.0,4.0,0.0
3274450661,0.0,0.0,0.0,4.0,0.0,0.0
3274741142,0.0,0.0,0.0,27.0,24.0,14.0
3275029115,7.0,0.0,0.0,5.0,0.0,0.0
3275097396,2.0,0.0,0.0,0.0,0.0,0.0
3275149041,2.0,3.0,0.0,4.0,18.0,0.0
3275218917,0.0,0.0,0.0,3.0,1.0,0.0
3275246488,0.0,0.0,0.0,4.0,0.0,0.0
3275367954,0.0,0.0,0.0,3.0,11.0,0.0
3275396498,0.0,0.0,0.0,1.0,0.0,0.0
3275448809,0.0,0.0,0.0,9.0,2.0,0.0
3275455685,4.0,0.0,0.0,12.0,4.0,0.0
3275840061,0.0,0.0,0.0,5.0,2.0,0.0
3275844750,0.0,0.0,0.0,3.0,0.0,0.0
3275882982,3.0,0.0,0.0,6.0,0.0,0.0
3275952470,0.0,0.0,0.0,3.0,0.0,0.0
3276585540,3.0,2.0,0.0,0.0,0.0,0.0
3276605733,2.0,0.0,0.0,3.0,1.0,0.0
3277329042,0.0,0.0,0.0,1.0,0.0,0.0
3277570981,0.0,0.0,0.0,6.0,0.0,0.0
3277943226,0.0,0.0,0.0,3.0,0.0,0.0
