pr_id,human_added_lines,human_removed_lines,human_changed_lines,agent_added_lines,agent_removed_lines,agent_changed_lines
2756921963,0.0,0.0,0.0,848.0,344.0,1192.0
2757103560,0.0,0.0,0.0,516.0,262.0,778.0
2757179026,1129.0,95.0,1224.0,504.0,74.0,578.0
2757829316,0.0,0.0,0.0,363.0,0.0,363.0
2758105942,0.0,0.0,0.0,306.0,244.0,550.0
2758200405,10.0,10.0,20.0,101.0,22.0,123.0
2758379503,0.0,0.0,0.0,1807.0,1396.0,3203.0
2758636941,41.0,40.0,81.0,1252.0,31.0,1283.0
2760115428,2.0,3.0,5.0,76.0,36.0,112.0
2760117241,0.0,0.0,0.0,13.0,74.0,87.0
2760266883,0.0,0.0,0.0,10.0,2.0,12.0
2760297589,28.0,53.0,81.0,131.0,28.0,159.0
2760305985,0.0,0.0,0.0,109.0,25.0,134.0
2761288801,0.0,0.0,0.0,48.0,0.0,48.0
2761312980,0.0,0.0,0.0,13.0,11.0,24.0
2761411256,0.0,0.0,0.0,19.0,3.0,22.0
2761413721,49.0,32.0,81.0,469.0,42.0,511.0
2762054930,0.0,0.0,0.0,244.0,46.0,290.0
2762297369,1.0,1.0,2.0,389.0,261.0,650.0
2762301500,133.0,13.0,146.0,2413.0,693.0,3106.0
2763308355,0.0,0.0,0.0,315.0,27.0,342.0
2763430169,0.0,0.0,0.0,490.0,2.0,492.0
2763610953,0.0,0.0,0.0,233.0,36.0,269.0
2763678225,32.0,14.0,46.0,1237.0,402.0,1639.0
2763926843,0.0,0.0,0.0,1272.0,418.0,1690.0
2763955999,0.0,0.0,0.0,148.0,4.0,152.0
2764665933,2239.0,544.0,2783.0,981.0,250.0,1231.0
2765532800,0.0,0.0,0.0,129.0,12.0,141.0
2765766260,0.0,0.0,0.0,1263.0,0.0,1263.0
2765835144,0.0,0.0,0.0,10.0,5.0,15.0
2765877627,0.0,0.0,0.0,25.0,14.0,39.0
2766353261,0.0,0.0,0.0,161.0,51.0,212.0
2766783930,0.0,0.0,0.0,95.0,113.0,208.0
2767408688,0.0,0.0,0.0,1023.0,0.0,1023.0
2767796873,355.0,366.0,721.0,829.0,327.0,1156.0
2767838200,0.0,0.0,0.0,142.0,69.0,211.0
2767950239,0.0,0.0,0.0,216.0,14.0,230.0
2767960820,0.0,0.0,0.0,10.0,3.0,13.0
2768448959,0.0,0.0,0.0,96.0,3.0,99.0
2768454422,0.0,0.0,0.0,20.0,7.0,27.0
2768570229,0.0,0.0,0.0,625.0,103.0,728.0
2768631398,0.0,0.0,0.0,424.0,55.0,479.0
2768801424,0.0,0.0,0.0,456.0,92.0,548.0
2768861546,0.0,0.0,0.0,566.0,152.0,718.0
2769398002,0.0,0.0,0.0,64.0,35.0,99.0
2769546631,0.0,0.0,0.0,26.0,2.0,28.0
2769973551,0.0,0.0,0.0,54.0,5.0,59.0
2770730384,20660.0,4405.0,25065.0,126.0,40.0,166.0
2770944230,0.0,0.0,0.0,189.0,67.0,256.0
2771182139,0.0,0.0,0.0,157.0,30.0,187.0
2771402284,0.0,0.0,0.0,2235.0,199.0,2434.0
2771428959,0.0,0.0,0.0,426.0,430.0,856.0
2771536472,0.0,0.0,0.0,72.0,12.0,84.0
2771538261,0.0,0.0,0.0,413.0,168.0,581.0
2771598346,0.0,0.0,0.0,149.0,25.0,174.0
2771684354,0.0,0.0,0.0,305.0,135.0,440.0
2772459642,0.0,0.0,0.0,160.0,26.0,186.0
2773663616,0.0,0.0,0.0,854.0,29.0,883.0
2773964481,0.0,0.0,0.0,555.0,435.0,990.0
2774090835,0.0,0.0,0.0,208.0,134.0,342.0
2774111740,0.0,0.0,0.0,98.0,0.0,98.0
2774379409,0.0,0.0,0.0,661.0,106.0,767.0
2775016444,0.0,0.0,0.0,960.0,191.0,1151.0
2775040185,0.0,0.0,0.0,16.0,2.0,18.0
2775061735,0.0,0.0,0.0,7.0,7.0,14.0
2775199982,0.0,0.0,0.0,906.0,245.0,1151.0
2775510990,0.0,0.0,0.0,477.0,360.0,837.0
2775913494,0.0,0.0,0.0,1645.0,1314.0,2959.0
2775914094,0.0,0.0,0.0,60.0,16.0,76.0
2776592584,0.0,0.0,0.0,462.0,278.0,740.0
2776793311,5092.0,313.0,5405.0,289.0,157.0,446.0
2776797524,5092.0,313.0,5405.0,289.0,157.0,446.0
2776825485,5092.0,313.0,5405.0,7073.0,5037.0,12110.0
2776831778,5094.0,314.0,5408.0,288.0,157.0,445.0
2776940475,0.0,0.0,0.0,125.0,21.0,146.0
2777165355,0.0,0.0,0.0,1358.0,10.0,1368.0
2777184851,0.0,0.0,0.0,489.0,0.0,489.0
2777919004,48.0,7.0,55.0,685.0,594.0,1279.0
2778132201,0.0,0.0,0.0,126.0,53.0,179.0
2778468131,0.0,0.0,0.0,27.0,2.0,29.0
2778508344,0.0,0.0,0.0,242.0,155.0,397.0
2778991358,0.0,0.0,0.0,2086.0,569.0,2655.0
2779086517,0.0,0.0,0.0,1265.0,652.0,1917.0
2779120679,0.0,0.0,0.0,243.0,226.0,469.0
2779258612,0.0,0.0,0.0,1.0,1.0,2.0
2779356294,0.0,0.0,0.0,469.0,238.0,707.0
2779790975,0.0,0.0,0.0,1160.0,15523.0,16683.0
2779799871,0.0,0.0,0.0,319.0,281.0,600.0
2780097022,0.0,0.0,0.0,373.0,4.0,377.0
2780170863,0.0,0.0,0.0,10.0,0.0,10.0
2780400636,0.0,0.0,0.0,144.0,33.0,177.0
2780647811,0.0,0.0,0.0,106.0,2.0,108.0
2780883677,0.0,0.0,0.0,2187.0,1391.0,3578.0
2781582272,0.0,0.0,0.0,12.0,3.0,15.0
2781604779,0.0,0.0,0.0,445.0,98.0,543.0
2782133644,0.0,0.0,0.0,48.0,103.0,151.0
2782215003,467.0,558.0,1025.0,521.0,25.0,546.0
2782215521,0.0,0.0,0.0,30.0,6.0,36.0
2782319973,0.0,0.0,0.0,8.0,1.0,9.0
2782321208,0.0,0.0,0.0,4.0,0.0,4.0
2782330828,0.0,0.0,0.0,29.0,1.0,30.0
2782413167,0.0,0.0,0.0,223.0,37.0,260.0
2782676212,0.0,0.0,0.0,458.0,210.0,668.0
2782722999,0.0,0.0,0.0,10.0,0.0,10.0
2783286259,652.0,278.0,930.0,980.0,626.0,1606.0
2783341899,0.0,0.0,0.0,77.0,23.0,100.0
2784488870,22.0,0.0,22.0,5.0,1.0,6.0
2784500442,0.0,0.0,0.0,5.0,1.0,6.0
2784700018,0.0,0.0,0.0,38.0,32.0,70.0
2785589564,0.0,0.0,0.0,148.0,30.0,178.0
2785608814,0.0,0.0,0.0,229.0,70.0,299.0
2785628775,0.0,0.0,0.0,132.0,13.0,145.0
2785674579,0.0,0.0,0.0,62.0,0.0,62.0
2785728592,0.0,0.0,0.0,207.0,183.0,390.0
2786312650,0.0,0.0,0.0,261.0,33.0,294.0
2786817367,0.0,0.0,0.0,983.0,0.0,983.0
2786819123,0.0,0.0,0.0,45.0,57.0,102.0
2787618893,0.0,0.0,0.0,170.0,38.0,208.0
2788059326,0.0,0.0,0.0,76.0,32.0,108.0
2788087431,24.0,10.0,34.0,242.0,126.0,368.0
2790021945,0.0,0.0,0.0,724.0,77.0,801.0
2790117302,0.0,0.0,0.0,38.0,4.0,42.0
2790868866,0.0,0.0,0.0,1028.0,696.0,1724.0
2791079062,1.0,0.0,1.0,62.0,10.0,72.0
2792145491,0.0,0.0,0.0,126.0,89.0,215.0
2792149320,0.0,0.0,0.0,6.0,8.0,14.0
2792408196,0.0,0.0,0.0,15.0,5.0,20.0
2792640916,0.0,0.0,0.0,56.0,32.0,88.0
2792917419,0.0,0.0,0.0,50.0,20.0,70.0
2792918251,0.0,0.0,0.0,145.0,57.0,202.0
2793293460,119.0,119.0,238.0,126.0,7.0,133.0
2793404178,0.0,0.0,0.0,127.0,0.0,127.0
2793548898,0.0,0.0,0.0,74.0,6.0,80.0
2793592645,0.0,0.0,0.0,282.0,116.0,398.0
2793729508,0.0,0.0,0.0,12.0,8.0,20.0
2794276099,0.0,0.0,0.0,1027.0,1.0,1028.0
2794616611,0.0,0.0,0.0,523.0,143.0,666.0
2795913938,0.0,0.0,0.0,172.0,3.0,175.0
2795922231,0.0,0.0,0.0,4.0,2.0,6.0
2795964105,0.0,0.0,0.0,82.0,9.0,91.0
2795968909,0.0,0.0,0.0,364.0,58.0,422.0
2796009360,48.0,16.0,64.0,88.0,56.0,144.0
2796014467,0.0,0.0,0.0,10.0,7.0,17.0
2796059303,14.0,5.0,19.0,168.0,92.0,260.0
2796401274,0.0,0.0,0.0,137.0,25.0,162.0
2796914337,0.0,0.0,0.0,1427.0,735.0,2162.0
2797184843,0.0,0.0,0.0,2334.0,107.0,2441.0
2797405312,562.0,294.0,856.0,13.0,31.0,44.0
2797482849,26.0,18.0,44.0,144.0,34.0,178.0
2797854568,0.0,0.0,0.0,50.0,31.0,81.0
2798302866,134.0,51.0,185.0,292.0,316.0,608.0
2798574828,0.0,0.0,0.0,124.0,10.0,134.0
2798738981,0.0,0.0,0.0,215.0,21.0,236.0
2798930478,0.0,0.0,0.0,127.0,258.0,385.0
2798936903,0.0,0.0,0.0,114.0,32.0,146.0
2799104941,722.0,0.0,722.0,741.0,247.0,988.0
2800258838,0.0,0.0,0.0,310.0,68.0,378.0
2800344224,0.0,0.0,0.0,489.0,218.0,707.0
2800769710,73.0,29.0,102.0,260.0,30.0,290.0
2801155743,0.0,0.0,0.0,994.0,116.0,1110.0
2801228245,0.0,0.0,0.0,82.0,134.0,216.0
2801240170,0.0,0.0,0.0,1.0,0.0,1.0
2802381070,24.0,16.0,40.0,133.0,10.0,143.0
2802436731,0.0,2.0,2.0,1520.0,34.0,1554.0
2802453203,0.0,0.0,0.0,3.0,3.0,6.0
2802488198,0.0,0.0,0.0,32.0,5.0,37.0
2802753751,0.0,0.0,0.0,123.0,1.0,124.0
2802903114,0.0,0.0,0.0,364.0,189.0,553.0
2804518743,0.0,0.0,0.0,300.0,165.0,465.0
2804813358,0.0,0.0,0.0,24.0,2.0,26.0
2807264449,0.0,0.0,0.0,2846.0,2.0,2848.0
2808529193,0.0,0.0,0.0,861.0,229.0,1090.0
2810507098,0.0,0.0,0.0,115.0,55.0,170.0
2811904649,0.0,0.0,0.0,215.0,157.0,372.0
2812036934,0.0,0.0,0.0,16.0,3.0,19.0
2812241515,0.0,0.0,0.0,77.0,22.0,99.0
2812241832,0.0,0.0,0.0,162.0,48.0,210.0
2812399095,1521.0,698.0,2219.0,383.0,290.0,673.0
2813961093,0.0,0.0,0.0,1.0,0.0,1.0
2814227883,0.0,0.0,0.0,575.0,147.0,722.0
2814329360,0.0,0.0,0.0,2423.0,103.0,2526.0
2814377516,0.0,0.0,0.0,588.0,342.0,930.0
2814591669,0.0,0.0,0.0,399.0,21.0,420.0
2815602191,371.0,288.0,659.0,1131.0,783.0,1914.0
2816120661,0.0,0.0,0.0,254.0,0.0,254.0
2816206620,0.0,0.0,0.0,913.0,533.0,1446.0
2816207599,0.0,0.0,0.0,468.0,226.0,694.0
2816227864,0.0,0.0,0.0,2448.0,2063.0,4511.0
2816232160,0.0,0.0,0.0,1959.0,131.0,2090.0
2816307186,0.0,0.0,0.0,540.0,108.0,648.0
2816382668,0.0,0.0,0.0,935.0,581.0,1516.0
2816532850,0.0,0.0,0.0,40.0,23.0,63.0
2816685388,0.0,0.0,0.0,29.0,12.0,41.0
2817177399,3130.0,1221.0,4351.0,2367.0,367.0,2734.0
2818457348,0.0,0.0,0.0,21.0,21.0,42.0
2819638763,0.0,0.0,0.0,49.0,3.0,52.0
2819650730,0.0,0.0,0.0,103.0,67.0,170.0
2819751239,0.0,0.0,0.0,206.0,117.0,323.0
2819798794,0.0,0.0,0.0,222.0,73.0,295.0
2820738300,0.0,0.0,0.0,8.0,8.0,16.0
2821574994,0.0,0.0,0.0,755.0,125.0,880.0
2821630075,0.0,0.0,0.0,933.0,104.0,1037.0
2821981350,0.0,0.0,0.0,33.0,15.0,48.0
2822168236,0.0,46.0,46.0,146.0,85.0,231.0
2822490692,0.0,0.0,0.0,1483.0,2275.0,3758.0
2822603073,0.0,0.0,0.0,140.0,12.0,152.0
2824074793,0.0,0.0,0.0,3.0,3.0,6.0
2824163339,0.0,0.0,0.0,1091.0,52.0,1143.0
2824270583,0.0,0.0,0.0,55.0,10.0,65.0
2825676107,0.0,0.0,0.0,13.0,6.0,19.0
2825700983,0.0,0.0,0.0,103.0,32.0,135.0
2825772024,527.0,329.0,856.0,2573.0,201.0,2774.0
2825989939,0.0,0.0,0.0,154.0,5.0,159.0
2825991690,0.0,0.0,0.0,181.0,221.0,402.0
2826018855,6.0,1.0,7.0,179.0,24.0,203.0
2826132392,0.0,0.0,0.0,41.0,8.0,49.0
2826303389,0.0,0.0,0.0,13.0,11.0,24.0
2826904500,0.0,0.0,0.0,18.0,18.0,36.0
2827070017,0.0,0.0,0.0,21.0,6.0,27.0
2827862538,83.0,86.0,169.0,1823.0,509.0,2332.0
2827936716,0.0,0.0,0.0,373.0,97.0,470.0
2828751695,0.0,0.0,0.0,34.0,10.0,44.0
2830596110,0.0,0.0,0.0,566.0,506.0,1072.0
2830967349,0.0,0.0,0.0,173.0,11.0,184.0
2831622547,0.0,0.0,0.0,319.0,39.0,358.0
2832330579,0.0,0.0,0.0,423.0,190.0,613.0
2832531846,9.0,51.0,60.0,324.0,49.0,373.0
2832575560,0.0,0.0,0.0,1040.0,230.0,1270.0
2832678777,0.0,0.0,0.0,410.0,69.0,479.0
2832745424,0.0,0.0,0.0,1306.0,443.0,1749.0
2833310522,40.0,19.0,59.0,219.0,19.0,238.0
2833741234,0.0,0.0,0.0,417.0,25.0,442.0
2833789929,0.0,0.0,0.0,63.0,24.0,87.0
2833954603,0.0,0.0,0.0,1326.0,524.0,1850.0
2834302117,0.0,0.0,0.0,154.0,99.0,253.0
2834395087,10.0,17.0,27.0,142.0,92.0,234.0
2834594365,0.0,0.0,0.0,76.0,5.0,81.0
2834928458,0.0,0.0,0.0,20.0,2.0,22.0
2835588152,0.0,0.0,0.0,108.0,6.0,114.0
2835589635,0.0,0.0,0.0,35.0,0.0,35.0
2836251474,0.0,0.0,0.0,143.0,99.0,242.0
2836582189,0.0,0.0,0.0,2338.0,368.0,2706.0
2836651889,0.0,0.0,0.0,3.0,3.0,6.0
2836928725,0.0,0.0,0.0,995.0,149.0,1144.0
2836984102,2.0,1.0,3.0,369.0,26.0,395.0
2836994029,0.0,0.0,0.0,187.0,9.0,196.0
2837154464,0.0,0.0,0.0,23.0,21.0,44.0
2837160967,0.0,0.0,0.0,11.0,10.0,21.0
2838401502,0.0,0.0,0.0,156.0,52.0,208.0
2838703244,0.0,0.0,0.0,236.0,93.0,329.0
2838744329,0.0,0.0,0.0,6.0,1.0,7.0
2838805191,0.0,0.0,0.0,16.0,16.0,32.0
2838835712,0.0,0.0,0.0,227.0,2129.0,2356.0
2838987433,0.0,0.0,0.0,58.0,24.0,82.0
2839156594,0.0,0.0,0.0,547.0,255.0,802.0
2839235152,0.0,0.0,0.0,1.0,1.0,2.0
2839243895,0.0,0.0,0.0,296.0,65.0,361.0
2839268319,0.0,0.0,0.0,103.0,52.0,155.0
2839342730,0.0,0.0,0.0,1239.0,585.0,1824.0
2839409936,0.0,0.0,0.0,495.0,26.0,521.0
2839805003,0.0,0.0,0.0,37.0,0.0,37.0
2839806041,0.0,0.0,0.0,609.0,86.0,695.0
2840453828,0.0,0.0,0.0,243.0,64.0,307.0
2840469667,0.0,0.0,0.0,49.0,77.0,126.0
2840540666,1.0,1.0,2.0,143.0,9.0,152.0
2840922653,0.0,0.0,0.0,1936.0,137.0,2073.0
2840926622,0.0,0.0,0.0,331.0,42.0,373.0
2840948389,0.0,0.0,0.0,214.0,51.0,265.0
2840957018,0.0,0.0,0.0,297.0,84.0,381.0
2840961890,0.0,0.0,0.0,138.0,26.0,164.0
2840965814,0.0,0.0,0.0,129.0,23.0,152.0
2840970710,0.0,0.0,0.0,318.0,125.0,443.0
2840986793,0.0,0.0,0.0,361.0,129.0,490.0
2840989266,0.0,0.0,0.0,155.0,74.0,229.0
2840993604,0.0,0.0,0.0,268.0,99.0,367.0
2840996945,0.0,0.0,0.0,158.0,29.0,187.0
2841002189,0.0,0.0,0.0,1127.0,76.0,1203.0
2841020962,0.0,0.0,0.0,101.0,10.0,111.0
2841023413,0.0,0.0,0.0,4851.0,871.0,5722.0
2841023696,0.0,0.0,0.0,277.0,98.0,375.0
2841027811,0.0,0.0,0.0,248.0,132.0,380.0
2841184790,1.0,1.0,2.0,215.0,47.0,262.0
2841642798,0.0,0.0,0.0,7.0,6.0,13.0
2841678167,0.0,0.0,0.0,1.0,1.0,2.0
2843181529,17.0,3.0,20.0,13.0,13.0,26.0
2844207207,158.0,154.0,312.0,113.0,16.0,129.0
2844229241,0.0,0.0,0.0,6659.0,287.0,6946.0
2844243754,0.0,0.0,0.0,14.0,1.0,15.0
2844251494,17.0,18.0,35.0,141.0,107.0,248.0
2844421337,0.0,0.0,0.0,200.0,135.0,335.0
2844823405,0.0,0.0,0.0,188.0,83.0,271.0
2844977926,0.0,0.0,0.0,108.0,24.0,132.0
2845056645,0.0,0.0,0.0,245.0,28.0,273.0
2845114081,0.0,0.0,0.0,357.0,241.0,598.0
2845284585,0.0,0.0,0.0,34.0,0.0,34.0
2845290604,0.0,0.0,0.0,41.0,4.0,45.0
2846355330,13.0,8.0,21.0,24.0,26.0,50.0
2846430328,0.0,0.0,0.0,35.0,0.0,35.0
2846503242,0.0,0.0,0.0,330.0,60.0,390.0
2847298223,0.0,0.0,0.0,263.0,98.0,361.0
2847876982,0.0,0.0,0.0,1208.0,225.0,1433.0
2847911595,0.0,0.0,0.0,100.0,27.0,127.0
2848696493,0.0,0.0,0.0,181.0,0.0,181.0
2848928303,0.0,0.0,0.0,621.0,60.0,681.0
2849307912,0.0,0.0,0.0,214.0,71.0,285.0
2849317494,0.0,0.0,0.0,9457.0,138.0,9595.0
2849430289,0.0,0.0,0.0,157.0,36.0,193.0
2850305778,0.0,0.0,0.0,390.0,23.0,413.0
2850852315,8701.0,2491.0,11192.0,1256.0,244.0,1500.0
2851725492,0.0,0.0,0.0,39.0,3.0,42.0
2851878783,0.0,0.0,0.0,245.0,112.0,357.0
2851923293,0.0,0.0,0.0,1016.0,142.0,1158.0
2852540548,0.0,0.0,0.0,88.0,40.0,128.0
2852554007,0.0,0.0,0.0,18.0,12.0,30.0
2852623041,40.0,20.0,60.0,18.0,16.0,34.0
2852758339,0.0,0.0,0.0,719.0,5.0,724.0
2852781932,0.0,0.0,0.0,462.0,80.0,542.0
2852832384,0.0,0.0,0.0,21.0,14.0,35.0
2852999856,0.0,0.0,0.0,248.0,36.0,284.0
2854160310,0.0,0.0,0.0,418.0,224.0,642.0
2854427867,0.0,0.0,0.0,161.0,5.0,166.0
2854490437,0.0,0.0,0.0,75.0,1.0,76.0
2854516270,0.0,0.0,0.0,58.0,2.0,60.0
2854640179,0.0,0.0,0.0,392.0,118.0,510.0
2854651966,0.0,0.0,0.0,359.0,41.0,400.0
2854654856,0.0,0.0,0.0,114.0,24.0,138.0
2854721329,3.0,3.0,6.0,191.0,67.0,258.0
2854753465,0.0,0.0,0.0,30.0,4.0,34.0
2854995975,0.0,0.0,0.0,161.0,5.0,166.0
2855550282,0.0,0.0,0.0,222.0,45.0,267.0
2855564745,0.0,0.0,0.0,57.0,14.0,71.0
2855657962,0.0,0.0,0.0,90.0,13.0,103.0
2855672070,0.0,0.0,0.0,125.0,27.0,152.0
2855709039,0.0,0.0,0.0,63.0,4.0,67.0
2855886389,0.0,0.0,0.0,429.0,95.0,524.0
2855893938,0.0,0.0,0.0,93.0,8.0,101.0
2856344341,0.0,0.0,0.0,143.0,113.0,256.0
2856396455,0.0,0.0,0.0,553.0,0.0,553.0
2857103111,0.0,0.0,0.0,116.0,34.0,150.0
2857279950,0.0,0.0,0.0,5.0,0.0,5.0
2858280902,0.0,0.0,0.0,12.0,2.0,14.0
2858594058,0.0,0.0,0.0,4430.0,4442.0,8872.0
2858602021,0.0,0.0,0.0,4441.0,4453.0,8894.0
2858925132,0.0,0.0,0.0,98.0,7.0,105.0
2858974143,0.0,0.0,0.0,13.0,1.0,14.0
2858986352,0.0,0.0,0.0,22.0,15.0,37.0
2859077171,0.0,0.0,0.0,352.0,151.0,503.0
2859112713,0.0,0.0,0.0,107.0,41.0,148.0
2859315618,0.0,0.0,0.0,9.0,1.0,10.0
2859359419,0.0,0.0,0.0,45.0,1.0,46.0
2859612144,0.0,0.0,0.0,44.0,27.0,71.0
2860366980,0.0,0.0,0.0,5.0,2.0,7.0
2860434821,0.0,0.0,0.0,5.0,3.0,8.0
2860524344,0.0,0.0,0.0,4.0,4.0,8.0
2860598080,0.0,0.0,0.0,87.0,46.0,133.0
2861225683,0.0,0.0,0.0,141.0,45.0,186.0
2861275346,0.0,0.0,0.0,48.0,36.0,84.0
2861541607,0.0,0.0,0.0,157.0,13.0,170.0
2861673771,0.0,0.0,0.0,93.0,14.0,107.0
2861780617,0.0,0.0,0.0,202.0,202.0,404.0
2861793133,0.0,0.0,0.0,256.0,31.0,287.0
2861953025,0.0,0.0,0.0,472.0,318.0,790.0
2863301033,0.0,0.0,0.0,21.0,5.0,26.0
2863364519,0.0,0.0,0.0,27.0,13.0,40.0
2863678024,0.0,0.0,0.0,249.0,39.0,288.0
2864026064,0.0,0.0,0.0,13.0,5.0,18.0
2864646601,0.0,0.0,0.0,81.0,19.0,100.0
2864832979,0.0,0.0,0.0,85.0,19.0,104.0
2864881392,0.0,0.0,0.0,37.0,1.0,38.0
2866064019,0.0,0.0,0.0,54.0,16.0,70.0
2866530223,0.0,0.0,0.0,131.0,20.0,151.0
2866718872,0.0,0.0,0.0,441.0,267.0,708.0
2866881273,0.0,0.0,0.0,199.0,325.0,524.0
2867049623,0.0,0.0,0.0,1000.0,900.0,1900.0
2867174561,0.0,0.0,0.0,163.0,75.0,238.0
2867245861,0.0,0.0,0.0,2.0,29.0,31.0
2867739342,0.0,0.0,0.0,71.0,19.0,90.0
2868356535,0.0,0.0,0.0,130.0,102.0,232.0
2868408082,0.0,0.0,0.0,130.0,102.0,232.0
2868792153,0.0,0.0,0.0,130.0,37.0,167.0
2869721995,0.0,0.0,0.0,195.0,21.0,216.0
2869934120,0.0,0.0,0.0,79.0,172.0,251.0
2870022451,0.0,0.0,0.0,883.0,882.0,1765.0
2870047901,0.0,0.0,0.0,150.0,121.0,271.0
2870152288,0.0,0.0,0.0,6.0,7.0,13.0
2870333037,0.0,0.0,0.0,77.0,10.0,87.0
2870521302,0.0,0.0,0.0,86.0,86.0,172.0
2870925290,0.0,0.0,0.0,183.0,1.0,184.0
2870989734,0.0,0.0,0.0,245.0,79.0,324.0
2871083888,0.0,0.0,0.0,39.0,23.0,62.0
2872803173,0.0,0.0,0.0,3.0,0.0,3.0
2873094143,0.0,0.0,0.0,33.0,37.0,70.0
2873234554,0.0,0.0,0.0,23.0,73.0,96.0
2874003424,0.0,0.0,0.0,1182.0,1039.0,2221.0
2874011496,0.0,0.0,0.0,1665.0,922.0,2587.0
2874576529,0.0,0.0,0.0,25.0,4.0,29.0
2874930848,0.0,0.0,0.0,339.0,114.0,453.0
2875828456,0.0,0.0,0.0,1041.0,514.0,1555.0
2875841288,0.0,0.0,0.0,1337.0,18.0,1355.0
2875895538,0.0,0.0,0.0,697.0,230.0,927.0
2876006908,199.0,140.0,339.0,626.0,89.0,715.0
2876464228,0.0,0.0,0.0,291.0,24.0,315.0
2876473421,0.0,0.0,0.0,212.0,13.0,225.0
2876474344,0.0,0.0,0.0,1355.0,686.0,2041.0
2876474366,0.0,0.0,0.0,100.0,22.0,122.0
2876476091,0.0,0.0,0.0,248.0,7.0,255.0
2876476358,0.0,0.0,0.0,142.0,11.0,153.0
2876477909,0.0,0.0,0.0,472.0,270.0,742.0
2876479825,0.0,0.0,0.0,505.0,382.0,887.0
2876482299,0.0,0.0,0.0,444.0,297.0,741.0
2876483432,0.0,0.0,0.0,271.0,51.0,322.0
2876486205,0.0,0.0,0.0,15.0,1.0,16.0
2876487591,0.0,0.0,0.0,105.0,31.0,136.0
2876533575,0.0,0.0,0.0,62.0,1.0,63.0
2877039328,0.0,0.0,0.0,801.0,0.0,801.0
2877141068,0.0,0.0,0.0,3.0,2.0,5.0
2877977077,0.0,0.0,0.0,66.0,16.0,82.0
2878399010,0.0,0.0,0.0,117.0,6.0,123.0
2878438336,0.0,0.0,0.0,133.0,38.0,171.0
2879085922,0.0,0.0,0.0,22.0,8.0,30.0
2879237385,0.0,0.0,0.0,2660.0,299.0,2959.0
2879247217,0.0,0.0,0.0,419.0,57.0,476.0
2879262208,0.0,0.0,0.0,179.0,117.0,296.0
2879357440,0.0,0.0,0.0,16.0,7.0,23.0
2879427595,0.0,0.0,0.0,10.0,10.0,20.0
2879724447,0.0,0.0,0.0,188.0,8.0,196.0
2879844166,0.0,0.0,0.0,1318.0,1263.0,2581.0
2879873474,0.0,0.0,0.0,169.0,858.0,1027.0
2879976340,0.0,0.0,0.0,1.0,1.0,2.0
2880031446,0.0,0.0,0.0,3.0,3.0,6.0
2880121831,0.0,0.0,0.0,309.0,83.0,392.0
2880839931,0.0,0.0,0.0,98.0,7.0,105.0
2881667376,10517.0,2507.0,13024.0,19343.0,786.0,20129.0
2881814219,0.0,0.0,0.0,41.0,22.0,63.0
2881946639,0.0,0.0,0.0,32.0,5.0,37.0
2881953650,0.0,0.0,0.0,475.0,43.0,518.0
2882070723,0.0,0.0,0.0,2.0,3.0,5.0
2882116956,0.0,0.0,0.0,299.0,197.0,496.0
2883065848,0.0,0.0,0.0,91.0,2.0,93.0
2883135223,0.0,0.0,0.0,44.0,3.0,47.0
2883187795,0.0,0.0,0.0,494.0,106.0,600.0
2883276586,0.0,0.0,0.0,53.0,40.0,93.0
2883366695,0.0,0.0,0.0,281.0,1.0,282.0
2883441964,0.0,0.0,0.0,99.0,6.0,105.0
2884581493,0.0,0.0,0.0,199.0,3.0,202.0
2885068224,0.0,0.0,0.0,78.0,102.0,180.0
2885078952,0.0,0.0,0.0,75.0,96.0,171.0
2885090278,0.0,0.0,0.0,233.0,150.0,383.0
2885477934,0.0,0.0,0.0,618.0,584.0,1202.0
2886001243,0.0,0.0,0.0,1071.0,363.0,1434.0
2886079850,0.0,0.0,0.0,2026.0,0.0,2026.0
2886103948,0.0,0.0,0.0,40.0,18.0,58.0
2886107789,0.0,0.0,0.0,359.0,150.0,509.0
2886115305,0.0,0.0,0.0,20.0,15.0,35.0
2886171819,0.0,0.0,0.0,2.0,2.0,4.0
2886698699,0.0,0.0,0.0,291.0,113.0,404.0
2886753141,0.0,0.0,0.0,128.0,16.0,144.0
2886874246,0.0,0.0,0.0,93.0,26.0,119.0
2887130544,0.0,0.0,0.0,280.0,101.0,381.0
2887393377,0.0,0.0,0.0,68.0,27.0,95.0
2887535309,0.0,0.0,0.0,307.0,35.0,342.0
2887573861,0.0,0.0,0.0,294.0,29.0,323.0
2887586185,1.0,1.0,2.0,17.0,9.0,26.0
2887662785,0.0,0.0,0.0,264.0,64.0,328.0
2887680476,0.0,0.0,0.0,255.0,45.0,300.0
2887687817,0.0,0.0,0.0,180.0,19.0,199.0
2887773021,0.0,0.0,0.0,1.0,1.0,2.0
2887809365,0.0,0.0,0.0,39.0,21.0,60.0
2887960043,0.0,0.0,0.0,30.0,0.0,30.0
2887966124,0.0,0.0,0.0,176.0,28.0,204.0
2888185420,852.0,462.0,1314.0,0.0,0.0,0.0
2888223222,0.0,0.0,0.0,1284.0,1205.0,2489.0
2888655394,0.0,0.0,0.0,3.0,3.0,6.0
2888657232,0.0,0.0,0.0,2.0,2.0,4.0
2889089910,2.0,1.0,3.0,175.0,48.0,223.0
2889180264,0.0,0.0,0.0,449.0,239.0,688.0
2889184823,0.0,0.0,0.0,55.0,4.0,59.0
2889243475,0.0,0.0,0.0,2.0,0.0,2.0
2889304556,0.0,0.0,0.0,135.0,0.0,135.0
2889429365,0.0,0.0,0.0,86.0,27.0,113.0
2889476862,0.0,0.0,0.0,70.0,4.0,74.0
2889490163,0.0,0.0,0.0,1.0,0.0,1.0
2889495515,0.0,0.0,0.0,12.0,6.0,18.0
2889644644,0.0,0.0,0.0,5.0,1.0,6.0
2889835337,0.0,0.0,0.0,646.0,17.0,663.0
2889875255,44.0,22.0,66.0,552.0,18.0,570.0
2889991519,0.0,0.0,0.0,163.0,345.0,508.0
2890563538,0.0,0.0,0.0,254.0,78.0,332.0
2891467242,0.0,0.0,0.0,122.0,14.0,136.0
2891871225,0.0,0.0,0.0,1.0,1.0,2.0
2892326421,0.0,0.0,0.0,782.0,55.0,837.0
2892364501,5.0,0.0,5.0,39.0,0.0,39.0
2892443818,10.0,10.0,20.0,145.0,25.0,170.0
2892658334,0.0,0.0,0.0,3346.0,794.0,4140.0
2892892782,0.0,0.0,0.0,108.0,29.0,137.0
2893058469,0.0,0.0,0.0,2.0,11.0,13.0
2893109657,0.0,0.0,0.0,6.0,44.0,50.0
2893236471,0.0,0.0,0.0,200.0,61.0,261.0
2893238052,0.0,0.0,0.0,24.0,1.0,25.0
2893291911,0.0,0.0,0.0,0.0,6.0,6.0
2893535875,0.0,0.0,0.0,12.0,4.0,16.0
2894762370,0.0,0.0,0.0,236.0,11.0,247.0
2894862894,0.0,0.0,0.0,280.0,6.0,286.0
2894899022,0.0,0.0,0.0,8.0,1.0,9.0
2894937008,0.0,0.0,0.0,10.0,4.0,14.0
2895276080,0.0,0.0,0.0,871.0,262.0,1133.0
2895276856,7.0,3.0,10.0,72.0,13.0,85.0
2895289652,0.0,0.0,0.0,141.0,61.0,202.0
2895731914,0.0,0.0,0.0,226.0,50.0,276.0
2895782134,0.0,0.0,0.0,635.0,375.0,1010.0
2895789917,0.0,0.0,0.0,258.0,86.0,344.0
2895840786,2.0,1.0,3.0,1.0,1.0,2.0
2895920994,0.0,0.0,0.0,60.0,40.0,100.0
2895972880,0.0,0.0,0.0,11.0,13.0,24.0
2896014180,0.0,0.0,0.0,521.0,197.0,718.0
2896027319,0.0,0.0,0.0,526.0,4.0,530.0
2896167895,0.0,0.0,0.0,7.0,6.0,13.0
2896371903,36.0,38.0,74.0,344.0,121.0,465.0
2896388103,0.0,0.0,0.0,32.0,17.0,49.0
2896791270,0.0,0.0,0.0,6.0,0.0,6.0
2897155784,0.0,0.0,0.0,10.0,0.0,10.0
2897533176,321.0,4.0,325.0,855.0,0.0,855.0
2898303479,0.0,0.0,0.0,46.0,27.0,73.0
2898351864,5.0,5.0,10.0,785.0,206.0,991.0
2898666158,0.0,0.0,0.0,106.0,6.0,112.0
2898708275,0.0,0.0,0.0,2579.0,8.0,2587.0
2899033763,0.0,0.0,0.0,361.0,213.0,574.0
2899281117,0.0,0.0,0.0,185.0,11.0,196.0
2899415257,0.0,0.0,0.0,137.0,53.0,190.0
2899419096,0.0,0.0,0.0,113.0,89.0,202.0
2899427895,0.0,0.0,0.0,32.0,1.0,33.0
2899428182,0.0,0.0,0.0,21.0,12.0,33.0
2899450757,0.0,0.0,0.0,62.0,30.0,92.0
2899726655,0.0,0.0,0.0,133.0,11.0,144.0
2900044993,0.0,0.0,0.0,15.0,11.0,26.0
2900058289,0.0,0.0,0.0,16.0,16.0,32.0
2900306412,0.0,0.0,0.0,167.0,14.0,181.0
2900790914,0.0,0.0,0.0,30.0,20.0,50.0
2901546716,0.0,0.0,0.0,5.0,1.0,6.0
2901577117,0.0,0.0,0.0,22.0,15.0,37.0
2901672003,0.0,0.0,0.0,9.0,8.0,17.0
2901677234,2.0,1.0,3.0,91.0,30.0,121.0
2901688039,0.0,0.0,0.0,410.0,0.0,410.0
2901959237,0.0,0.0,0.0,136.0,245.0,381.0
2902818768,0.0,0.0,0.0,81.0,7.0,88.0
2902873141,27.0,53.0,80.0,104.0,55.0,159.0
2902945011,0.0,0.0,0.0,12.0,0.0,12.0
2902945589,0.0,0.0,0.0,16.0,8.0,24.0
2902946216,0.0,0.0,0.0,16.0,8.0,24.0
2903255028,27.0,53.0,80.0,469.0,145.0,614.0
2903765641,0.0,0.0,0.0,72.0,2.0,74.0
2903812633,0.0,0.0,0.0,266.0,171.0,437.0
2903833367,0.0,0.0,0.0,25.0,1.0,26.0
2904018356,0.0,0.0,0.0,2105.0,14.0,2119.0
2904296517,0.0,0.0,0.0,89.0,0.0,89.0
2904987535,0.0,0.0,0.0,59.0,3.0,62.0
2905015336,0.0,0.0,0.0,2685.0,0.0,2685.0
2905139501,0.0,0.0,0.0,14.0,2.0,16.0
2905505885,11.0,15.0,26.0,87.0,1.0,88.0
2905555955,0.0,0.0,0.0,19646.0,0.0,19646.0
2905716327,0.0,0.0,0.0,99.0,63.0,162.0
2905748105,0.0,0.0,0.0,37.0,22.0,59.0
2905777305,0.0,0.0,0.0,177.0,35.0,212.0
2905889728,0.0,0.0,0.0,47.0,0.0,47.0
2906301362,83.0,43.0,126.0,1.0,1.0,2.0
2906318159,83.0,43.0,126.0,52.0,24.0,76.0
2907636333,0.0,0.0,0.0,1.0,1.0,2.0
2907769651,0.0,0.0,0.0,16.0,7.0,23.0
2907924502,0.0,0.0,0.0,123.0,4.0,127.0
2908524210,0.0,0.0,0.0,491.0,86.0,577.0
2908671322,0.0,0.0,0.0,202.0,36.0,238.0
2908921513,0.0,0.0,0.0,17.0,3.0,20.0
2908945573,0.0,0.0,0.0,99.0,6.0,105.0
2908966541,0.0,0.0,0.0,28.0,3.0,31.0
2909013698,108.0,42.0,150.0,289.0,19.0,308.0
2909044904,8.0,7.0,15.0,209.0,19.0,228.0
2909078179,0.0,0.0,0.0,164.0,23.0,187.0
2909088482,0.0,0.0,0.0,217.0,43.0,260.0
2909101746,0.0,0.0,0.0,237.0,103.0,340.0
2909209524,0.0,0.0,0.0,362.0,189.0,551.0
2909437363,0.0,0.0,0.0,129.0,5.0,134.0
2909466588,0.0,0.0,0.0,325.0,52.0,377.0
2909481076,83.0,43.0,126.0,92.0,33.0,125.0
2909510588,83.0,43.0,126.0,478.0,65.0,543.0
2909640593,0.0,0.0,0.0,45.0,0.0,45.0
2909659644,0.0,0.0,0.0,172.0,10.0,182.0
2909997192,0.0,0.0,0.0,155.0,81.0,236.0
2910040277,0.0,0.0,0.0,90.0,2.0,92.0
2910071529,0.0,0.0,0.0,144.0,3.0,147.0
2911674517,0.0,0.0,0.0,65.0,2.0,67.0
2912546402,0.0,0.0,0.0,130.0,13.0,143.0
2912794569,0.0,0.0,0.0,256.0,0.0,256.0
2912845580,449.0,111.0,560.0,2.0,2.0,4.0
2913378077,0.0,0.0,0.0,617.0,1.0,618.0
2913956135,0.0,0.0,0.0,274.0,74.0,348.0
2913988951,0.0,0.0,0.0,192.0,4.0,196.0
2914241879,0.0,0.0,0.0,75.0,24.0,99.0
2914247752,0.0,0.0,0.0,98.0,52.0,150.0
2914277614,2.0,2.0,4.0,2.0,2.0,4.0
2914287594,0.0,0.0,0.0,36.0,0.0,36.0
2914387943,701.0,302.0,1003.0,651.0,56.0,707.0
2914424485,0.0,0.0,0.0,759.0,5.0,764.0
2914433643,704.0,305.0,1009.0,719.0,78.0,797.0
2914446710,0.0,0.0,0.0,2.0,2.0,4.0
2914453633,0.0,0.0,0.0,713.0,38.0,751.0
2914472961,0.0,0.0,0.0,155.0,20.0,175.0
2914474920,0.0,0.0,0.0,90.0,3210.0,3300.0
2915434952,0.0,0.0,0.0,19333.0,1.0,19334.0
2915517113,0.0,0.0,0.0,72.0,7.0,79.0
2915657286,0.0,0.0,0.0,182.0,87.0,269.0
2915901814,0.0,0.0,0.0,53.0,2.0,55.0
2916312401,0.0,0.0,0.0,175.0,4.0,179.0
2916976581,0.0,0.0,0.0,87.0,0.0,87.0
2917728795,0.0,0.0,0.0,169.0,41.0,210.0
2917997768,895.0,1579.0,2474.0,0.0,0.0,0.0
2918003090,895.0,1579.0,2474.0,0.0,0.0,0.0
2918198824,0.0,0.0,0.0,115.0,2.0,117.0
2918417155,0.0,0.0,0.0,1141.0,8.0,1149.0
2918419976,0.0,0.0,0.0,528.0,60.0,588.0
2918508503,0.0,0.0,0.0,26.0,6.0,32.0
2918513256,0.0,0.0,0.0,585.0,249.0,834.0
2918518626,0.0,0.0,0.0,99.0,23.0,122.0
2918519625,0.0,0.0,0.0,415.0,4.0,419.0
2918600215,0.0,0.0,0.0,47.0,67.0,114.0
2919292395,0.0,0.0,0.0,1824.0,206.0,2030.0
2919829243,0.0,0.0,0.0,151.0,33.0,184.0
2920251598,0.0,0.0,0.0,38.0,15.0,53.0
2920643163,0.0,0.0,0.0,60.0,789.0,849.0
2920918839,0.0,0.0,0.0,1.0,1.0,2.0
2920934860,0.0,0.0,0.0,42.0,12.0,54.0
2920951577,0.0,0.0,0.0,39.0,12.0,51.0
2920955200,0.0,0.0,0.0,52.0,25.0,77.0
2920999550,2.0,5.0,7.0,11.0,4.0,15.0
2921449514,0.0,0.0,0.0,380.0,239.0,619.0
2921453977,0.0,0.0,0.0,21.0,0.0,21.0
2921456807,0.0,0.0,0.0,102.0,12.0,114.0
2921459259,0.0,0.0,0.0,92.0,1.0,93.0
2921801889,0.0,0.0,0.0,107.0,108.0,215.0
2922106743,269.0,143.0,412.0,1069.0,256.0,1325.0
2922130712,15.0,14.0,29.0,189.0,154.0,343.0
2922222913,0.0,0.0,0.0,139.0,25.0,164.0
2922332845,18.0,17.0,35.0,231.0,10.0,241.0
2922337838,0.0,0.0,0.0,332.0,14.0,346.0
2922340195,1.0,1.0,2.0,128.0,17.0,145.0
2922419649,0.0,0.0,0.0,146.0,28.0,174.0
2922451912,0.0,0.0,0.0,206.0,37.0,243.0
2922477802,0.0,0.0,0.0,494.0,241.0,735.0
2922559256,0.0,0.0,0.0,316.0,57.0,373.0
2922609367,0.0,0.0,0.0,2322.0,126.0,2448.0
2922618926,0.0,0.0,0.0,705.0,0.0,705.0
2922672896,1357.0,330.0,1687.0,2863.0,0.0,2863.0
2922676503,879.0,516.0,1395.0,2932.0,161.0,3093.0
2922685827,0.0,0.0,0.0,674.0,23.0,697.0
2922934494,0.0,0.0,0.0,72.0,10.0,82.0
2923029150,0.0,0.0,0.0,214.0,7.0,221.0
2923110632,0.0,0.0,0.0,91.0,59.0,150.0
2923114353,0.0,0.0,0.0,22.0,3.0,25.0
2923118690,0.0,0.0,0.0,96.0,0.0,96.0
2923122007,0.0,0.0,0.0,140.0,0.0,140.0
2923124190,0.0,0.0,0.0,54.0,2.0,56.0
2923124207,0.0,0.0,0.0,140.0,0.0,140.0
2923130106,17.0,0.0,17.0,440.0,285.0,725.0
2923131585,0.0,0.0,0.0,2.0,0.0,2.0
2923134299,0.0,0.0,0.0,47.0,1.0,48.0
2923363324,0.0,0.0,0.0,371.0,145.0,516.0
2923590517,0.0,0.0,0.0,221.0,6.0,227.0
2923641561,0.0,0.0,0.0,69.0,0.0,69.0
2923735518,0.0,0.0,0.0,297.0,29.0,326.0
2924941811,0.0,0.0,0.0,27.0,1.0,28.0
2924959787,0.0,0.0,0.0,135.0,67.0,202.0
2925015353,0.0,0.0,0.0,236.0,10.0,246.0
2925433850,7.0,7.0,14.0,83.0,24.0,107.0
2926005116,0.0,0.0,0.0,48.0,3.0,51.0
2926257231,0.0,0.0,0.0,179.0,56.0,235.0
2926552720,0.0,0.0,0.0,424.0,0.0,424.0
2927176575,0.0,0.0,0.0,3.0,0.0,3.0
2927463862,0.0,0.0,0.0,680.0,597.0,1277.0
2928929137,0.0,0.0,0.0,90.0,4.0,94.0
2930385085,0.0,0.0,0.0,562.0,6.0,568.0
2930621426,0.0,0.0,0.0,101.0,5.0,106.0
2931002332,0.0,0.0,0.0,910.0,57.0,967.0
2932553016,0.0,0.0,0.0,894.0,28.0,922.0
2932913133,0.0,0.0,0.0,95.0,563.0,658.0
2933428185,0.0,0.0,0.0,32.0,58.0,90.0
2933819815,0.0,0.0,0.0,112.0,25.0,137.0
2934358328,0.0,0.0,0.0,94.0,19.0,113.0
2934390555,0.0,0.0,0.0,167.0,11.0,178.0
2934553850,0.0,0.0,0.0,196.0,29.0,225.0
2934595764,0.0,0.0,0.0,105.0,24.0,129.0
2935508466,0.0,0.0,0.0,159.0,14.0,173.0
2935662015,0.0,0.0,0.0,60.0,0.0,60.0
2936530524,0.0,0.0,0.0,38.0,16.0,54.0
2936640765,0.0,0.0,0.0,875.0,322.0,1197.0
2936705149,0.0,0.0,0.0,327.0,1.0,328.0
2937287527,0.0,0.0,0.0,485.0,221.0,706.0
2938273452,0.0,0.0,0.0,193.0,2.0,195.0
2939327802,0.0,0.0,0.0,993.0,50.0,1043.0
2939571603,2.0,1.0,3.0,155.0,69.0,224.0
2939834875,0.0,0.0,0.0,424.0,28.0,452.0
2940433129,0.0,0.0,0.0,159.0,16.0,175.0
2941014562,0.0,0.0,0.0,746.0,58.0,804.0
2941327975,0.0,0.0,0.0,78.0,14.0,92.0
2941545007,0.0,0.0,0.0,124.0,24.0,148.0
2941651609,0.0,0.0,0.0,15.0,15.0,30.0
2942204313,0.0,0.0,0.0,176.0,8.0,184.0
2942219527,0.0,0.0,0.0,124.0,4.0,128.0
2942242196,0.0,0.0,0.0,24.0,1.0,25.0
2942377866,0.0,0.0,0.0,127.0,6.0,133.0
2942451166,0.0,0.0,0.0,4472.0,860.0,5332.0
2942942773,0.0,0.0,0.0,160.0,60.0,220.0
2943238622,0.0,0.0,0.0,878.0,475.0,1353.0
2943518678,0.0,0.0,0.0,179.0,44.0,223.0
2946631377,0.0,0.0,0.0,1613.0,13.0,1626.0
2946639660,0.0,0.0,0.0,79.0,7.0,86.0
2946719331,0.0,0.0,0.0,46.0,0.0,46.0
2946726400,0.0,0.0,0.0,28.0,0.0,28.0
2946749001,0.0,0.0,0.0,74.0,1.0,75.0
2946750926,0.0,0.0,0.0,34.0,0.0,34.0
2946788753,0.0,0.0,0.0,86.0,0.0,86.0
2947809435,0.0,0.0,0.0,20.0,11.0,31.0
2948136626,0.0,0.0,0.0,0.0,8.0,8.0
2948284040,1.0,1.0,2.0,114.0,43.0,157.0
2948843602,0.0,0.0,0.0,11.0,118.0,129.0
2948931707,0.0,0.0,0.0,275.0,42.0,317.0
2949502900,0.0,0.0,0.0,58.0,17.0,75.0
2950313797,0.0,0.0,0.0,161.0,44.0,205.0
2950403107,0.0,0.0,0.0,6.0,2.0,8.0
2950426673,0.0,0.0,0.0,5.0,2.0,7.0
2950550778,0.0,0.0,0.0,108.0,18.0,126.0
2951230031,80.0,72.0,152.0,487.0,270.0,757.0
2951308650,0.0,0.0,0.0,664.0,196.0,860.0
2951977419,0.0,0.0,0.0,24.0,35.0,59.0
2952225174,0.0,0.0,0.0,114.0,7.0,121.0
2953388527,0.0,0.0,0.0,64.0,1.0,65.0
2953519314,0.0,0.0,0.0,59.0,56.0,115.0
2953681222,0.0,0.0,0.0,98.0,1.0,99.0
2953827900,0.0,0.0,0.0,147.0,62.0,209.0
2953980605,0.0,0.0,0.0,21.0,4.0,25.0
2956738171,0.0,0.0,0.0,134.0,1.0,135.0
2957455451,0.0,0.0,0.0,82.0,2.0,84.0
2957569040,0.0,0.0,0.0,150.0,60.0,210.0
2957907293,16.0,31.0,47.0,31.0,57.0,88.0
2958173799,2.0,1.0,3.0,134.0,0.0,134.0
2958175490,1.0,1.0,2.0,68.0,28.0,96.0
2958176351,0.0,0.0,0.0,3.0,0.0,3.0
2958177144,0.0,0.0,0.0,19.0,5.0,24.0
2958197114,13.0,12.0,25.0,151.0,0.0,151.0
2958489285,0.0,0.0,0.0,56.0,17.0,73.0
2958496239,0.0,0.0,0.0,3.0,2.0,5.0
2958506342,0.0,0.0,0.0,90.0,13.0,103.0
2958555876,0.0,0.0,0.0,63.0,15.0,78.0
2958557623,0.0,0.0,0.0,844.0,367.0,1211.0
2958673865,0.0,0.0,0.0,108.0,26.0,134.0
2958960370,0.0,0.0,0.0,3.0,2.0,5.0
2958962153,0.0,0.0,0.0,3.0,2.0,5.0
2959025892,0.0,0.0,0.0,47.0,1.0,48.0
2959039420,256.0,150.0,406.0,6.0,6.0,12.0
2959068895,1599.0,1054.0,2653.0,1708.0,194.0,1902.0
2959091949,0.0,0.0,0.0,2434.0,295.0,2729.0
2959150137,0.0,0.0,0.0,37.0,22.0,59.0
2959259124,0.0,0.0,0.0,696.0,193.0,889.0
2959447390,0.0,0.0,0.0,180.0,76.0,256.0
2960388156,0.0,0.0,0.0,107.0,22.0,129.0
2960946957,0.0,0.0,0.0,1.0,1.0,2.0
2961452909,0.0,0.0,0.0,250.0,20.0,270.0
2961783074,0.0,0.0,0.0,292.0,129.0,421.0
2961852805,969.0,99.0,1068.0,2671.0,3091.0,5762.0
2961955451,0.0,0.0,0.0,207.0,65.0,272.0
2962002335,0.0,0.0,0.0,8.0,26.0,34.0
2962146972,0.0,0.0,0.0,190.0,39.0,229.0
2964227653,0.0,0.0,0.0,81.0,7.0,88.0
2964974679,0.0,0.0,0.0,84.0,20.0,104.0
2965108973,18.0,18.0,36.0,280.0,2.0,282.0
2965153353,0.0,0.0,0.0,263.0,88.0,351.0
2965207791,0.0,0.0,0.0,29.0,1.0,30.0
2966605791,0.0,0.0,0.0,58.0,32.0,90.0
2967944043,0.0,0.0,0.0,6203.0,168.0,6371.0
2968331280,0.0,0.0,0.0,53.0,15.0,68.0
2968933490,0.0,0.0,0.0,176.0,51.0,227.0
2969206989,0.0,0.0,0.0,380.0,5.0,385.0
2969300392,0.0,0.0,0.0,196.0,8.0,204.0
2970063120,0.0,0.0,0.0,246.0,47.0,293.0
2970244633,19.0,17.0,36.0,51.0,16.0,67.0
2970254623,0.0,0.0,0.0,132.0,53.0,185.0
2970998154,0.0,0.0,0.0,37.0,0.0,37.0
2971125606,0.0,0.0,0.0,155.0,658.0,813.0
2971145458,0.0,0.0,0.0,8.0,165.0,173.0
2971152602,0.0,0.0,0.0,429.0,126.0,555.0
2971188151,0.0,0.0,0.0,11.0,1.0,12.0
2971334331,0.0,0.0,0.0,433.0,187.0,620.0
2971334427,2.0,1.0,3.0,151.0,28.0,179.0
2971603645,0.0,0.0,0.0,37.0,25.0,62.0
2971855106,0.0,0.0,0.0,2.0,0.0,2.0
2971902815,0.0,0.0,0.0,55.0,7.0,62.0
2971914575,77.0,94.0,171.0,365.0,277.0,642.0
2972524125,0.0,0.0,0.0,160.0,20.0,180.0
2973368506,0.0,0.0,0.0,191.0,42.0,233.0
2973515264,0.0,0.0,0.0,45.0,8.0,53.0
2974456112,0.0,0.0,0.0,698.0,187.0,885.0
2974541133,0.0,0.0,0.0,264.0,5.0,269.0
2974699671,0.0,0.0,0.0,40.0,5.0,45.0
2975299996,0.0,0.0,0.0,260.0,7.0,267.0
2976324699,0.0,0.0,0.0,445.0,150.0,595.0
2976337956,0.0,0.0,0.0,243.0,20.0,263.0
2976395136,0.0,0.0,0.0,141.0,18.0,159.0
2976482194,0.0,0.0,0.0,469.0,69.0,538.0
2977083074,0.0,0.0,0.0,72.0,7.0,79.0
2977353844,0.0,6.0,6.0,45.0,5.0,50.0
2977448629,0.0,0.0,0.0,268.0,104.0,372.0
2978018319,0.0,0.0,0.0,18.0,0.0,18.0
2978039395,0.0,0.0,0.0,247.0,33.0,280.0
2978149205,0.0,0.0,0.0,266.0,2.0,268.0
2978179820,0.0,0.0,0.0,1.0,1.0,2.0
2978281013,772.0,188.0,960.0,1327.0,73.0,1400.0
2978472947,0.0,0.0,0.0,104.0,38.0,142.0
2978477684,0.0,0.0,0.0,63.0,1.0,64.0
2978488079,0.0,0.0,0.0,198.0,3.0,201.0
2979188108,0.0,0.0,0.0,175.0,26.0,201.0
2980033797,0.0,0.0,0.0,8605.0,5468.0,14073.0
2980647782,0.0,0.0,0.0,173.0,173.0,346.0
2980712717,0.0,0.0,0.0,347.0,171.0,518.0
2980792619,12.0,52.0,64.0,121.0,84.0,205.0
2980893614,0.0,0.0,0.0,234.0,16.0,250.0
2980964628,0.0,0.0,0.0,77.0,2.0,79.0
2981078081,0.0,0.0,0.0,89.0,2.0,91.0
2981136521,0.0,0.0,0.0,34.0,20.0,54.0
2981139485,0.0,0.0,0.0,31.0,5.0,36.0
2981279448,0.0,0.0,0.0,196.0,86.0,282.0
2981300634,0.0,0.0,0.0,192.0,86.0,278.0
2981410778,0.0,0.0,0.0,56.0,7.0,63.0
2981607309,0.0,0.0,0.0,20.0,0.0,20.0
2981924992,0.0,0.0,0.0,52.0,1.0,53.0
2982065302,0.0,0.0,0.0,79.0,0.0,79.0
2982196705,0.0,0.0,0.0,986.0,425.0,1411.0
2982357826,0.0,0.0,0.0,761.0,72.0,833.0
2982382313,0.0,0.0,0.0,39.0,0.0,39.0
2982545758,49.0,52.0,101.0,190.0,409.0,599.0
2982628828,0.0,0.0,0.0,181.0,20.0,201.0
2982748403,0.0,0.0,0.0,1445.0,173.0,1618.0
2982953659,43.0,18.0,61.0,112.0,8.0,120.0
2982974256,0.0,0.0,0.0,36.0,15.0,51.0
2983029274,646.0,19.0,665.0,106.0,3.0,109.0
2983611193,0.0,0.0,0.0,385.0,0.0,385.0
2984176493,54.0,481.0,535.0,128.0,8.0,136.0
2984195274,0.0,0.0,0.0,98.0,0.0,98.0
2984336107,0.0,0.0,0.0,1299.0,356.0,1655.0
2984667093,0.0,0.0,0.0,36.0,10.0,46.0
2984668982,0.0,0.0,0.0,52.0,40.0,92.0
2984932879,0.0,0.0,0.0,84.0,43.0,127.0
2985317758,0.0,0.0,0.0,130.0,16.0,146.0
2986128109,0.0,0.0,0.0,631.0,1249.0,1880.0
2986223409,0.0,0.0,0.0,29.0,3.0,32.0
2986228055,0.0,0.0,0.0,107.0,31.0,138.0
2986248806,0.0,0.0,0.0,29.0,3.0,32.0
2986482287,0.0,0.0,0.0,162.0,59.0,221.0
2986921751,0.0,0.0,0.0,129.0,23.0,152.0
2986941892,6.0,89.0,95.0,877.0,488.0,1365.0
2987852048,103.0,71.0,174.0,89.0,33.0,122.0
2987874652,0.0,0.0,0.0,121.0,19.0,140.0
2988304968,0.0,0.0,0.0,114.0,6.0,120.0
2988391985,368.0,1.0,369.0,593.0,621.0,1214.0
2988481873,0.0,0.0,0.0,29.0,4.0,33.0
2989240606,0.0,0.0,0.0,30.0,16.0,46.0
2989241488,0.0,0.0,0.0,23.0,64.0,87.0
2989257623,41.0,25.0,66.0,83.0,31.0,114.0
2989287738,0.0,0.0,0.0,219.0,89.0,308.0
2989346716,6.0,89.0,95.0,1329.0,494.0,1823.0
2989362059,6.0,6.0,12.0,358.0,184.0,542.0
2989566459,0.0,0.0,0.0,43.0,6.0,49.0
2989710890,0.0,0.0,0.0,37.0,57.0,94.0
2989939735,0.0,0.0,0.0,858.0,730.0,1588.0
2990000825,0.0,0.0,0.0,3.0,1.0,4.0
2990028090,0.0,0.0,0.0,1.0,1.0,2.0
2990048496,0.0,0.0,0.0,38.0,1.0,39.0
2990080867,0.0,0.0,0.0,49.0,3.0,52.0
2990448084,70.0,108.0,178.0,199.0,125.0,324.0
2990501610,308.0,210.0,518.0,1031.0,291.0,1322.0
2990759653,0.0,1.0,1.0,39.0,0.0,39.0
2990760074,80.0,80.0,160.0,0.0,0.0,0.0
2990773468,11.0,10.0,21.0,75.0,6.0,81.0
2990774253,0.0,0.0,0.0,15.0,15.0,30.0
2990791063,0.0,0.0,0.0,61.0,0.0,61.0
2991278895,0.0,0.0,0.0,561.0,3.0,564.0
2991309203,15.0,9.0,24.0,1.0,1.0,2.0
2991460590,49.0,31.0,80.0,369.0,212.0,581.0
2992072550,0.0,0.0,0.0,46.0,0.0,46.0
2992456386,0.0,0.0,0.0,61.0,16.0,77.0
2993540792,0.0,0.0,0.0,2.0,1.0,3.0
2993612034,0.0,0.0,0.0,506.0,69.0,575.0
2993889791,0.0,0.0,0.0,77.0,0.0,77.0
2993949800,8684.0,3609.0,12293.0,0.0,0.0,0.0
2994099200,1274.0,1037.0,2311.0,507.0,130.0,637.0
2994132824,0.0,0.0,0.0,45.0,9.0,54.0
2994371856,0.0,0.0,0.0,0.0,3.0,3.0
2994431385,0.0,0.0,0.0,76.0,67.0,143.0
2994623443,289.0,132.0,421.0,433.0,165.0,598.0
2994659995,0.0,0.0,0.0,41.0,4.0,45.0
2994665100,0.0,0.0,0.0,41.0,4.0,45.0
2995172973,0.0,0.0,0.0,196.0,12.0,208.0
2995689340,0.0,0.0,0.0,46.0,6.0,52.0
2996830710,0.0,0.0,0.0,1.0,1.0,2.0
2997203967,0.0,0.0,0.0,57.0,15.0,72.0
2997233334,0.0,0.0,0.0,571.0,20.0,591.0
2997354447,0.0,0.0,0.0,30.0,1.0,31.0
2997601557,0.0,0.0,0.0,42.0,2.0,44.0
2997646037,0.0,0.0,0.0,564.0,335.0,899.0
2998444772,0.0,0.0,0.0,1.0,1.0,2.0
2999436533,0.0,0.0,0.0,31.0,2.0,33.0
2999758556,0.0,0.0,0.0,1.0,0.0,1.0
2999884701,0.0,0.0,0.0,36.0,7.0,43.0
3000024792,0.0,0.0,0.0,15.0,1.0,16.0
3000347335,0.0,0.0,0.0,143.0,1.0,144.0
3000365043,0.0,0.0,0.0,4.0,2.0,6.0
3000402217,0.0,0.0,0.0,686.0,302.0,988.0
3000699251,0.0,0.0,0.0,520.0,145.0,665.0
3001400146,0.0,0.0,0.0,171.0,223.0,394.0
3001645389,0.0,0.0,0.0,85.0,43.0,128.0
3002304521,2.0,503.0,505.0,1653.0,600.0,2253.0
3002994401,0.0,0.0,0.0,219.0,7.0,226.0
3003025804,0.0,0.0,0.0,40.0,0.0,40.0
3003074857,0.0,0.0,0.0,84.0,1.0,85.0
3003414156,0.0,2.0,2.0,457.0,279.0,736.0
3003730306,0.0,0.0,0.0,2.0,1.0,3.0
3003865817,0.0,0.0,0.0,102.0,23.0,125.0
3004429789,0.0,0.0,0.0,56.0,8.0,64.0
3004572778,0.0,0.0,0.0,76.0,0.0,76.0
3004800752,0.0,0.0,0.0,508.0,94.0,602.0
3004932367,0.0,0.0,0.0,269.0,148.0,417.0
3006276172,0.0,0.0,0.0,192.0,64.0,256.0
3006400388,0.0,0.0,0.0,1500.0,222.0,1722.0
3006546708,0.0,0.0,0.0,0.0,23.0,23.0
3006639682,0.0,0.0,0.0,53.0,3.0,56.0
3006698250,0.0,0.0,0.0,72.0,27.0,99.0
3006745114,0.0,0.0,0.0,226.0,56.0,282.0
3007054361,0.0,0.0,0.0,672.0,93.0,765.0
3007108786,0.0,0.0,0.0,5.0,1.0,6.0
3007111198,524.0,516.0,1040.0,790.0,510.0,1300.0
3007785025,21.0,7.0,28.0,51.0,11.0,62.0
3007942498,0.0,0.0,0.0,6.0,5.0,11.0
3008360101,0.0,0.0,0.0,324.0,0.0,324.0
3008698964,0.0,0.0,0.0,2.0,2.0,4.0
3009474184,0.0,0.0,0.0,236.0,59.0,295.0
3010772645,0.0,0.0,0.0,43.0,0.0,43.0
3011241770,0.0,0.0,0.0,22.0,0.0,22.0
3011507747,0.0,0.0,0.0,45.0,4.0,49.0
3011585250,0.0,0.0,0.0,107.0,23.0,130.0
3011875719,0.0,0.0,0.0,251.0,19.0,270.0
3011904050,0.0,0.0,0.0,57.0,57.0,114.0
3011907232,0.0,0.0,0.0,45.0,2.0,47.0
3011968538,0.0,0.0,0.0,145.0,59.0,204.0
3012296797,0.0,0.0,0.0,246.0,12.0,258.0
3012638156,0.0,0.0,0.0,67.0,12.0,79.0
3012737338,0.0,0.0,0.0,1285.0,179.0,1464.0
3013411229,0.0,0.0,0.0,192.0,1.0,193.0
3013519880,0.0,0.0,0.0,401.0,111.0,512.0
3013552792,0.0,0.0,0.0,131.0,95.0,226.0
3013620267,0.0,0.0,0.0,707.0,315.0,1022.0
3013755044,0.0,0.0,0.0,13.0,7.0,20.0
3014371312,0.0,0.0,0.0,34.0,18.0,52.0
3015103993,0.0,0.0,0.0,121.0,6.0,127.0
3015230050,0.0,0.0,0.0,38.0,0.0,38.0
3015345158,0.0,0.0,0.0,32.0,16.0,48.0
3015346302,0.0,0.0,0.0,65.0,3.0,68.0
3015422115,148.0,171.0,319.0,1182.0,875.0,2057.0
3015640821,0.0,0.0,0.0,4.0,1.0,5.0
3015645325,0.0,0.0,0.0,1.0,1.0,2.0
3015942635,0.0,0.0,0.0,904.0,1155.0,2059.0
3016753886,0.0,0.0,0.0,589.0,1680.0,2269.0
3016844227,0.0,0.0,0.0,18.0,4.0,22.0
3016881237,42.0,4.0,46.0,0.0,0.0,0.0
3016905680,0.0,0.0,0.0,22.0,4.0,26.0
3016980479,0.0,0.0,0.0,65.0,27.0,92.0
3016993084,0.0,0.0,0.0,3.0,0.0,3.0
3017176006,0.0,0.0,0.0,1084.0,979.0,2063.0
3017667755,1.0,23.0,24.0,781.0,314.0,1095.0
3017855487,0.0,0.0,0.0,332.0,76.0,408.0
3018096769,0.0,0.0,0.0,108.0,3.0,111.0
3018352185,0.0,0.0,0.0,8.0,3.0,11.0
3018439207,0.0,0.0,0.0,24.0,18.0,42.0
3018517272,973.0,109.0,1082.0,0.0,0.0,0.0
3018921196,0.0,0.0,0.0,175.0,10.0,185.0
3018939222,0.0,0.0,0.0,29.0,3.0,32.0
3019107307,0.0,0.0,0.0,16.0,15.0,31.0
3019360629,0.0,0.0,0.0,16.0,13.0,29.0
3019918047,0.0,0.0,0.0,41.0,6.0,47.0
3019985000,42.0,41.0,83.0,414.0,245.0,659.0
3020641867,0.0,0.0,0.0,514.0,174.0,688.0
3020688007,0.0,0.0,0.0,23.0,2.0,25.0
3021010746,0.0,0.0,0.0,165.0,22.0,187.0
3021014004,0.0,0.0,0.0,3673.0,91.0,3764.0
3021063109,0.0,0.0,0.0,7.0,600.0,607.0
3021098408,10.0,16.0,26.0,333.0,325.0,658.0
3021139938,0.0,0.0,0.0,473.0,32.0,505.0
3022206894,0.0,0.0,0.0,423.0,226.0,649.0
3022543317,105.0,66.0,171.0,129.0,304.0,433.0
3022605131,1.0,3.0,4.0,20.0,9.0,29.0
3022831945,0.0,0.0,0.0,308.0,117.0,425.0
3022909076,0.0,0.0,0.0,970.0,243.0,1213.0
3022933130,0.0,0.0,0.0,159.0,11.0,170.0
3022935755,0.0,0.0,0.0,179.0,33.0,212.0
3022955231,14.0,8.0,22.0,272.0,122.0,394.0
3023069216,0.0,0.0,0.0,135.0,19.0,154.0
3023133644,0.0,0.0,0.0,36.0,1.0,37.0
3023189103,0.0,0.0,0.0,615.0,13.0,628.0
3023232015,0.0,0.0,0.0,12.0,8.0,20.0
3023299823,0.0,0.0,0.0,77.0,7.0,84.0
3023413904,0.0,0.0,0.0,90.0,73.0,163.0
3023422806,0.0,0.0,0.0,137.0,0.0,137.0
3023613188,1.0,23.0,24.0,974.0,369.0,1343.0
3023618353,0.0,0.0,0.0,243.0,34.0,277.0
3023973499,0.0,0.0,0.0,153.0,87.0,240.0
3026212985,0.0,0.0,0.0,81.0,1.0,82.0
3027146476,0.0,0.0,0.0,24.0,12.0,36.0
3027244028,0.0,0.0,0.0,1.0,1.0,2.0
3027880885,0.0,0.0,0.0,3.0,0.0,3.0
3028017962,0.0,0.0,0.0,17.0,6.0,23.0
3028024558,0.0,0.0,0.0,249.0,53.0,302.0
3028324419,0.0,0.0,0.0,528.0,11.0,539.0
3028627060,0.0,0.0,0.0,182.0,31.0,213.0
3029091635,0.0,0.0,0.0,123.0,1.0,124.0
3029413152,0.0,0.0,0.0,56.0,0.0,56.0
3029535959,0.0,0.0,0.0,1500.0,318.0,1818.0
3029567465,0.0,0.0,0.0,187.0,22.0,209.0
3029783614,1392.0,2029.0,3421.0,0.0,0.0,0.0
3029843479,0.0,0.0,0.0,409.0,39.0,448.0
3029863949,0.0,0.0,0.0,51.0,2.0,53.0
3029913116,0.0,0.0,0.0,1028.0,384.0,1412.0
3030054309,971.0,244.0,1215.0,0.0,0.0,0.0
3030073254,1.0,1.0,2.0,245.0,171.0,416.0
3030162879,0.0,0.0,0.0,24.0,10.0,34.0
3030779808,0.0,0.0,0.0,4.0,0.0,4.0
3030949227,0.0,0.0,0.0,6.0,1.0,7.0
3031053342,0.0,0.0,0.0,124.0,20.0,144.0
3031284848,971.0,244.0,1215.0,0.0,0.0,0.0
3032937981,0.0,0.0,0.0,57.0,8.0,65.0
3033029270,0.0,0.0,0.0,473.0,260.0,733.0
3033233392,2.0,0.0,2.0,481.0,1005.0,1486.0
3033689845,0.0,0.0,0.0,888.0,4.0,892.0
3033770445,0.0,0.0,0.0,307.0,8.0,315.0
3034036696,0.0,0.0,0.0,728.0,416.0,1144.0
3034368996,0.0,0.0,0.0,986.0,411.0,1397.0
3034597936,0.0,0.0,0.0,56.0,2.0,58.0
3034811249,0.0,0.0,0.0,3536.0,652.0,4188.0
3035283080,0.0,0.0,0.0,478.0,0.0,478.0
3035416687,0.0,0.0,0.0,726.0,440.0,1166.0
3035429935,0.0,0.0,0.0,177.0,153.0,330.0
3035434527,0.0,0.0,0.0,102.0,17.0,119.0
3036170902,0.0,0.0,0.0,702.0,89.0,791.0
3036245532,34.0,34.0,68.0,326.0,10.0,336.0
3036425780,666.0,798.0,1464.0,56.0,19.0,75.0
3036666914,0.0,0.0,0.0,15.0,1.0,16.0
3036798571,0.0,0.0,0.0,19.0,13.0,32.0
3036975520,0.0,0.0,0.0,26.0,25.0,51.0
3037087624,0.0,0.0,0.0,293.0,25.0,318.0
3037616016,0.0,0.0,0.0,41.0,0.0,41.0
3037618903,0.0,0.0,0.0,122.0,6.0,128.0
3037763030,0.0,0.0,0.0,282.0,0.0,282.0
3038010445,0.0,0.0,0.0,233.0,164.0,397.0
3038019311,0.0,0.0,0.0,1.0,1.0,2.0
3038390136,0.0,0.0,0.0,274.0,209.0,483.0
3038625817,0.0,0.0,0.0,85.0,76.0,161.0
3038667524,0.0,0.0,0.0,59.0,57.0,116.0
3039055142,0.0,0.0,0.0,141.0,10.0,151.0
3039633986,147.0,164.0,311.0,566.0,205.0,771.0
3039769863,0.0,0.0,0.0,339.0,46.0,385.0
3040099716,0.0,0.0,0.0,14.0,3.0,17.0
3040970325,0.0,0.0,0.0,873.0,84.0,957.0
3040980236,0.0,1.0,1.0,1209.0,663.0,1872.0
3041005828,0.0,0.0,0.0,22.0,4.0,26.0
3041129721,0.0,0.0,0.0,398.0,68.0,466.0
3042242308,0.0,0.0,0.0,564.0,331.0,895.0
3044194711,0.0,0.0,0.0,64.0,3.0,67.0
3044371024,0.0,0.0,0.0,2.0,5.0,7.0
3044425330,0.0,0.0,0.0,6.0,9.0,15.0
3044449578,0.0,0.0,0.0,50.0,12.0,62.0
3044679295,0.0,0.0,0.0,57.0,19.0,76.0
3044819090,0.0,0.0,0.0,1.0,1.0,2.0
3044843424,0.0,0.0,0.0,22.0,22.0,44.0
3044885926,0.0,0.0,0.0,1624.0,168.0,1792.0
3045058130,0.0,0.0,0.0,81.0,13.0,94.0
3045808045,0.0,0.0,0.0,16.0,1.0,17.0
3046545060,11.0,11.0,22.0,55.0,1.0,56.0
3046593561,0.0,0.0,0.0,15.0,7.0,22.0
3046833593,0.0,0.0,0.0,122.0,2.0,124.0
3046855721,0.0,0.0,0.0,122.0,2.0,124.0
3046861778,0.0,0.0,0.0,7.0,3.0,10.0
3046866523,0.0,0.0,0.0,1477.0,0.0,1477.0
3046871630,0.0,0.0,0.0,97.0,33.0,130.0
3046990908,0.0,0.0,0.0,131.0,12.0,143.0
3047109765,0.0,0.0,0.0,282.0,3.0,285.0
3047232373,0.0,0.0,0.0,445.0,41.0,486.0
3047296744,0.0,0.0,0.0,1372.0,157.0,1529.0
3047718524,9449.0,2909.0,12358.0,573.0,344.0,917.0
3047892669,0.0,0.0,0.0,1968.0,3.0,1971.0
3047896344,500.0,219.0,719.0,0.0,0.0,0.0
3048282458,0.0,0.0,0.0,261.0,169.0,430.0
3048355837,0.0,0.0,0.0,76.0,35.0,111.0
3048442859,0.0,0.0,0.0,76.0,4.0,80.0
3048475288,1045.0,1042.0,2087.0,1437.0,59.0,1496.0
3048744521,0.0,0.0,0.0,282.0,37.0,319.0
3048745288,0.0,0.0,0.0,244.0,17.0,261.0
3048786713,0.0,0.0,0.0,2.0,0.0,2.0
3048846835,0.0,0.0,0.0,50.0,33.0,83.0
3049002345,374.0,208.0,582.0,45.0,45.0,90.0
3049349544,0.0,0.0,0.0,967.0,0.0,967.0
3049445842,0.0,0.0,0.0,104.0,7.0,111.0
3049788957,0.0,0.0,0.0,101.0,9.0,110.0
3049856720,0.0,0.0,0.0,721.0,1453.0,2174.0
3049906427,0.0,0.0,0.0,356.0,356.0,712.0
3050211305,0.0,0.0,0.0,118.0,22.0,140.0
3050214713,0.0,0.0,0.0,12546.0,18233.0,30779.0
3050218206,0.0,0.0,0.0,25107.0,31684.0,56791.0
3050543965,0.0,0.0,0.0,82.0,15.0,97.0
3050620518,0.0,0.0,0.0,520.0,99.0,619.0
3050709139,0.0,0.0,0.0,2782.0,59.0,2841.0
3051310871,0.0,0.0,0.0,16.0,86.0,102.0
3051320539,0.0,0.0,0.0,106.0,12.0,118.0
3051560458,0.0,0.0,0.0,749.0,1726.0,2475.0
3051627275,0.0,0.0,0.0,49.0,5.0,54.0
3051986596,0.0,0.0,0.0,2.0,8.0,10.0
3052431463,0.0,0.0,0.0,155.0,1.0,156.0
3052560109,0.0,0.0,0.0,186.0,30.0,216.0
3052823757,0.0,0.0,0.0,673.0,292.0,965.0
3053253191,0.0,0.0,0.0,174.0,174.0,348.0
3053258665,0.0,0.0,0.0,58.0,79.0,137.0
3053492879,0.0,0.0,0.0,615.0,55.0,670.0
3053875776,0.0,0.0,0.0,218.0,104.0,322.0
3054019499,0.0,0.0,0.0,183.0,12.0,195.0
3054150679,0.0,0.0,0.0,409.0,194.0,603.0
3054252195,0.0,0.0,0.0,488.0,3.0,491.0
3054365903,0.0,0.0,0.0,91.0,5.0,96.0
3054396306,161.0,208.0,369.0,332.0,96.0,428.0
3054503510,0.0,0.0,0.0,1.0,1.0,2.0
3054507757,0.0,0.0,0.0,24.0,98.0,122.0
3054632631,0.0,0.0,0.0,563.0,25.0,588.0
3054663917,0.0,0.0,0.0,54.0,27.0,81.0
3054673063,0.0,0.0,0.0,30.0,25.0,55.0
3054683411,0.0,0.0,0.0,22.0,10.0,32.0
3054687014,0.0,0.0,0.0,6.0,4.0,10.0
3054862915,0.0,0.0,0.0,687.0,144.0,831.0
3055008281,7.0,7.0,14.0,157.0,189.0,346.0
3055284274,0.0,0.0,0.0,182.0,17.0,199.0
3055607319,0.0,0.0,0.0,7.0,11.0,18.0
3055717125,127.0,267.0,394.0,45.0,2.0,47.0
3055789053,0.0,0.0,0.0,0.0,1.0,1.0
3056288832,0.0,0.0,0.0,17.0,0.0,17.0
3056316834,0.0,0.0,0.0,60.0,412.0,472.0
3056690965,2.0,2.0,4.0,757.0,109.0,866.0
3056993511,244.0,35.0,279.0,375.0,170.0,545.0
3056995446,0.0,0.0,0.0,5026.0,5027.0,10053.0
3057711873,0.0,0.0,0.0,254.0,0.0,254.0
3057857067,0.0,0.0,0.0,139.0,1.0,140.0
3057863898,0.0,0.0,0.0,188.0,40.0,228.0
3057907036,0.0,0.0,0.0,59.0,42.0,101.0
3057914477,0.0,0.0,0.0,5273.0,0.0,5273.0
3057944933,0.0,0.0,0.0,45.0,12.0,57.0
3058012410,0.0,0.0,0.0,3795.0,3336.0,7131.0
3058028116,0.0,0.0,0.0,1338.0,1055.0,2393.0
3058337882,0.0,0.0,0.0,764.0,5.0,769.0
3058351964,0.0,0.0,0.0,6516.0,1531.0,8047.0
3058420282,0.0,0.0,0.0,1811.0,202.0,2013.0
3058482399,6.0,7.0,13.0,507.0,94.0,601.0
3058508147,0.0,0.0,0.0,85.0,1.0,86.0
3058525033,0.0,0.0,0.0,76.0,0.0,76.0
3058809612,0.0,0.0,0.0,68.0,14.0,82.0
3059364033,0.0,0.0,0.0,419.0,0.0,419.0
3059800558,0.0,0.0,0.0,885.0,23.0,908.0
3060067714,0.0,0.0,0.0,424.0,1.0,425.0
3060575393,596.0,297.0,893.0,2092.0,329.0,2421.0
3060701727,3336.0,917.0,4253.0,2396.0,0.0,2396.0
3060716964,407.0,611.0,1018.0,705.0,404.0,1109.0
3060783699,0.0,0.0,0.0,323.0,17.0,340.0
3060818555,0.0,0.0,0.0,187.0,14.0,201.0
3061189699,8.0,2.0,10.0,170.0,122.0,292.0
3061252632,0.0,0.0,0.0,84.0,20.0,104.0
3061360197,0.0,0.0,0.0,6524.0,1539.0,8063.0
3061361678,0.0,0.0,0.0,6574.0,1539.0,8113.0
3061362217,0.0,0.0,0.0,6412.0,1323.0,7735.0
3061489401,0.0,0.0,0.0,209.0,4.0,213.0
3061496148,0.0,0.0,0.0,2692.0,0.0,2692.0
3061575023,0.0,0.0,0.0,45.0,2.0,47.0
3062561382,0.0,0.0,0.0,143.0,33.0,176.0
3063509475,0.0,0.0,0.0,140.0,91.0,231.0
3063597118,0.0,0.0,0.0,23.0,11.0,34.0
3063938472,0.0,0.0,0.0,254.0,68.0,322.0
3064022728,0.0,0.0,0.0,5278.0,456.0,5734.0
3064054868,0.0,0.0,0.0,198.0,18.0,216.0
3064065244,0.0,0.0,0.0,325.0,103.0,428.0
3064408470,0.0,0.0,0.0,662.0,9.0,671.0
3064580725,0.0,0.0,0.0,1925.0,0.0,1925.0
3064653320,0.0,0.0,0.0,193.0,190.0,383.0
3065141445,0.0,0.0,0.0,110.0,1358.0,1468.0
3065169774,0.0,0.0,0.0,2588.0,118.0,2706.0
3065250403,0.0,0.0,0.0,2251.0,176.0,2427.0
3065400643,4053.0,1144.0,5197.0,0.0,0.0,0.0
3065788296,0.0,0.0,0.0,892.0,233.0,1125.0
3066541253,0.0,0.0,0.0,17.0,17.0,34.0
3066776078,176.0,128.0,304.0,106.0,40.0,146.0
3066853764,0.0,0.0,0.0,82.0,29.0,111.0
3067017042,0.0,0.0,0.0,121.0,24.0,145.0
3067033881,0.0,0.0,0.0,71.0,0.0,71.0
3067210808,0.0,0.0,0.0,14.0,13.0,27.0
3067452050,0.0,0.0,0.0,1303.0,1055.0,2358.0
3067476387,0.0,0.0,0.0,430.0,102.0,532.0
3067770211,15.0,15.0,30.0,31.0,18.0,49.0
3067973069,0.0,0.0,0.0,15.0,3.0,18.0
3067975590,0.0,0.0,0.0,28.0,0.0,28.0
3067984156,0.0,0.0,0.0,237.0,3.0,240.0
3067985764,0.0,0.0,0.0,60.0,1.0,61.0
3068648111,0.0,0.0,0.0,48.0,2.0,50.0
3069101459,0.0,0.0,0.0,81.0,50.0,131.0
3069115431,0.0,0.0,0.0,1099.0,106.0,1205.0
3069414735,0.0,0.0,0.0,9.0,6.0,15.0
3069495973,0.0,0.0,0.0,185.0,4.0,189.0
3069714308,510.0,119.0,629.0,93.0,287.0,380.0
3069744517,0.0,0.0,0.0,42.0,15.0,57.0
3069855804,0.0,0.0,0.0,203.0,5.0,208.0
3070000674,0.0,0.0,0.0,93.0,32.0,125.0
3070005572,0.0,0.0,0.0,96.0,55.0,151.0
3070081301,0.0,0.0,0.0,722.0,0.0,722.0
3070088687,0.0,0.0,0.0,225.0,23.0,248.0
3070935180,0.0,0.0,0.0,355.0,94.0,449.0
3071076370,0.0,0.0,0.0,561.0,140.0,701.0
3071083804,0.0,0.0,0.0,319.0,65.0,384.0
3071085732,56.0,1.0,57.0,260.0,51.0,311.0
3071156107,0.0,0.0,0.0,1041.0,2861.0,3902.0
3071264685,0.0,0.0,0.0,4.0,0.0,4.0
3071539552,0.0,0.0,0.0,15.0,10.0,25.0
3071674416,0.0,0.0,0.0,1094.0,11.0,1105.0
3071676373,0.0,0.0,0.0,1524.0,235.0,1759.0
3071952484,0.0,0.0,0.0,563.0,90.0,653.0
3072000530,0.0,0.0,0.0,1123.0,0.0,1123.0
3072095829,0.0,0.0,0.0,454.0,321.0,775.0
3072107233,0.0,14.0,14.0,97.0,4.0,101.0
3072136032,0.0,0.0,0.0,194.0,28.0,222.0
3072159278,0.0,0.0,0.0,81.0,165.0,246.0
3072374938,3840.0,2719.0,6559.0,384.0,277.0,661.0
3073002241,0.0,0.0,0.0,70.0,12.0,82.0
3073287034,0.0,0.0,0.0,20.0,20.0,40.0
3074068344,0.0,0.0,0.0,68.0,16.0,84.0
3074242664,0.0,0.0,0.0,513.0,252.0,765.0
3074294403,0.0,0.0,0.0,75.0,7.0,82.0
3074414909,0.0,0.0,0.0,28.0,28.0,56.0
3074526770,0.0,0.0,0.0,125.0,0.0,125.0
3074531119,0.0,0.0,0.0,700.0,563.0,1263.0
3074542976,189.0,21.0,210.0,483.0,2.0,485.0
3074548447,0.0,0.0,0.0,2649.0,1098.0,3747.0
3074557301,0.0,0.0,0.0,591.0,276.0,867.0
3074570058,0.0,0.0,0.0,3.0,3.0,6.0
3074577799,0.0,0.0,0.0,12.0,2.0,14.0
3074605898,0.0,0.0,0.0,150.0,41.0,191.0
3074609325,0.0,0.0,0.0,72.0,6.0,78.0
3074614660,0.0,0.0,0.0,6.0,1.0,7.0
3074618957,0.0,0.0,0.0,64.0,10.0,74.0
3074635096,0.0,0.0,0.0,19.0,30.0,49.0
3074656894,0.0,0.0,0.0,0.0,4.0,4.0
3074688614,0.0,0.0,0.0,447.0,447.0,894.0
3074690514,0.0,0.0,0.0,66.0,4.0,70.0
3074690649,0.0,0.0,0.0,39.0,11.0,50.0
3074693911,0.0,0.0,0.0,19845.0,19821.0,39666.0
3074699489,2124.0,88.0,2212.0,38.0,5.0,43.0
3074744894,0.0,0.0,0.0,0.0,1.0,1.0
3074756019,2.0,2.0,4.0,2203.0,1954.0,4157.0
3074776256,0.0,0.0,0.0,592.0,433.0,1025.0
3074778952,0.0,0.0,0.0,4.0,4.0,8.0
3074785958,0.0,0.0,0.0,2049.0,718.0,2767.0
3074815696,0.0,0.0,0.0,180.0,144.0,324.0
3074847534,0.0,0.0,0.0,1058.0,168.0,1226.0
3074847883,0.0,0.0,0.0,288.0,52.0,340.0
3074864896,0.0,0.0,0.0,65.0,6.0,71.0
3074893038,7.0,7.0,14.0,43.0,25.0,68.0
3074946943,0.0,0.0,0.0,132.0,0.0,132.0
3074950203,0.0,0.0,0.0,105.0,16.0,121.0
3074963659,0.0,0.0,0.0,147.0,55.0,202.0
3074990791,0.0,0.0,0.0,484.0,112.0,596.0
3074993448,0.0,0.0,0.0,78.0,72.0,150.0
3075012540,0.0,0.0,0.0,40.0,3.0,43.0
3075017348,0.0,0.0,0.0,709.0,299.0,1008.0
3075019704,38.0,41.0,79.0,2697.0,512.0,3209.0
3075021617,0.0,0.0,0.0,199.0,29.0,228.0
3075028295,0.0,0.0,0.0,35.0,22.0,57.0
3075031726,0.0,0.0,0.0,8.0,8.0,16.0
3075035064,0.0,0.0,0.0,2404.0,2385.0,4789.0
3075041588,0.0,0.0,0.0,103.0,36.0,139.0
3075061045,0.0,0.0,0.0,99.0,4.0,103.0
3075075850,0.0,0.0,0.0,3.0,164.0,167.0
3075114484,0.0,0.0,0.0,75.0,0.0,75.0
3075176665,0.0,0.0,0.0,2614.0,6.0,2620.0
3075189241,0.0,0.0,0.0,863.0,57.0,920.0
3075201543,0.0,0.0,0.0,919.0,88.0,1007.0
3075243153,0.0,0.0,0.0,358.0,196.0,554.0
3075246426,0.0,0.0,0.0,135.0,52.0,187.0
3075262343,0.0,0.0,0.0,401.0,3.0,404.0
3075300774,0.0,0.0,0.0,174.0,8.0,182.0
3075370587,0.0,0.0,0.0,136.0,2.0,138.0
3075373724,0.0,0.0,0.0,5.0,7.0,12.0
3075374115,0.0,0.0,0.0,153.0,0.0,153.0
3075374927,0.0,0.0,0.0,72.0,15.0,87.0
3075385129,0.0,0.0,0.0,225.0,0.0,225.0
3075398355,0.0,0.0,0.0,1948.0,1948.0,3896.0
3075470121,0.0,0.0,0.0,6.0,2.0,8.0
3075567778,0.0,0.0,0.0,71.0,18.0,89.0
3075600718,0.0,0.0,0.0,207.0,3.0,210.0
3075628660,0.0,0.0,0.0,13.0,5.0,18.0
3075670611,0.0,0.0,0.0,112.0,93.0,205.0
3075726495,0.0,0.0,0.0,11.0,7.0,18.0
3075736690,0.0,0.0,0.0,291.0,23.0,314.0
3075736922,0.0,0.0,0.0,3.0,0.0,3.0
3075790811,1.0,1.0,2.0,36.0,12.0,48.0
3075815710,0.0,0.0,0.0,5.0,0.0,5.0
3075857183,0.0,0.0,0.0,256.0,133.0,389.0
3075883869,0.0,0.0,0.0,63.0,63.0,126.0
3075994560,86.0,82.0,168.0,177.0,128.0,305.0
3076030480,26.0,26.0,52.0,144.0,50.0,194.0
3076043127,0.0,0.0,0.0,52.0,16.0,68.0
3076049889,0.0,0.0,0.0,327.0,27.0,354.0
3076171257,0.0,0.0,0.0,44.0,0.0,44.0
3076218081,0.0,0.0,0.0,12.0,2.0,14.0
3076232456,0.0,0.0,0.0,31.0,6.0,37.0
3076266003,0.0,0.0,0.0,6.0,3.0,9.0
3076452714,0.0,0.0,0.0,13.0,13.0,26.0
3076471900,0.0,0.0,0.0,1173.0,240.0,1413.0
3076534856,0.0,0.0,0.0,32.0,8.0,40.0
3076559097,0.0,0.0,0.0,148.0,11.0,159.0
3076627900,0.0,0.0,0.0,41.0,1.0,42.0
3076775534,0.0,0.0,0.0,916.0,639.0,1555.0
3076831485,0.0,0.0,0.0,58.0,7.0,65.0
3076884688,0.0,0.0,0.0,1057.0,606.0,1663.0
3076991884,0.0,0.0,0.0,330.0,3.0,333.0
3077057256,0.0,0.0,0.0,26.0,35.0,61.0
3077058914,0.0,0.0,0.0,208.0,10.0,218.0
3077094653,0.0,0.0,0.0,1500.0,604.0,2104.0
3077095173,0.0,0.0,0.0,7189.0,6335.0,13524.0
3077095878,0.0,0.0,0.0,318.0,44.0,362.0
3077128060,0.0,0.0,0.0,63.0,10.0,73.0
3077228850,0.0,0.0,0.0,1.0,1.0,2.0
3077311015,0.0,0.0,0.0,257.0,80.0,337.0
3077331798,0.0,0.0,0.0,536.0,0.0,536.0
3077485814,0.0,0.0,0.0,204.0,2.0,206.0
3077534093,0.0,0.0,0.0,85.0,1.0,86.0
3077602164,0.0,0.0,0.0,8690.0,2199.0,10889.0
3077678079,0.0,0.0,0.0,60.0,3.0,63.0
3077679669,0.0,0.0,0.0,40.0,40.0,80.0
3077713278,0.0,0.0,0.0,99.0,0.0,99.0
3077729458,0.0,0.0,0.0,50.0,2.0,52.0
3077864375,0.0,0.0,0.0,1.0,0.0,1.0
3077886342,0.0,0.0,0.0,110.0,3.0,113.0
3077887395,0.0,0.0,0.0,5.0,10.0,15.0
3077925476,0.0,0.0,0.0,149.0,33.0,182.0
3078019645,0.0,0.0,0.0,56.0,7.0,63.0
3078029657,0.0,0.0,0.0,40.0,2.0,42.0
3078034959,0.0,0.0,0.0,354.0,0.0,354.0
3078045512,0.0,0.0,0.0,190.0,1.0,191.0
3078057072,0.0,0.0,0.0,147.0,0.0,147.0
3078066726,0.0,0.0,0.0,414.0,228.0,642.0
3078077090,0.0,0.0,0.0,32.0,9.0,41.0
3078146415,0.0,0.0,0.0,358.0,268.0,626.0
3078166226,0.0,0.0,0.0,188.0,9.0,197.0
3078166718,0.0,0.0,0.0,2179.0,1976.0,4155.0
3078168762,0.0,0.0,0.0,0.0,27.0,27.0
3078187008,0.0,0.0,0.0,17.0,20.0,37.0
3078195603,0.0,0.0,0.0,2004.0,1942.0,3946.0
3078216071,0.0,0.0,0.0,132.0,22.0,154.0
3078217849,0.0,0.0,0.0,18.0,13.0,31.0
3078313476,0.0,0.0,0.0,1.0,5.0,6.0
3078352984,99.0,108.0,207.0,751.0,625.0,1376.0
3078366765,0.0,0.0,0.0,3985.0,3895.0,7880.0
3078382638,0.0,0.0,0.0,334.0,72.0,406.0
3078383974,0.0,0.0,0.0,34.0,7.0,41.0
3078424351,0.0,0.0,0.0,84.0,17.0,101.0
3078439427,391.0,575.0,966.0,1389.0,625.0,2014.0
3078440447,117.0,11.0,128.0,423.0,110.0,533.0
3078460436,0.0,0.0,0.0,16.0,1.0,17.0
3078469289,0.0,0.0,0.0,238.0,135.0,373.0
3078523741,0.0,0.0,0.0,24.0,4.0,28.0
3078539142,0.0,0.0,0.0,114.0,83.0,197.0
3078729881,0.0,0.0,0.0,294.0,221.0,515.0
3078732754,0.0,0.0,0.0,91.0,0.0,91.0
3078758331,0.0,0.0,0.0,108.0,108.0,216.0
3079015881,1.0,3.0,4.0,360.0,1030.0,1390.0
3079016065,0.0,0.0,0.0,74.0,6.0,80.0
3079045834,0.0,0.0,0.0,78.0,0.0,78.0
3079065464,0.0,0.0,0.0,212.0,13.0,225.0
3079097099,0.0,0.0,0.0,65.0,0.0,65.0
3079097121,0.0,0.0,0.0,56.0,11.0,67.0
3079097124,0.0,0.0,0.0,11.0,1.0,12.0
3079097208,0.0,0.0,0.0,45.0,41.0,86.0
3079097818,0.0,0.0,0.0,51.0,21.0,72.0
3079098379,0.0,0.0,0.0,36.0,1.0,37.0
3079103182,0.0,0.0,0.0,84.0,39.0,123.0
3079146299,0.0,0.0,0.0,880.0,19.0,899.0
3079170931,0.0,0.0,0.0,1340.0,42.0,1382.0
3079241115,0.0,0.0,0.0,143.0,133.0,276.0
3079303421,3847.0,967.0,4814.0,0.0,0.0,0.0
3079366285,0.0,0.0,0.0,230.0,229.0,459.0
3079568440,0.0,0.0,0.0,388.0,0.0,388.0
3079569069,0.0,0.0,0.0,18903.0,18864.0,37767.0
3079569825,0.0,0.0,0.0,51.0,5.0,56.0
3079570774,0.0,0.0,0.0,23.0,6.0,29.0
3079612653,0.0,0.0,0.0,126.0,11.0,137.0
3079628682,13.0,1.0,14.0,17.0,7.0,24.0
3079799506,0.0,0.0,0.0,749.0,423.0,1172.0
3080019917,233.0,7.0,240.0,1225.0,267.0,1492.0
3080023392,0.0,0.0,0.0,85.0,54.0,139.0
3080031213,0.0,0.0,0.0,118.0,5.0,123.0
3080093279,6.0,2.0,8.0,35.0,25.0,60.0
3080107491,0.0,0.0,0.0,129.0,71.0,200.0
3080134448,0.0,0.0,0.0,189.0,105.0,294.0
3080192045,0.0,0.0,0.0,4.0,2.0,6.0
3080394667,0.0,0.0,0.0,21.0,2.0,23.0
3080461166,0.0,0.0,0.0,57.0,1.0,58.0
3080590755,0.0,0.0,0.0,78.0,91.0,169.0
3080621090,0.0,0.0,0.0,46.0,37.0,83.0
3080639732,0.0,0.0,0.0,104.0,137.0,241.0
3080717456,0.0,0.0,0.0,343.0,36.0,379.0
3080743634,0.0,0.0,0.0,2086.0,1959.0,4045.0
3080811433,0.0,0.0,0.0,1.0,1.0,2.0
3080825869,0.0,0.0,0.0,94.0,0.0,94.0
3080855777,0.0,0.0,0.0,5.0,5.0,10.0
3080936447,0.0,0.0,0.0,29.0,282.0,311.0
3080943754,0.0,0.0,0.0,338.0,13.0,351.0
3080974708,0.0,0.0,0.0,32.0,33.0,65.0
3081057621,808.0,267.0,1075.0,760.0,115.0,875.0
3081195355,0.0,0.0,0.0,703.0,1.0,704.0
3081331751,0.0,0.0,0.0,214.0,9.0,223.0
3081464962,0.0,0.0,0.0,324.0,68.0,392.0
3081489701,0.0,0.0,0.0,2.0,1.0,3.0
3081547129,0.0,0.0,0.0,105.0,12.0,117.0
3081563114,0.0,0.0,0.0,11.0,0.0,11.0
3081626326,0.0,0.0,0.0,10.0,1.0,11.0
3081636071,0.0,0.0,0.0,96.0,12.0,108.0
3081657945,57.0,58.0,115.0,267.0,48.0,315.0
3081736371,6.0,1.0,7.0,10.0,8.0,18.0
3081803622,0.0,0.0,0.0,111.0,19.0,130.0
3081816409,0.0,0.0,0.0,51.0,10.0,61.0
3081821271,6.0,30.0,36.0,1607.0,542.0,2149.0
3081858153,0.0,0.0,0.0,711.0,4.0,715.0
3081925002,25.0,22.0,47.0,325.0,9.0,334.0
3081978815,0.0,0.0,0.0,308.0,263.0,571.0
3081992708,0.0,0.0,0.0,372.0,137.0,509.0
3082009689,0.0,0.0,0.0,15.0,0.0,15.0
3082019461,0.0,0.0,0.0,703.0,563.0,1266.0
3082020292,0.0,0.0,0.0,311.0,53.0,364.0
3082038772,0.0,0.0,0.0,289.0,1.0,290.0
3082132239,0.0,0.0,0.0,108.0,49.0,157.0
3082188471,0.0,0.0,0.0,1.0,1.0,2.0
3082303429,0.0,0.0,0.0,63.0,12.0,75.0
3082388285,0.0,0.0,0.0,232.0,250.0,482.0
3082541069,0.0,0.0,0.0,259.0,111.0,370.0
3082673812,0.0,0.0,0.0,103.0,51.0,154.0
3083058582,0.0,0.0,0.0,90.0,3.0,93.0
3083068533,0.0,0.0,0.0,245.0,1.0,246.0
3083117301,0.0,0.0,0.0,214.0,119.0,333.0
3083151229,0.0,0.0,0.0,226.0,7.0,233.0
3083175022,0.0,0.0,0.0,22.0,22.0,44.0
3083241564,0.0,0.0,0.0,141.0,89.0,230.0
3083256649,0.0,0.0,0.0,2.0,6.0,8.0
3083262309,0.0,0.0,0.0,271.0,24.0,295.0
3083273308,0.0,0.0,0.0,75.0,11.0,86.0
3083310586,0.0,0.0,0.0,163.0,194.0,357.0
3083352446,48.0,72.0,120.0,1746.0,1259.0,3005.0
3083599513,0.0,0.0,0.0,103.0,27.0,130.0
3083873202,0.0,0.0,0.0,9.0,4.0,13.0
3083875801,0.0,0.0,0.0,54.0,18.0,72.0
3083879418,0.0,0.0,0.0,2938.0,909.0,3847.0
3083905069,0.0,0.0,0.0,468.0,436.0,904.0
3084035121,0.0,0.0,0.0,581.0,2.0,583.0
3084073522,329.0,286.0,615.0,770.0,0.0,770.0
3084116517,784.0,706.0,1490.0,89.0,31.0,120.0
3084258051,0.0,0.0,0.0,1768.0,823.0,2591.0
3084294411,0.0,0.0,0.0,64.0,9.0,73.0
3084389677,0.0,0.0,0.0,13.0,26.0,39.0
3084486594,0.0,0.0,0.0,122.0,0.0,122.0
3084490358,0.0,0.0,0.0,134.0,25.0,159.0
3084492871,0.0,0.0,0.0,115.0,48.0,163.0
3084559020,0.0,0.0,0.0,67.0,2.0,69.0
3084733635,29.0,81.0,110.0,156.0,10.0,166.0
3084744894,0.0,0.0,0.0,86.0,36.0,122.0
3084784509,15.0,18.0,33.0,123.0,17.0,140.0
3084794264,0.0,0.0,0.0,104.0,52.0,156.0
3084795018,0.0,0.0,0.0,282.0,129.0,411.0
3084851925,22.0,22.0,44.0,178.0,31.0,209.0
3084885498,0.0,0.0,0.0,1.0,1.0,2.0
3085044127,0.0,0.0,0.0,95.0,9.0,104.0
3085144870,0.0,0.0,0.0,5.0,6.0,11.0
3085403262,17.0,15.0,32.0,190.0,194.0,384.0
3085430966,0.0,0.0,0.0,136.0,55.0,191.0
3085431437,0.0,0.0,0.0,38.0,38.0,76.0
3085431994,0.0,0.0,0.0,321.0,43.0,364.0
3085973724,0.0,0.0,0.0,1033.0,26.0,1059.0
3086088116,0.0,0.0,0.0,1968.0,55.0,2023.0
3086311429,0.0,0.0,0.0,145.0,38.0,183.0
3086406590,0.0,0.0,0.0,14.0,6.0,20.0
3086437300,0.0,0.0,0.0,205.0,96.0,301.0
3086510087,0.0,0.0,0.0,1.0,0.0,1.0
3086545184,0.0,0.0,0.0,2.0,2.0,4.0
3086791317,0.0,0.0,0.0,22.0,12.0,34.0
3086818203,0.0,0.0,0.0,1668.0,2632.0,4300.0
3086917198,0.0,0.0,0.0,84.0,0.0,84.0
3087024692,0.0,0.0,0.0,2.0,2.0,4.0
3087108042,0.0,0.0,0.0,132.0,0.0,132.0
3087114684,0.0,0.0,0.0,1173.0,1142.0,2315.0
3087119059,0.0,0.0,0.0,154.0,13.0,167.0
3087132571,0.0,0.0,0.0,12.0,5.0,17.0
3087132572,0.0,0.0,0.0,22.0,4.0,26.0
3087281120,0.0,0.0,0.0,36.0,0.0,36.0
3087293846,0.0,0.0,0.0,232.0,192.0,424.0
3087313432,0.0,0.0,0.0,54.0,48.0,102.0
3087338450,0.0,0.0,0.0,130.0,13.0,143.0
3087359752,0.0,0.0,0.0,575.0,1.0,576.0
3087399940,0.0,0.0,0.0,75.0,21.0,96.0
3087406519,0.0,0.0,0.0,69.0,17.0,86.0
3087428354,0.0,0.0,0.0,380.0,0.0,380.0
3087462018,0.0,0.0,0.0,10.0,3.0,13.0
3087587876,0.0,0.0,0.0,18.0,3.0,21.0
3087650766,0.0,0.0,0.0,81.0,9.0,90.0
3087763989,0.0,0.0,0.0,275.0,15.0,290.0
3087938128,0.0,0.0,0.0,727.0,641.0,1368.0
3088039163,0.0,0.0,0.0,82.0,150.0,232.0
3088130071,0.0,0.0,0.0,20.0,1.0,21.0
3088173646,8399.0,3325.0,11724.0,674.0,125.0,799.0
3088176007,452.0,10463.0,10915.0,0.0,0.0,0.0
3088220705,0.0,0.0,0.0,150.0,26.0,176.0
3088331987,0.0,0.0,0.0,615.0,111.0,726.0
3088363246,0.0,0.0,0.0,210.0,293.0,503.0
3088399163,0.0,0.0,0.0,33.0,6.0,39.0
3088415850,0.0,0.0,0.0,446.0,1.0,447.0
3088419461,0.0,0.0,0.0,91.0,7.0,98.0
3088499463,0.0,0.0,0.0,56.0,9.0,65.0
3088557864,0.0,0.0,0.0,12.0,12.0,24.0
3088561339,0.0,0.0,0.0,12.0,12.0,24.0
3088567513,0.0,0.0,0.0,10.0,10.0,20.0
3088573784,0.0,0.0,0.0,517.0,153.0,670.0
3088635774,0.0,0.0,0.0,135.0,105.0,240.0
3088650635,0.0,0.0,0.0,6052.0,4.0,6056.0
3088660039,0.0,0.0,0.0,2094.0,47.0,2141.0
3088691462,0.0,0.0,0.0,1284.0,2.0,1286.0
3088733583,0.0,0.0,0.0,16.0,2.0,18.0
3088763461,0.0,0.0,0.0,256.0,1.0,257.0
3088895526,0.0,0.0,0.0,234.0,234.0,468.0
3088949809,0.0,0.0,0.0,486.0,1.0,487.0
3088967050,0.0,0.0,0.0,1693.0,1.0,1694.0
3089009485,0.0,0.0,0.0,645.0,133.0,778.0
3089183615,0.0,0.0,0.0,2.0,2.0,4.0
3089202205,0.0,0.0,0.0,424.0,0.0,424.0
3089225114,0.0,0.0,0.0,2492.0,481.0,2973.0
3089309409,0.0,0.0,0.0,60.0,14.0,74.0
3089332341,0.0,0.0,0.0,108.0,12.0,120.0
3089404039,0.0,0.0,0.0,1035.0,70.0,1105.0
3089454288,0.0,0.0,0.0,1688.0,1647.0,3335.0
3089454659,0.0,0.0,0.0,57.0,9.0,66.0
3089553921,0.0,0.0,0.0,73.0,1.0,74.0
3089603196,0.0,0.0,0.0,1554.0,180.0,1734.0
3089830738,0.0,0.0,0.0,555.0,20.0,575.0
3089909118,0.0,0.0,0.0,134.0,9.0,143.0
3090002746,0.0,0.0,0.0,62.0,19.0,81.0
3090065215,0.0,0.0,0.0,291.0,167.0,458.0
3090110097,0.0,0.0,0.0,32.0,15.0,47.0
3090353282,0.0,0.0,0.0,147.0,8.0,155.0
3090353384,0.0,0.0,0.0,1.0,1.0,2.0
3090455062,0.0,0.0,0.0,87.0,1.0,88.0
3090515437,2.0,3.0,5.0,112.0,1.0,113.0
3090574134,3.0,4.0,7.0,136.0,26.0,162.0
3090626401,0.0,0.0,0.0,112.0,7.0,119.0
3090965439,0.0,0.0,0.0,94.0,3.0,97.0
3090993724,0.0,0.0,0.0,288.0,54.0,342.0
3091245303,24509.0,7735.0,32244.0,44.0,6.0,50.0
3091548960,0.0,0.0,0.0,1880.0,0.0,1880.0
3091750708,2592.0,182.0,2774.0,1217.0,390.0,1607.0
3091850704,0.0,0.0,0.0,636.0,13.0,649.0
3091868582,0.0,0.0,0.0,5230.0,6.0,5236.0
3091944446,0.0,0.0,0.0,386.0,80.0,466.0
3092070166,0.0,0.0,0.0,587.0,82.0,669.0
3092211446,121.0,54.0,175.0,127.0,97.0,224.0
3092500583,0.0,0.0,0.0,38.0,36.0,74.0
3092530279,0.0,0.0,0.0,209.0,7.0,216.0
3092547689,0.0,0.0,0.0,1753.0,1406.0,3159.0
3092569629,0.0,0.0,0.0,19.0,7.0,26.0
3092656275,0.0,0.0,0.0,90.0,9.0,99.0
3092893314,0.0,0.0,0.0,7.0,0.0,7.0
3093612864,0.0,0.0,0.0,873.0,696.0,1569.0
3093701426,0.0,0.0,0.0,151.0,330.0,481.0
3093822785,0.0,0.0,0.0,42.0,5.0,47.0
3094093175,0.0,0.0,0.0,81.0,50.0,131.0
3094199385,0.0,0.0,0.0,325.0,577.0,902.0
3094460894,0.0,0.0,0.0,921.0,1342.0,2263.0
3094551857,0.0,0.0,0.0,350.0,7.0,357.0
3094607813,0.0,0.0,0.0,36.0,429.0,465.0
3094645912,0.0,0.0,0.0,353.0,7.0,360.0
3094661465,171.0,0.0,171.0,570.0,0.0,570.0
3094661486,0.0,0.0,0.0,90.0,8.0,98.0
3094767484,0.0,0.0,0.0,156.0,57.0,213.0
3094840626,0.0,0.0,0.0,7791.0,6613.0,14404.0
3095028076,0.0,0.0,0.0,320.0,317.0,637.0
3095242760,0.0,0.0,0.0,5.0,1.0,6.0
3095245170,0.0,0.0,0.0,30.0,43.0,73.0
3095245994,0.0,0.0,0.0,106.0,96.0,202.0
3095246791,0.0,0.0,0.0,104.0,4.0,108.0
3095248361,0.0,0.0,0.0,38.0,3.0,41.0
3095248857,0.0,0.0,0.0,95.0,0.0,95.0
3095249129,0.0,0.0,0.0,25.0,1.0,26.0
3095357847,0.0,0.0,0.0,237.0,86.0,323.0
3095400567,140.0,211.0,351.0,279.0,293.0,572.0
3095411411,0.0,0.0,0.0,158.0,10.0,168.0
3095447395,0.0,0.0,0.0,42.0,40.0,82.0
3095460904,0.0,0.0,0.0,51.0,47.0,98.0
3095464526,0.0,0.0,0.0,141.0,132.0,273.0
3095471248,0.0,0.0,0.0,135.0,25.0,160.0
3095585241,0.0,0.0,0.0,5.0,0.0,5.0
3095698280,0.0,0.0,0.0,59.0,0.0,59.0
3095855033,2.0,2.0,4.0,44.0,8.0,52.0
3096110760,0.0,0.0,0.0,57.0,6.0,63.0
3096235879,0.0,0.0,0.0,16.0,2.0,18.0
3096240534,0.0,0.0,0.0,101.0,100.0,201.0
3096241645,0.0,0.0,0.0,369.0,47.0,416.0
3096473764,0.0,0.0,0.0,2.0,14.0,16.0
3096474086,0.0,0.0,0.0,99.0,18.0,117.0
3096474324,0.0,0.0,0.0,2.0,14.0,16.0
3096615404,0.0,0.0,0.0,11.0,0.0,11.0
3096787583,0.0,0.0,0.0,53.0,19.0,72.0
3096798138,0.0,0.0,0.0,6.0,1.0,7.0
3096828210,0.0,0.0,0.0,83.0,1.0,84.0
3096885556,0.0,0.0,0.0,233.0,0.0,233.0
3096925052,0.0,0.0,0.0,124.0,288.0,412.0
3097089168,0.0,0.0,0.0,90.0,53.0,143.0
3097420465,0.0,0.0,0.0,66.0,14.0,80.0
3097456896,0.0,0.0,0.0,1058.0,471.0,1529.0
3097466678,715.0,417.0,1132.0,592.0,244.0,836.0
3097560259,0.0,0.0,0.0,42.0,0.0,42.0
3097621471,0.0,0.0,0.0,236.0,111.0,347.0
3097709863,0.0,0.0,0.0,10.0,10.0,20.0
3097750070,0.0,0.0,0.0,1.0,0.0,1.0
3098043137,0.0,0.0,0.0,90.0,90.0,180.0
3098043911,0.0,0.0,0.0,222.0,1.0,223.0
3098053410,0.0,0.0,0.0,390.0,0.0,390.0
3098089485,4568.0,0.0,4568.0,231.0,143.0,374.0
3098219945,0.0,0.0,0.0,151.0,5.0,156.0
3098322647,0.0,0.0,0.0,20.0,0.0,20.0
3098483305,0.0,0.0,0.0,948.0,610.0,1558.0
3098502727,0.0,0.0,0.0,1523.0,36.0,1559.0
3098520642,0.0,0.0,0.0,891.0,0.0,891.0
3098580258,1.0,1.0,2.0,1163.0,53.0,1216.0
3098589362,12913.0,8799.0,21712.0,56.0,6.0,62.0
3098590723,0.0,0.0,0.0,1333.0,406.0,1739.0
3098599894,0.0,0.0,0.0,411.0,120.0,531.0
3098602377,6.0,6.0,12.0,432.0,132.0,564.0
3098890364,0.0,142.0,142.0,398.0,46.0,444.0
3098934526,0.0,0.0,0.0,153.0,31.0,184.0
3099125317,0.0,0.0,0.0,49.0,3.0,52.0
3099174416,0.0,0.0,0.0,137.0,11.0,148.0
3099517900,29.0,20.0,49.0,140.0,13.0,153.0
3099639511,12913.0,8799.0,21712.0,56.0,6.0,62.0
3099796157,0.0,0.0,0.0,665.0,181.0,846.0
3099818675,0.0,0.0,0.0,2181.0,1519.0,3700.0
3100232240,0.0,0.0,0.0,21.0,46.0,67.0
3100269507,0.0,0.0,0.0,53.0,44.0,97.0
3100301148,0.0,0.0,0.0,2.0,2.0,4.0
3100433465,0.0,0.0,0.0,91.0,55.0,146.0
3100789352,113.0,118.0,231.0,1047.0,21.0,1068.0
3100956703,0.0,0.0,0.0,194.0,42.0,236.0
3101007425,0.0,0.0,0.0,1.0,1.0,2.0
3101032367,0.0,0.0,0.0,15.0,1.0,16.0
3101067838,0.0,0.0,0.0,213.0,9.0,222.0
3101156009,0.0,0.0,0.0,171.0,2.0,173.0
3101175239,0.0,0.0,0.0,30.0,9.0,39.0
3101243147,0.0,0.0,0.0,29.0,30.0,59.0
3101288480,0.0,0.0,0.0,171.0,15.0,186.0
3101320702,0.0,0.0,0.0,164.0,58.0,222.0
3101326488,0.0,0.0,0.0,171.0,15.0,186.0
3101362009,0.0,0.0,0.0,159.0,47.0,206.0
3101378582,0.0,0.0,0.0,64.0,11.0,75.0
3101402347,0.0,2.0,2.0,429.0,59.0,488.0
3101454770,40.0,36.0,76.0,193.0,31.0,224.0
3101498528,0.0,0.0,0.0,27.0,1.0,28.0
3101749599,0.0,0.0,0.0,2.0,2.0,4.0
3101807746,0.0,0.0,0.0,10.0,7.0,17.0
3101836513,0.0,0.0,0.0,85.0,2.0,87.0
3102021003,0.0,0.0,0.0,60.0,18.0,78.0
3102049332,0.0,0.0,0.0,646.0,420.0,1066.0
3102168035,0.0,0.0,0.0,195.0,5.0,200.0
3102185388,0.0,0.0,0.0,201.0,45.0,246.0
3102363614,0.0,0.0,0.0,313.0,62.0,375.0
3102426162,0.0,0.0,0.0,43.0,24.0,67.0
3102500944,0.0,0.0,0.0,426.0,755.0,1181.0
3102514199,0.0,0.0,0.0,315.0,315.0,630.0
3102548800,0.0,0.0,0.0,756.0,357.0,1113.0
3102679471,0.0,0.0,0.0,37.0,1.0,38.0
3102790603,4655.0,1029.0,5684.0,150.0,10.0,160.0
3102876964,4.0,15.0,19.0,1198.0,505.0,1703.0
3102978044,0.0,0.0,0.0,1765.0,47.0,1812.0
3103083526,0.0,0.0,0.0,105.0,55.0,160.0
3103129117,0.0,0.0,0.0,740.0,0.0,740.0
3103300290,0.0,0.0,0.0,7.0,2.0,9.0
3103305222,0.0,0.0,0.0,195.0,3.0,198.0
3103354228,0.0,0.0,0.0,2.0,0.0,2.0
3103364279,0.0,0.0,0.0,109.0,77.0,186.0
3103386463,0.0,0.0,0.0,49.0,7.0,56.0
3103515051,0.0,0.0,0.0,99.0,16.0,115.0
3103748044,0.0,0.0,0.0,95.0,204.0,299.0
3104181659,0.0,0.0,0.0,13.0,11.0,24.0
3104249084,0.0,0.0,0.0,134.0,228.0,362.0
3104285334,0.0,0.0,0.0,413.0,287.0,700.0
3104375121,0.0,0.0,0.0,166.0,64.0,230.0
3104401625,0.0,0.0,0.0,103.0,1.0,104.0
3104422536,0.0,0.0,0.0,63.0,29.0,92.0
3104484475,0.0,0.0,0.0,93.0,6.0,99.0
3104609654,0.0,0.0,0.0,30.0,1.0,31.0
3104613438,0.0,0.0,0.0,55.0,0.0,55.0
3104617640,0.0,0.0,0.0,170.0,3.0,173.0
3104618566,0.0,0.0,0.0,121.0,0.0,121.0
3104619100,0.0,0.0,0.0,208.0,0.0,208.0
3104620306,0.0,0.0,0.0,18.0,0.0,18.0
3104623370,0.0,0.0,0.0,53.0,1.0,54.0
3105157105,0.0,0.0,0.0,2595.0,58.0,2653.0
3105210443,0.0,0.0,0.0,11.0,2.0,13.0
3105247377,66.0,3.0,69.0,629.0,225.0,854.0
3105266350,0.0,0.0,0.0,34.0,14.0,48.0
3105305807,24.0,31.0,55.0,177.0,52.0,229.0
3105351368,0.0,0.0,0.0,698.0,344.0,1042.0
3105374615,0.0,0.0,0.0,5.0,12.0,17.0
3105401237,0.0,0.0,0.0,89.0,21.0,110.0
3105403661,0.0,0.0,0.0,11.0,0.0,11.0
3105409390,0.0,0.0,0.0,186.0,9.0,195.0
3105417177,0.0,0.0,0.0,1564.0,545.0,2109.0
3105623446,0.0,0.0,0.0,644.0,66.0,710.0
3105651410,0.0,0.0,0.0,120.0,116.0,236.0
3105664779,0.0,0.0,0.0,225.0,78.0,303.0
3105699085,0.0,0.0,0.0,38.0,12.0,50.0
3105800222,0.0,0.0,0.0,150.0,17.0,167.0
3105926969,1668.0,349.0,2017.0,2306.0,644.0,2950.0
3105952937,0.0,0.0,0.0,290.0,100.0,390.0
3106238975,0.0,0.0,0.0,18.0,7.0,25.0
3106490593,0.0,0.0,0.0,4.0,7.0,11.0
3106750352,0.0,0.0,0.0,65.0,18.0,83.0
3106827361,0.0,0.0,0.0,620.0,222.0,842.0
3107051089,0.0,0.0,0.0,24.0,17.0,41.0
3107779459,0.0,0.0,0.0,43.0,32.0,75.0
3107839800,0.0,0.0,0.0,80.0,0.0,80.0
3108032788,0.0,0.0,0.0,1974.0,417.0,2391.0
3108415971,0.0,0.0,0.0,426.0,122.0,548.0
3108470033,0.0,0.0,0.0,608.0,438.0,1046.0
3108695623,0.0,0.0,0.0,152.0,15.0,167.0
3108744899,0.0,0.0,0.0,95.0,34.0,129.0
3109361215,0.0,0.0,0.0,119.0,87.0,206.0
3109408352,0.0,0.0,0.0,4.0,4.0,8.0
3109511414,0.0,0.0,0.0,10.0,0.0,10.0
3109513181,0.0,0.0,0.0,154.0,71.0,225.0
3109523791,0.0,0.0,0.0,137.0,2.0,139.0
3109525942,0.0,0.0,0.0,17.0,2.0,19.0
3109581531,0.0,0.0,0.0,1421.0,74.0,1495.0
3109908968,0.0,0.0,0.0,161.0,103.0,264.0
3110009700,0.0,0.0,0.0,511.0,443.0,954.0
3110219932,0.0,0.0,0.0,4.0,4.0,8.0
3110295867,0.0,0.0,0.0,17.0,100.0,117.0
3110344787,0.0,0.0,0.0,712.0,379.0,1091.0
3110526097,0.0,0.0,0.0,4.0,4.0,8.0
3110558023,0.0,0.0,0.0,37.0,23.0,60.0
3110602702,0.0,0.0,0.0,48.0,15.0,63.0
3110724431,0.0,0.0,0.0,2081.0,48.0,2129.0
3110865105,0.0,0.0,0.0,57.0,1.0,58.0
3110875424,0.0,0.0,0.0,37.0,97.0,134.0
3110905940,38.0,10.0,48.0,788.0,482.0,1270.0
3111004034,0.0,2.0,2.0,71.0,108.0,179.0
3111006731,0.0,0.0,0.0,127.0,31.0,158.0
3111028733,0.0,0.0,0.0,83.0,5.0,88.0
3111167917,0.0,0.0,0.0,217.0,15.0,232.0
3111223022,0.0,0.0,0.0,40.0,21.0,61.0
3111277015,0.0,0.0,0.0,183.0,25.0,208.0
3111316721,0.0,0.0,0.0,160.0,7.0,167.0
3111323650,0.0,0.0,0.0,95.0,54.0,149.0
3111325582,0.0,0.0,0.0,317.0,224.0,541.0
3111380264,0.0,0.0,0.0,528.0,53.0,581.0
3111417147,0.0,0.0,0.0,16.0,1.0,17.0
3111420697,2129.0,96.0,2225.0,0.0,0.0,0.0
3111576794,0.0,0.0,0.0,217.0,37.0,254.0
3111582483,0.0,0.0,0.0,103.0,8.0,111.0
3111607635,0.0,0.0,0.0,751.0,1.0,752.0
3111618330,0.0,0.0,0.0,1294.0,381.0,1675.0
3111619337,0.0,0.0,0.0,187.0,23.0,210.0
3111697033,1672.0,222.0,1894.0,92.0,5.0,97.0
3111840737,0.0,0.0,0.0,224.0,29.0,253.0
3111841315,0.0,0.0,0.0,90.0,0.0,90.0
3111992190,0.0,0.0,0.0,551.0,0.0,551.0
3112029851,0.0,0.0,0.0,23.0,21.0,44.0
3112065698,0.0,3.0,3.0,99.0,179.0,278.0
3112119626,0.0,0.0,0.0,94.0,10.0,104.0
3112324293,0.0,0.0,0.0,59.0,7087.0,7146.0
3112357523,0.0,0.0,0.0,115.0,143.0,258.0
3112459662,0.0,0.0,0.0,266.0,14.0,280.0
3112474846,0.0,0.0,0.0,2.0,1.0,3.0
3112577157,0.0,0.0,0.0,27.0,27.0,54.0
3112609054,0.0,0.0,0.0,128.0,131.0,259.0
3112628847,0.0,0.0,0.0,44.0,47.0,91.0
3112701610,0.0,0.0,0.0,26.0,2.0,28.0
3112770705,0.0,0.0,0.0,553.0,97.0,650.0
3112867557,0.0,0.0,0.0,2.0,2.0,4.0
3112886848,0.0,0.0,0.0,26.0,1.0,27.0
3113152155,0.0,0.0,0.0,1719.0,892.0,2611.0
3113155476,0.0,0.0,0.0,1601.0,1084.0,2685.0
3113175152,0.0,0.0,0.0,637.0,620.0,1257.0
3113180373,0.0,0.0,0.0,411.0,231.0,642.0
3113346977,1.0,1.0,2.0,190.0,623.0,813.0
3113457878,0.0,0.0,0.0,900.0,119.0,1019.0
3113685869,0.0,0.0,0.0,746.0,1.0,747.0
3113703056,0.0,0.0,0.0,168.0,27.0,195.0
3113749219,0.0,0.0,0.0,158.0,6.0,164.0
3113806629,0.0,0.0,0.0,41.0,3.0,44.0
3114147388,0.0,0.0,0.0,13.0,1.0,14.0
3114288773,0.0,0.0,0.0,397.0,129.0,526.0
3114609622,0.0,0.0,0.0,12.0,9.0,21.0
3114628181,0.0,0.0,0.0,25.0,33.0,58.0
3114778835,0.0,0.0,0.0,546.0,65.0,611.0
3114992077,0.0,0.0,0.0,12.0,23.0,35.0
3115039109,0.0,0.0,0.0,193.0,19.0,212.0
3115203883,0.0,0.0,0.0,123.0,4.0,127.0
3115256699,0.0,0.0,0.0,91.0,30.0,121.0
3115293385,0.0,0.0,0.0,39.0,37.0,76.0
3115301037,0.0,0.0,0.0,28.0,7.0,35.0
3115328846,0.0,0.0,0.0,234.0,102.0,336.0
3115342105,0.0,0.0,0.0,146.0,21.0,167.0
3115418580,0.0,0.0,0.0,6.0,0.0,6.0
3115438957,0.0,0.0,0.0,368.0,236.0,604.0
3115492283,0.0,0.0,0.0,435.0,12.0,447.0
3115523735,0.0,0.0,0.0,129.0,44.0,173.0
3115558470,0.0,0.0,0.0,37.0,6.0,43.0
3115627844,2.0,54.0,56.0,1.0,1.0,2.0
3115760621,0.0,0.0,0.0,182.0,12.0,194.0
3115895027,0.0,0.0,0.0,187.0,166.0,353.0
3115965598,0.0,0.0,0.0,203.0,72.0,275.0
3116063940,0.0,0.0,0.0,16719.0,16391.0,33110.0
3116095750,0.0,0.0,0.0,240.0,125.0,365.0
3116133538,0.0,0.0,0.0,146.0,256.0,402.0
3116149702,0.0,0.0,0.0,929.0,78.0,1007.0
3116176902,0.0,0.0,0.0,429.0,93.0,522.0
3116277294,0.0,0.0,0.0,128.0,12.0,140.0
3116317960,0.0,0.0,0.0,519.0,28.0,547.0
3116324907,0.0,0.0,0.0,1007.0,349.0,1356.0
3116658648,0.0,0.0,0.0,440.0,6.0,446.0
3116676085,0.0,0.0,0.0,133.0,104.0,237.0
3116705784,0.0,0.0,0.0,194.0,107.0,301.0
3116730116,0.0,0.0,0.0,1259.0,27.0,1286.0
3116765277,0.0,0.0,0.0,2.0,2.0,4.0
3116792966,0.0,0.0,0.0,414.0,64.0,478.0
3116814112,0.0,0.0,0.0,39.0,53.0,92.0
3116826149,6.0,6.0,12.0,562.0,230.0,792.0
3117023486,0.0,0.0,0.0,197.0,162.0,359.0
3117074697,0.0,0.0,0.0,62.0,18.0,80.0
3117269260,0.0,0.0,0.0,404.0,6.0,410.0
3117274843,0.0,0.0,0.0,244.0,174.0,418.0
3117376704,0.0,0.0,0.0,3.0,2.0,5.0
3117882496,0.0,0.0,0.0,87.0,78.0,165.0
3118073302,0.0,0.0,0.0,911.0,217.0,1128.0
3118221358,106.0,29.0,135.0,20006.0,19917.0,39923.0
3118224528,0.0,0.0,0.0,100.0,172.0,272.0
3118234342,0.0,0.0,0.0,7.0,0.0,7.0
3118432145,385.0,12.0,397.0,20.0,3.0,23.0
3118542213,0.0,0.0,0.0,308.0,0.0,308.0
3118575505,0.0,0.0,0.0,99.0,101.0,200.0
3118636567,0.0,0.0,0.0,13.0,10.0,23.0
3118854425,1066.0,4.0,1070.0,448.0,8.0,456.0
3118998296,0.0,0.0,0.0,1987.0,2.0,1989.0
3119079877,0.0,0.0,0.0,319.0,229.0,548.0
3119083821,0.0,0.0,0.0,247.0,94.0,341.0
3119100267,0.0,0.0,0.0,61.0,6.0,67.0
3119212776,0.0,0.0,0.0,4844.0,1959.0,6803.0
3119246556,0.0,0.0,0.0,6600.0,2252.0,8852.0
3119252975,0.0,0.0,0.0,127.0,113.0,240.0
3119324237,0.0,0.0,0.0,98.0,0.0,98.0
3119354820,127.0,68.0,195.0,334.0,55.0,389.0
3119355139,0.0,0.0,0.0,10.0,13.0,23.0
3119604915,0.0,0.0,0.0,100.0,31.0,131.0
3119673845,0.0,0.0,0.0,1.0,0.0,1.0
3119695737,0.0,0.0,0.0,163.0,9.0,172.0
3119829512,0.0,0.0,0.0,121.0,4.0,125.0
3119842407,0.0,0.0,0.0,1.0,0.0,1.0
3119902250,0.0,0.0,0.0,1.0,0.0,1.0
3120389334,0.0,0.0,0.0,137.0,54.0,191.0
3120774449,134.0,0.0,134.0,0.0,0.0,0.0
3120801394,0.0,0.0,0.0,864.0,30.0,894.0
3120813048,0.0,0.0,0.0,49.0,13.0,62.0
3121005957,0.0,0.0,0.0,195.0,15.0,210.0
3121041195,0.0,0.0,0.0,18.0,2.0,20.0
3121107870,0.0,0.0,0.0,8.0,8.0,16.0
3121219749,0.0,0.0,0.0,1943.0,1483.0,3426.0
3121322997,0.0,0.0,0.0,1409.0,233.0,1642.0
3121381331,0.0,0.0,0.0,128.0,128.0,256.0
3121533392,0.0,0.0,0.0,342.0,0.0,342.0
3121717297,0.0,0.0,0.0,68.0,92.0,160.0
3121897365,0.0,0.0,0.0,87.0,38.0,125.0
3121953999,123.0,69.0,192.0,105.0,44.0,149.0
3122330329,0.0,0.0,0.0,3.0,1.0,4.0
3122429217,0.0,0.0,0.0,16.0,16.0,32.0
3122494142,0.0,0.0,0.0,131.0,7.0,138.0
3122582363,0.0,0.0,0.0,149.0,1.0,150.0
3122593764,0.0,46.0,46.0,57.0,1.0,58.0
3122627357,0.0,0.0,0.0,1.0,0.0,1.0
3122670904,0.0,0.0,0.0,1205.0,63.0,1268.0
3122686039,0.0,0.0,0.0,5.0,1.0,6.0
3122755362,0.0,0.0,0.0,28.0,6.0,34.0
3122931038,0.0,0.0,0.0,1.0,0.0,1.0
3122939109,0.0,0.0,0.0,21.0,26.0,47.0
3122947325,0.0,0.0,0.0,248.0,47.0,295.0
3122978595,0.0,0.0,0.0,27.0,0.0,27.0
3122983012,0.0,0.0,0.0,499.0,13.0,512.0
3123097719,0.0,0.0,0.0,41.0,0.0,41.0
3123127952,0.0,0.0,0.0,137.0,34.0,171.0
3123194825,0.0,0.0,0.0,999.0,559.0,1558.0
3123198992,0.0,0.0,0.0,4683.0,1209.0,5892.0
3123367684,0.0,0.0,0.0,81.0,0.0,81.0
3123400194,6.0,0.0,6.0,1.0,0.0,1.0
3123449966,0.0,0.0,0.0,611.0,11.0,622.0
3123563390,0.0,0.0,0.0,1.0,0.0,1.0
3123570475,0.0,0.0,0.0,69.0,3.0,72.0
3124186702,0.0,0.0,0.0,4973.0,1707.0,6680.0
3124314563,0.0,0.0,0.0,598.0,19.0,617.0
3124355237,0.0,0.0,0.0,1088.0,13.0,1101.0
3124394682,0.0,0.0,0.0,58.0,16.0,74.0
3124498441,0.0,0.0,0.0,1.0,1.0,2.0
3124513820,0.0,0.0,0.0,8901.0,4605.0,13506.0
3124595999,1933.0,734.0,2667.0,0.0,0.0,0.0
3124676438,0.0,0.0,0.0,255.0,6.0,261.0
3124835441,143.0,250.0,393.0,175.0,98.0,273.0
3125046151,0.0,0.0,0.0,151.0,9.0,160.0
3125076577,0.0,0.0,0.0,771.0,350.0,1121.0
3125168618,0.0,0.0,0.0,425.0,218.0,643.0
3125187340,11.0,274.0,285.0,554.0,277.0,831.0
3125187928,0.0,0.0,0.0,318.0,1.0,319.0
3125195166,0.0,0.0,0.0,19.0,19.0,38.0
3125459043,30.0,27.0,57.0,426.0,110.0,536.0
3125530261,0.0,0.0,0.0,10.0,0.0,10.0
3125573230,0.0,0.0,0.0,31.0,3.0,34.0
3125682958,0.0,0.0,0.0,17.0,1.0,18.0
3125696843,0.0,0.0,0.0,185.0,2.0,187.0
3125703292,0.0,0.0,0.0,126.0,70.0,196.0
3125782567,65.0,36.0,101.0,260.0,442.0,702.0
3125826357,0.0,0.0,0.0,101.0,30.0,131.0
3125850603,0.0,0.0,0.0,245.0,145.0,390.0
3125880075,0.0,0.0,0.0,437.0,181.0,618.0
3125893304,0.0,0.0,0.0,2222.0,82.0,2304.0
3125979959,0.0,0.0,0.0,156.0,140.0,296.0
3126016747,0.0,0.0,0.0,28.0,4.0,32.0
3126061276,242.0,70.0,312.0,471.0,1.0,472.0
3126107230,0.0,0.0,0.0,1112.0,0.0,1112.0
3126107759,0.0,0.0,0.0,1502.0,73.0,1575.0
3126429251,0.0,0.0,0.0,997.0,34.0,1031.0
3126448988,0.0,0.0,0.0,194.0,173.0,367.0
3126455905,0.0,0.0,0.0,7.0,1.0,8.0
3126732433,0.0,0.0,0.0,1591.0,23.0,1614.0
3127019828,10366.0,7007.0,17373.0,0.0,0.0,0.0
3127026463,386.0,44.0,430.0,0.0,0.0,0.0
3127173735,103.0,54.0,157.0,460.0,63.0,523.0
3127181957,0.0,0.0,0.0,7807.0,3.0,7810.0
3127210211,0.0,0.0,0.0,15.0,2.0,17.0
3128226642,0.0,0.0,0.0,643.0,918.0,1561.0
3128227844,0.0,0.0,0.0,17850.0,0.0,17850.0
3128399635,539.0,484.0,1023.0,1351.0,98.0,1449.0
3128462201,0.0,0.0,0.0,68.0,2.0,70.0
3128477850,0.0,0.0,0.0,50.0,10.0,60.0
3128487034,0.0,0.0,0.0,1178.0,463.0,1641.0
3128551483,0.0,0.0,0.0,183.0,70.0,253.0
3128663211,0.0,0.0,0.0,367.0,278.0,645.0
3128687696,0.0,0.0,0.0,144.0,66.0,210.0
3128687723,0.0,0.0,0.0,15.0,10.0,25.0
3128713073,0.0,0.0,0.0,265.0,5.0,270.0
3129029549,0.0,0.0,0.0,405.0,336.0,741.0
3129052252,0.0,0.0,0.0,191.0,142.0,333.0
3129102020,0.0,0.0,0.0,976.0,3.0,979.0
3129102032,0.0,0.0,0.0,141.0,6.0,147.0
3129105671,0.0,0.0,0.0,146.0,3.0,149.0
3129474936,0.0,0.0,0.0,15.0,2.0,17.0
3129509201,0.0,0.0,0.0,19.0,2.0,21.0
3129543050,0.0,0.0,0.0,2037.0,1354.0,3391.0
3129565622,1102.0,38.0,1140.0,1791.0,585.0,2376.0
3129606905,0.0,0.0,0.0,294.0,11.0,305.0
3129654252,0.0,0.0,0.0,369.0,0.0,369.0
3129773117,45.0,32.0,77.0,645.0,450.0,1095.0
3129793803,0.0,0.0,0.0,118.0,41.0,159.0
3129810269,0.0,0.0,0.0,29.0,5.0,34.0
3130053265,0.0,0.0,0.0,118.0,25.0,143.0
3130314581,0.0,0.0,0.0,378.0,178.0,556.0
3130352220,20.0,22.0,42.0,459.0,167.0,626.0
3130361498,0.0,0.0,0.0,65.0,0.0,65.0
3130408897,11716.0,4206.0,15922.0,0.0,0.0,0.0
3130484605,0.0,0.0,0.0,204.0,12.0,216.0
3130508990,0.0,0.0,0.0,463.0,5.0,468.0
3130544514,0.0,0.0,0.0,301.0,148.0,449.0
3130631260,18.0,15.0,33.0,1091.0,413.0,1504.0
3130759153,0.0,0.0,0.0,275.0,3.0,278.0
3130784227,0.0,0.0,0.0,26.0,9.0,35.0
3130800330,8.0,3.0,11.0,23.0,32.0,55.0
3130800513,0.0,0.0,0.0,2429.0,82.0,2511.0
3131003811,2.0,1.0,3.0,108.0,11.0,119.0
3131064356,0.0,0.0,0.0,65.0,0.0,65.0
3131078126,0.0,0.0,0.0,12.0,4.0,16.0
3131079983,0.0,0.0,0.0,33.0,25.0,58.0
3131144344,0.0,0.0,0.0,1.0,1.0,2.0
3131144863,0.0,0.0,0.0,125.0,0.0,125.0
3131148970,0.0,0.0,0.0,2909.0,552.0,3461.0
3131238821,0.0,0.0,0.0,6.0,0.0,6.0
3131446548,0.0,0.0,0.0,47.0,47.0,94.0
3131464015,0.0,0.0,0.0,664.0,471.0,1135.0
3131512627,0.0,0.0,0.0,636.0,20.0,656.0
3131521120,4.0,67.0,71.0,95.0,20.0,115.0
3131647118,0.0,0.0,0.0,52.0,0.0,52.0
3131653556,0.0,0.0,0.0,37.0,7.0,44.0
3131654400,0.0,0.0,0.0,5.0,1.0,6.0
3131654489,0.0,0.0,0.0,6.0,0.0,6.0
3131654541,0.0,0.0,0.0,1515.0,2709.0,4224.0
3131654577,0.0,0.0,0.0,5.0,0.0,5.0
3131654689,0.0,0.0,0.0,94.0,6.0,100.0
3131654719,0.0,0.0,0.0,10.0,15.0,25.0
3131654800,0.0,0.0,0.0,4.0,1.0,5.0
3131678269,0.0,0.0,0.0,84.0,62.0,146.0
3131686689,0.0,0.0,0.0,740.0,224.0,964.0
3131807340,0.0,0.0,0.0,6.0,0.0,6.0
3131807379,0.0,0.0,0.0,57.0,0.0,57.0
3131807386,0.0,0.0,0.0,1576.0,1546.0,3122.0
3131807388,0.0,0.0,0.0,70.0,16.0,86.0
3131807508,0.0,0.0,0.0,4.0,1.0,5.0
3131810994,6.0,12.0,18.0,234.0,78.0,312.0
3131936366,0.0,0.0,0.0,442.0,81.0,523.0
3131978892,0.0,0.0,0.0,1198.0,923.0,2121.0
3132059214,0.0,0.0,0.0,85.0,1.0,86.0
3132070024,0.0,0.0,0.0,202.0,14.0,216.0
3132070315,0.0,0.0,0.0,35.0,6.0,41.0
3132093324,4.0,1.0,5.0,483.0,183.0,666.0
3132095088,0.0,0.0,0.0,234.0,139.0,373.0
3132108510,0.0,0.0,0.0,94.0,1.0,95.0
3132109322,0.0,0.0,0.0,18.0,2.0,20.0
3132111830,0.0,0.0,0.0,64.0,2.0,66.0
3132160698,0.0,0.0,0.0,52.0,50.0,102.0
3132171150,0.0,0.0,0.0,504.0,484.0,988.0
3132189217,1.0,2.0,3.0,124.0,33.0,157.0
3132195957,2.0,3.0,5.0,400.0,177.0,577.0
3132222532,3.0,18.0,21.0,181.0,0.0,181.0
3132235746,4.0,5.0,9.0,372.0,21.0,393.0
3132238407,3.0,4.0,7.0,234.0,94.0,328.0
3132266803,1.0,2.0,3.0,985.0,237.0,1222.0
3132410695,0.0,0.0,0.0,833.0,110.0,943.0
3132430389,0.0,0.0,0.0,58.0,1.0,59.0
3132713357,10.0,2.0,12.0,219.0,34.0,253.0
3132905408,0.0,0.0,0.0,237.0,1.0,238.0
3132908033,0.0,0.0,0.0,181.0,59.0,240.0
3132981155,0.0,0.0,0.0,73.0,7.0,80.0
3133058562,0.0,0.0,0.0,33520.0,6967.0,40487.0
3133830796,0.0,0.0,0.0,2537.0,12.0,2549.0
3133937104,0.0,0.0,0.0,257.0,2.0,259.0
3133979452,0.0,0.0,0.0,121.0,4.0,125.0
3134038234,0.0,0.0,0.0,563.0,0.0,563.0
3134055883,0.0,0.0,0.0,4470.0,35.0,4505.0
3134145272,0.0,0.0,0.0,2751.0,296.0,3047.0
3134206271,0.0,0.0,0.0,278.0,226.0,504.0
3134210443,0.0,0.0,0.0,179.0,67.0,246.0
3134301002,0.0,0.0,0.0,41.0,20.0,61.0
3134302678,0.0,0.0,0.0,211.0,71.0,282.0
3134342673,0.0,0.0,0.0,75.0,5.0,80.0
3134390007,0.0,0.0,0.0,92.0,2.0,94.0
3134392664,0.0,0.0,0.0,29.0,5.0,34.0
3134461621,0.0,0.0,0.0,29.0,7.0,36.0
3134463623,0.0,0.0,0.0,171.0,27.0,198.0
3134478540,0.0,0.0,0.0,11.0,6.0,17.0
3134491984,0.0,0.0,0.0,171.0,21.0,192.0
3134575697,0.0,0.0,0.0,1501.0,0.0,1501.0
3134576040,0.0,0.0,0.0,1260.0,0.0,1260.0
3134586800,0.0,0.0,0.0,1300.0,217.0,1517.0
3134651448,0.0,0.0,0.0,7.0,35.0,42.0
3134658680,0.0,0.0,0.0,86.0,4.0,90.0
3134692524,0.0,0.0,0.0,136.0,58.0,194.0
3134692878,0.0,0.0,0.0,118.0,25.0,143.0
3134717587,0.0,0.0,0.0,1209.0,43.0,1252.0
3134733967,0.0,0.0,0.0,10.0,1.0,11.0
3134834594,0.0,0.0,0.0,156.0,156.0,312.0
3134882955,0.0,0.0,0.0,239.0,4.0,243.0
3134900878,0.0,0.0,0.0,12.0,0.0,12.0
3134901340,0.0,0.0,0.0,97.0,7.0,104.0
3134901959,25.0,58.0,83.0,121.0,16.0,137.0
3134913454,0.0,0.0,0.0,113.0,5.0,118.0
3134916409,0.0,0.0,0.0,20.0,6.0,26.0
3134923757,7.0,14.0,21.0,114.0,5.0,119.0
3134927053,0.0,0.0,0.0,454.0,4.0,458.0
3134962245,0.0,0.0,0.0,129.0,2.0,131.0
3135152567,0.0,0.0,0.0,1226.0,42.0,1268.0
3135203702,0.0,0.0,0.0,621.0,57.0,678.0
3135221647,0.0,0.0,0.0,293.0,97.0,390.0
3135281578,0.0,0.0,0.0,545.0,63.0,608.0
3135305868,0.0,0.0,0.0,1507.0,905.0,2412.0
3135308349,0.0,0.0,0.0,5841.0,17.0,5858.0
3135316626,2.0,2.0,4.0,146.0,22.0,168.0
3135405081,0.0,0.0,0.0,758.0,909.0,1667.0
3135414550,0.0,0.0,0.0,94.0,5.0,99.0
3135416562,0.0,0.0,0.0,104.0,10.0,114.0
3135452361,0.0,0.0,0.0,24.0,22.0,46.0
3135502954,49.0,2.0,51.0,554.0,115.0,669.0
3135836662,0.0,0.0,0.0,136.0,125.0,261.0
3135925426,0.0,0.0,0.0,690.0,61.0,751.0
3135999700,0.0,0.0,0.0,212.0,90.0,302.0
3136021326,0.0,0.0,0.0,11.0,11.0,22.0
3136041106,0.0,0.0,0.0,1173.0,1139.0,2312.0
3136047559,0.0,0.0,0.0,12.0,400.0,412.0
3136050524,0.0,0.0,0.0,28.0,4.0,32.0
3136051607,0.0,0.0,0.0,593.0,579.0,1172.0
3136052318,0.0,0.0,0.0,1283.0,1159.0,2442.0
3136053629,0.0,0.0,0.0,1242.0,1141.0,2383.0
3136054668,0.0,0.0,0.0,156.0,0.0,156.0
3136055973,0.0,0.0,0.0,315.0,50.0,365.0
3136071798,0.0,0.0,0.0,69.0,1.0,70.0
3136072840,0.0,0.0,0.0,2362.0,2269.0,4631.0
3136072957,0.0,0.0,0.0,226.0,96.0,322.0
3136073037,0.0,0.0,0.0,753.0,753.0,1506.0
3136073133,0.0,0.0,0.0,378.0,141.0,519.0
3136199896,0.0,72.0,72.0,695.0,350.0,1045.0
3136200997,0.0,0.0,0.0,66.0,6.0,72.0
3136224160,0.0,0.0,0.0,12.0,12.0,24.0
3136290510,11716.0,4206.0,15922.0,0.0,0.0,0.0
3136399972,0.0,0.0,0.0,16.0,1.0,17.0
3136402010,0.0,0.0,0.0,78.0,0.0,78.0
3136476031,0.0,0.0,0.0,124.0,4.0,128.0
3136582509,1.0,1.0,2.0,285.0,0.0,285.0
3136584440,0.0,0.0,0.0,164.0,2.0,166.0
3136585491,0.0,0.0,0.0,344.0,5.0,349.0
3136588304,65.0,58.0,123.0,224.0,1.0,225.0
3136591156,0.0,0.0,0.0,798.0,1.0,799.0
3136593503,88.0,18.0,106.0,74.0,1.0,75.0
3136595893,174.0,102.0,276.0,266.0,0.0,266.0
3136791188,0.0,0.0,0.0,32.0,6.0,38.0
3136800169,0.0,0.0,0.0,229.0,0.0,229.0
3137058094,22.0,1203.0,1225.0,29.0,27.0,56.0
3137146172,0.0,0.0,0.0,46.0,0.0,46.0
3137635226,0.0,0.0,0.0,109.0,7.0,116.0
3137635779,111.0,104.0,215.0,286.0,124.0,410.0
3137677174,55.0,99.0,154.0,324.0,5.0,329.0
3137739584,0.0,0.0,0.0,1764.0,1751.0,3515.0
3137765636,0.0,0.0,0.0,12.0,0.0,12.0
3137845121,0.0,2.0,2.0,21.0,1060.0,1081.0
3138033651,57.0,48.0,105.0,150.0,10.0,160.0
3138045580,0.0,0.0,0.0,279.0,11.0,290.0
3138073133,155.0,114.0,269.0,370.0,320.0,690.0
3138077745,0.0,0.0,0.0,50.0,6.0,56.0
3138102803,0.0,0.0,0.0,37.0,2.0,39.0
3138206339,0.0,0.0,0.0,27.0,2.0,29.0
3138222448,0.0,2.0,2.0,2860.0,472.0,3332.0
3138225530,0.0,0.0,0.0,357.0,46.0,403.0
3138264959,3.0,3.0,6.0,923.0,478.0,1401.0
3138279170,0.0,0.0,0.0,422.0,306.0,728.0
3138288784,0.0,0.0,0.0,5.0,20.0,25.0
3138356679,0.0,0.0,0.0,344.0,193.0,537.0
3138358043,0.0,0.0,0.0,354.0,89.0,443.0
3138387778,1405.0,56.0,1461.0,557.0,525.0,1082.0
3138415641,0.0,0.0,0.0,34.0,46.0,80.0
3138551256,0.0,0.0,0.0,18.0,4.0,22.0
3138746796,0.0,0.0,0.0,14.0,12.0,26.0
3138824265,0.0,0.0,0.0,1.0,0.0,1.0
3138853756,0.0,0.0,0.0,8.0,0.0,8.0
3139071787,0.0,0.0,0.0,633.0,264.0,897.0
3139119573,0.0,0.0,0.0,376.0,384.0,760.0
3139330916,0.0,0.0,0.0,81.0,13.0,94.0
3139366455,0.0,0.0,0.0,1448.0,0.0,1448.0
3139420152,0.0,0.0,0.0,73.0,2.0,75.0
3139866361,0.0,0.0,0.0,329.0,536.0,865.0
3140025663,0.0,0.0,0.0,87.0,1.0,88.0
3140054883,0.0,0.0,0.0,694.0,15.0,709.0
3140073726,0.0,2.0,2.0,42.0,0.0,42.0
3140211798,0.0,0.0,0.0,54.0,23.0,77.0
3140219724,0.0,0.0,0.0,12.0,2.0,14.0
3140347992,6.0,7.0,13.0,167.0,1.0,168.0
3140367080,104.0,191.0,295.0,118.0,24.0,142.0
3140393985,0.0,0.0,0.0,60.0,18.0,78.0
3140410140,0.0,0.0,0.0,148.0,1.0,149.0
3140410870,0.0,0.0,0.0,106.0,8.0,114.0
3140472053,0.0,0.0,0.0,3.0,1.0,4.0
3140483943,0.0,0.0,0.0,52.0,22.0,74.0
3140613045,0.0,0.0,0.0,7633.0,7920.0,15553.0
3140717128,0.0,0.0,0.0,367.0,160.0,527.0
3140788127,0.0,0.0,0.0,4.0,9.0,13.0
3140865910,0.0,0.0,0.0,26.0,4.0,30.0
3140906043,0.0,0.0,0.0,9.0,4.0,13.0
3140918701,0.0,0.0,0.0,97.0,0.0,97.0
3140927195,0.0,0.0,0.0,29.0,3.0,32.0
3140941069,17.0,390.0,407.0,953.0,6.0,959.0
3140965520,2.0,2.0,4.0,2.0,7.0,9.0
3141163223,0.0,0.0,0.0,10.0,6.0,16.0
3141186372,0.0,0.0,0.0,18.0,8.0,26.0
3141187494,0.0,0.0,0.0,39.0,0.0,39.0
3141209058,0.0,0.0,0.0,114.0,1.0,115.0
3141249966,0.0,0.0,0.0,940.0,28.0,968.0
3141306836,0.0,0.0,0.0,93.0,102.0,195.0
3141365675,0.0,0.0,0.0,56.0,7.0,63.0
3141369327,0.0,0.0,0.0,124.0,43.0,167.0
3141369441,0.0,0.0,0.0,38.0,16.0,54.0
3141381557,0.0,0.0,0.0,587.0,42.0,629.0
3141435438,0.0,0.0,0.0,80.0,48.0,128.0
3141541564,140.0,86.0,226.0,4547.0,404.0,4951.0
3141665913,0.0,0.0,0.0,253.0,154.0,407.0
3141778993,0.0,0.0,0.0,55.0,63.0,118.0
3141911382,0.0,0.0,0.0,45.0,26.0,71.0
3141952773,0.0,0.0,0.0,226.0,7.0,233.0
3142196122,0.0,0.0,0.0,4.0,143.0,147.0
3142365086,0.0,0.0,0.0,160.0,98.0,258.0
3142406560,0.0,0.0,0.0,421.0,166.0,587.0
3142513903,0.0,0.0,0.0,9.0,1.0,10.0
3142850147,0.0,0.0,0.0,33.0,9.0,42.0
3142854017,0.0,0.0,0.0,10.0,334.0,344.0
3143270588,0.0,0.0,0.0,2.0,0.0,2.0
3143297617,0.0,0.0,0.0,1372.0,150.0,1522.0
3143311231,0.0,0.0,0.0,174.0,105.0,279.0
3143372325,0.0,0.0,0.0,8707.0,8738.0,17445.0
3143406408,0.0,0.0,0.0,805.0,326.0,1131.0
3143420631,0.0,0.0,0.0,166.0,51.0,217.0
3143424003,0.0,0.0,0.0,1200.0,165.0,1365.0
3143461869,0.0,0.0,0.0,95.0,7.0,102.0
3143508366,359.0,110.0,469.0,1003.0,448.0,1451.0
3143541016,0.0,0.0,0.0,24.0,6.0,30.0
3143682198,0.0,0.0,0.0,29.0,16.0,45.0
3143689167,0.0,0.0,0.0,1204.0,1131.0,2335.0
3143944164,0.0,0.0,0.0,45.0,39.0,84.0
3144015338,146.0,86.0,232.0,11529.0,633.0,12162.0
3144072008,0.0,0.0,0.0,70.0,4.0,74.0
3144090313,0.0,0.0,0.0,400.0,0.0,400.0
3144101754,0.0,0.0,0.0,1.0,1.0,2.0
3144308623,0.0,0.0,0.0,97.0,39.0,136.0
3144312641,0.0,0.0,0.0,249.0,73.0,322.0
3144380858,0.0,0.0,0.0,205.0,2.0,207.0
3144404133,0.0,0.0,0.0,39.0,14.0,53.0
3144417356,0.0,1.0,1.0,7.0,71.0,78.0
3144478740,0.0,0.0,0.0,72.0,7.0,79.0
3144500550,2.0,2.0,4.0,45.0,14.0,59.0
3144536079,0.0,0.0,0.0,40.0,12.0,52.0
3144703793,21.0,17.0,38.0,63.0,23.0,86.0
3144798631,0.0,0.0,0.0,548.0,3.0,551.0
3145058055,0.0,0.0,0.0,115.0,17.0,132.0
3145238894,0.0,0.0,0.0,68.0,20.0,88.0
3145358103,0.0,0.0,0.0,409.0,39.0,448.0
3145371522,0.0,0.0,0.0,159.0,85.0,244.0
3145373538,0.0,0.0,0.0,926.0,2.0,928.0
3145625420,0.0,0.0,0.0,1192.0,819.0,2011.0
3145676814,0.0,0.0,0.0,53.0,32.0,85.0
3145680961,0.0,0.0,0.0,136.0,136.0,272.0
3145702280,0.0,0.0,0.0,418.0,312.0,730.0
3145923591,0.0,0.0,0.0,3639.0,1076.0,4715.0
3146195868,0.0,0.0,0.0,32.0,2.0,34.0
3146210477,0.0,0.0,0.0,55.0,4.0,59.0
3146309608,0.0,0.0,0.0,13.0,11.0,24.0
3146309919,0.0,0.0,0.0,7.0,4.0,11.0
3146310178,0.0,0.0,0.0,3.0,1.0,4.0
3146314454,0.0,0.0,0.0,67.0,4.0,71.0
3146327415,0.0,0.0,0.0,546.0,9.0,555.0
3146327831,0.0,0.0,0.0,141.0,1.0,142.0
3146327924,0.0,0.0,0.0,99.0,42.0,141.0
3146328193,0.0,0.0,0.0,6.0,6.0,12.0
3146328365,0.0,0.0,0.0,69.0,0.0,69.0
3146329143,0.0,0.0,0.0,51.0,0.0,51.0
3146329354,0.0,0.0,0.0,81.0,3.0,84.0
3146332801,0.0,0.0,0.0,429.0,266.0,695.0
3146392650,0.0,0.0,0.0,3.0,1.0,4.0
3146843488,0.0,0.0,0.0,18.0,2.0,20.0
3146906214,8.0,0.0,8.0,194.0,9.0,203.0
3146907384,0.0,0.0,0.0,191.0,8.0,199.0
3146955761,0.0,0.0,0.0,36.0,21.0,57.0
3146963128,0.0,0.0,0.0,220.0,2.0,222.0
3147052092,0.0,0.0,0.0,178.0,2.0,180.0
3147110986,0.0,0.0,0.0,25.0,1.0,26.0
3147147049,0.0,0.0,0.0,97.0,0.0,97.0
3147153408,0.0,0.0,0.0,25.0,4.0,29.0
3147158866,0.0,0.0,0.0,283.0,0.0,283.0
3147161232,0.0,0.0,0.0,17.0,1.0,18.0
3147199711,0.0,0.0,0.0,323.0,53.0,376.0
3147266863,0.0,0.0,0.0,181.0,49.0,230.0
3147268350,0.0,0.0,0.0,1063.0,294.0,1357.0
3147300572,0.0,0.0,0.0,700.0,183.0,883.0
3147321747,0.0,0.0,0.0,23.0,10.0,33.0
3147421099,0.0,0.0,0.0,780.0,44.0,824.0
3147449966,0.0,0.0,0.0,211.0,53.0,264.0
3147721605,1.0,0.0,1.0,24.0,2.0,26.0
3147820985,0.0,0.0,0.0,45.0,2.0,47.0
3147827082,0.0,0.0,0.0,135.0,9.0,144.0
3147829054,0.0,0.0,0.0,219.0,20.0,239.0
3147839431,0.0,0.0,0.0,68.0,18.0,86.0
3147840719,0.0,0.0,0.0,82.0,0.0,82.0
3148054400,0.0,0.0,0.0,32.0,25.0,57.0
3148079157,123.0,147.0,270.0,1783.0,389.0,2172.0
3148089145,0.0,0.0,0.0,495.0,77.0,572.0
3148184085,0.0,0.0,0.0,671.0,1.0,672.0
3148204191,0.0,0.0,0.0,51.0,377.0,428.0
3148216316,0.0,0.0,0.0,351.0,5.0,356.0
3148248930,0.0,0.0,0.0,153.0,156.0,309.0
3148285881,2327.0,1334.0,3661.0,133.0,0.0,133.0
3148391336,216.0,1793.0,2009.0,335.0,29.0,364.0
3148512814,0.0,0.0,0.0,719.0,26.0,745.0
3148625705,0.0,0.0,0.0,15.0,1.0,16.0
3148815078,16.0,16.0,32.0,1122.0,816.0,1938.0
3148964389,0.0,0.0,0.0,231.0,0.0,231.0
3149038837,0.0,0.0,0.0,255.0,70.0,325.0
3149833124,0.0,0.0,0.0,6.0,6.0,12.0
3149839458,262.0,5.0,267.0,0.0,0.0,0.0
3150152410,0.0,0.0,0.0,1457.0,0.0,1457.0
3150279571,0.0,0.0,0.0,137.0,3.0,140.0
3150351692,10.0,10.0,20.0,81.0,23.0,104.0
3150393125,0.0,0.0,0.0,5.0,66.0,71.0
3150665460,0.0,0.0,0.0,4893.0,4887.0,9780.0
3150768290,0.0,0.0,0.0,2.0,4.0,6.0
3150780897,0.0,0.0,0.0,202.0,22.0,224.0
3150912798,0.0,0.0,0.0,121.0,36.0,157.0
3150960964,494.0,139.0,633.0,402.0,543.0,945.0
3151242547,0.0,0.0,0.0,247.0,1.0,248.0
3151335166,0.0,0.0,0.0,99.0,6.0,105.0
3151360963,0.0,0.0,0.0,10.0,1.0,11.0
3151403894,0.0,0.0,0.0,108.0,0.0,108.0
3151469750,0.0,0.0,0.0,583.0,357.0,940.0
3151493336,0.0,0.0,0.0,326.0,382.0,708.0
3151557823,0.0,0.0,0.0,206.0,4.0,210.0
3151712669,0.0,0.0,0.0,74.0,2.0,76.0
3151748196,0.0,0.0,0.0,583.0,162.0,745.0
3151753047,12.0,2.0,14.0,1937.0,699.0,2636.0
3151798896,20754.0,768.0,21522.0,29739.0,1301.0,31040.0
3151837966,0.0,0.0,0.0,823.0,44.0,867.0
3151873955,1400.0,997.0,2397.0,1.0,1.0,2.0
3151946493,0.0,0.0,0.0,122.0,48.0,170.0
3152227876,0.0,0.0,0.0,115.0,11.0,126.0
3152472726,0.0,0.0,0.0,16.0,11.0,27.0
3152714709,0.0,0.0,0.0,122.0,16.0,138.0
3152847691,0.0,0.0,0.0,3845.0,3079.0,6924.0
3152920023,0.0,0.0,0.0,693.0,12.0,705.0
3152988692,0.0,0.0,0.0,1815.0,13.0,1828.0
3153054303,0.0,0.0,0.0,80.0,1.0,81.0
3153148507,0.0,0.0,0.0,54.0,7.0,61.0
3153218899,2.0,0.0,2.0,2817.0,3519.0,6336.0
3153378527,2.0,27.0,29.0,0.0,0.0,0.0
3153675861,0.0,0.0,0.0,302.0,7.0,309.0
3153703742,0.0,0.0,0.0,274.0,4.0,278.0
3153710813,0.0,0.0,0.0,515.0,620.0,1135.0
3153748109,0.0,0.0,0.0,3120.0,1187.0,4307.0
3153749441,810.0,240.0,1050.0,3058.0,2859.0,5917.0
3153766844,0.0,0.0,0.0,29.0,78.0,107.0
3153767187,0.0,0.0,0.0,429.0,35.0,464.0
3154108264,0.0,0.0,0.0,338.0,21.0,359.0
3154144169,0.0,0.0,0.0,4.0,0.0,4.0
3154152287,0.0,0.0,0.0,344.0,29.0,373.0
3154236165,0.0,0.0,0.0,23.0,24.0,47.0
3154258674,97.0,64.0,161.0,372.0,125.0,497.0
3154331903,0.0,0.0,0.0,197.0,32.0,229.0
3154511133,0.0,0.0,0.0,2625.0,2623.0,5248.0
3154606547,100.0,44.0,144.0,298.0,1.0,299.0
3154729147,0.0,0.0,0.0,375.0,172.0,547.0
3154734636,0.0,0.0,0.0,2161.0,2.0,2163.0
3154756123,0.0,0.0,0.0,233.0,10.0,243.0
3154758729,0.0,0.0,0.0,180.0,97.0,277.0
3154770102,273.0,54.0,327.0,28826.0,771.0,29597.0
3154800493,0.0,0.0,0.0,17.0,6.0,23.0
3154816370,0.0,0.0,0.0,329.0,4.0,333.0
3154817280,0.0,0.0,0.0,280.0,14.0,294.0
3154817840,0.0,0.0,0.0,62.0,1.0,63.0
3154899801,0.0,0.0,0.0,38.0,36.0,74.0
3154906347,0.0,0.0,0.0,182.0,51.0,233.0
3154921173,0.0,0.0,0.0,67.0,11.0,78.0
3155033995,0.0,0.0,0.0,2624.0,2346.0,4970.0
3155034288,0.0,0.0,0.0,3620.0,2933.0,6553.0
3155034843,0.0,0.0,0.0,2072.0,1995.0,4067.0
3155121796,0.0,0.0,0.0,313.0,137.0,450.0
3155127737,0.0,0.0,0.0,59.0,24.0,83.0
3155143197,0.0,0.0,0.0,418.0,119.0,537.0
3155192151,0.0,0.0,0.0,90.0,0.0,90.0
3155310952,0.0,0.0,0.0,147.0,106.0,253.0
3155319500,0.0,0.0,0.0,237.0,37.0,274.0
3155319976,0.0,0.0,0.0,94.0,0.0,94.0
3155405606,0.0,0.0,0.0,222.0,1.0,223.0
3155685400,0.0,0.0,0.0,607.0,447.0,1054.0
3155774248,0.0,0.0,0.0,481.0,59.0,540.0
3155815373,0.0,0.0,0.0,96.0,49.0,145.0
3155881276,0.0,0.0,0.0,305.0,125.0,430.0
3155885652,0.0,0.0,0.0,4.0,0.0,4.0
3155889109,0.0,0.0,0.0,32.0,32.0,64.0
3155923412,5974.0,2780.0,8754.0,0.0,0.0,0.0
3156138201,0.0,0.0,0.0,731.0,0.0,731.0
3156177738,0.0,0.0,0.0,77.0,43.0,120.0
3156291643,0.0,0.0,0.0,963.0,307.0,1270.0
3156387866,0.0,0.0,0.0,1347.0,1253.0,2600.0
3156418108,0.0,0.0,0.0,42.0,17.0,59.0
3156431877,0.0,0.0,0.0,11.0,2.0,13.0
3156451435,0.0,0.0,0.0,304.0,72.0,376.0
3156938074,0.0,0.0,0.0,55.0,27.0,82.0
3156952451,0.0,0.0,0.0,1058.0,122.0,1180.0
3157225263,0.0,0.0,0.0,721.0,0.0,721.0
3157399266,0.0,0.0,0.0,24.0,52.0,76.0
3157471409,0.0,0.0,0.0,35.0,0.0,35.0
3157473209,0.0,0.0,0.0,54.0,1.0,55.0
3157520315,0.0,0.0,0.0,241.0,0.0,241.0
3157523410,0.0,0.0,0.0,96.0,83.0,179.0
3157555145,43.0,9.0,52.0,235.0,142.0,377.0
3157725479,0.0,0.0,0.0,75.0,22.0,97.0
3157756972,0.0,0.0,0.0,50.0,3.0,53.0
3157821559,0.0,0.0,0.0,152.0,45.0,197.0
3158034133,2.0,4.0,6.0,16.0,10.0,26.0
3158055227,0.0,0.0,0.0,49.0,0.0,49.0
3158099802,0.0,0.0,0.0,9.0,9.0,18.0
3158221585,0.0,0.0,0.0,505.0,9.0,514.0
3158240827,0.0,0.0,0.0,1052.0,8.0,1060.0
3158304414,0.0,0.0,0.0,326.0,283.0,609.0
3158347305,0.0,0.0,0.0,43.0,0.0,43.0
3158426121,0.0,0.0,0.0,24.0,3.0,27.0
3158500047,0.0,0.0,0.0,140.0,45.0,185.0
3158500341,0.0,0.0,0.0,691.0,6.0,697.0
3158584991,0.0,0.0,0.0,88.0,2.0,90.0
3158721634,0.0,0.0,0.0,11.0,12.0,23.0
3158731964,0.0,0.0,0.0,291.0,98.0,389.0
3158753983,0.0,0.0,0.0,8.0,1.0,9.0
3158776739,0.0,0.0,0.0,1452.0,52.0,1504.0
3158802702,148.0,146.0,294.0,1699.0,6.0,1705.0
3158805389,3.0,253.0,256.0,678.0,66.0,744.0
3158873801,0.0,0.0,0.0,1042.0,650.0,1692.0
3158908186,0.0,0.0,0.0,5.0,4.0,9.0
3158937469,0.0,0.0,0.0,107.0,1.0,108.0
3158969081,0.0,0.0,0.0,338.0,2.0,340.0
3159071519,0.0,0.0,0.0,375.0,23.0,398.0
3159100053,0.0,0.0,0.0,313.0,275.0,588.0
3159124752,0.0,0.0,0.0,18.0,10.0,28.0
3159178442,0.0,0.0,0.0,31.0,26.0,57.0
3159212731,0.0,0.0,0.0,1.0,1.0,2.0
3159398331,0.0,0.0,0.0,195.0,7.0,202.0
3159415433,0.0,0.0,0.0,132.0,9.0,141.0
3159580722,0.0,0.0,0.0,23.0,7.0,30.0
3159656825,0.0,0.0,0.0,3514.0,1315.0,4829.0
3159723274,0.0,0.0,0.0,8.0,5.0,13.0
3160353937,0.0,0.0,0.0,6.0,16.0,22.0
3160360374,0.0,0.0,0.0,80.0,24.0,104.0
3160590614,0.0,0.0,0.0,1440.0,7.0,1447.0
3160653118,394.0,41.0,435.0,605.0,1.0,606.0
3160672707,0.0,0.0,0.0,25.0,25.0,50.0
3160673058,0.0,0.0,0.0,135.0,1.0,136.0
3160932333,0.0,0.0,0.0,353.0,252.0,605.0
3160949988,0.0,0.0,0.0,71.0,30.0,101.0
3160974189,0.0,0.0,0.0,128.0,5.0,133.0
3160982346,0.0,0.0,0.0,267.0,1.0,268.0
3160997096,0.0,0.0,0.0,275.0,9.0,284.0
3161009617,18373.0,115.0,18488.0,13.0,18.0,31.0
3161011376,0.0,0.0,0.0,1398.0,112.0,1510.0
3161015713,0.0,0.0,0.0,17.0,7.0,24.0
3161130988,0.0,0.0,0.0,60.0,121.0,181.0
3161155289,0.0,0.0,0.0,48.0,0.0,48.0
3161179390,0.0,0.0,0.0,775.0,0.0,775.0
3161226190,0.0,0.0,0.0,1157.0,55.0,1212.0
3161407157,0.0,0.0,0.0,158.0,21.0,179.0
3161435594,0.0,0.0,0.0,300.0,6.0,306.0
3161478058,0.0,0.0,0.0,136.0,54.0,190.0
3161540724,0.0,0.0,0.0,2479.0,2441.0,4920.0
3161564098,0.0,0.0,0.0,560.0,0.0,560.0
3161570045,0.0,0.0,0.0,602.0,3.0,605.0
3161649548,0.0,0.0,0.0,1695.0,30.0,1725.0
3161682874,0.0,0.0,0.0,365.0,0.0,365.0
3161708496,0.0,0.0,0.0,368.0,1.0,369.0
3161744251,18.0,18.0,36.0,42.0,42.0,84.0
3161748928,0.0,0.0,0.0,952.0,9.0,961.0
3161998177,0.0,0.0,0.0,12.0,4.0,16.0
3162046213,0.0,0.0,0.0,9.0,4.0,13.0
3162088693,0.0,0.0,0.0,169.0,159.0,328.0
3162263131,35.0,1.0,36.0,2726.0,2346.0,5072.0
3162346531,0.0,0.0,0.0,3.0,3.0,6.0
3162485837,0.0,0.0,0.0,26.0,26.0,52.0
3162500791,0.0,0.0,0.0,7.0,1.0,8.0
3162624847,0.0,0.0,0.0,274.0,2.0,276.0
3163186785,0.0,0.0,0.0,27.0,12.0,39.0
3163189958,0.0,0.0,0.0,300.0,0.0,300.0
3163205877,0.0,0.0,0.0,4.0,0.0,4.0
3163243779,0.0,0.0,0.0,37.0,18.0,55.0
3163415789,125.0,85.0,210.0,88.0,58.0,146.0
3163607199,0.0,0.0,0.0,622.0,2.0,624.0
3163701378,0.0,0.0,0.0,4.0,0.0,4.0
3163704165,0.0,0.0,0.0,1068.0,20.0,1088.0
3163786071,1.0,24.0,25.0,103.0,271.0,374.0
3163792029,23.0,23.0,46.0,276.0,139.0,415.0
3163804247,0.0,0.0,0.0,641.0,37.0,678.0
3163863050,36.0,53.0,89.0,467.0,134.0,601.0
3164019328,28081.0,9956.0,38037.0,0.0,0.0,0.0
3164097352,0.0,0.0,0.0,248.0,182.0,430.0
3164197885,0.0,0.0,0.0,368.0,16.0,384.0
3164218259,0.0,0.0,0.0,15.0,10.0,25.0
3164310033,0.0,0.0,0.0,1873.0,195.0,2068.0
3164310659,0.0,0.0,0.0,4.0,3.0,7.0
3164312582,0.0,0.0,0.0,3.0,2.0,5.0
3164359864,0.0,0.0,0.0,272.0,39.0,311.0
3164366840,0.0,0.0,0.0,1128.0,178.0,1306.0
3164391666,0.0,0.0,0.0,16.0,5.0,21.0
3164405204,0.0,0.0,0.0,43.0,0.0,43.0
3164503419,0.0,0.0,0.0,1445.0,140.0,1585.0
3164516369,0.0,0.0,0.0,6.0,6.0,12.0
3164528420,0.0,0.0,0.0,96.0,9.0,105.0
3164558131,0.0,0.0,0.0,58.0,9.0,67.0
3164609589,0.0,0.0,0.0,2.0,1.0,3.0
3164619281,0.0,0.0,0.0,351.0,162.0,513.0
3164619696,46.0,69.0,115.0,177.0,219.0,396.0
3164620000,0.0,0.0,0.0,66.0,64.0,130.0
3164620580,0.0,0.0,0.0,120.0,11.0,131.0
3164661895,0.0,0.0,0.0,1127.0,11.0,1138.0
3164861006,244.0,293.0,537.0,3381.0,468.0,3849.0
3164888553,0.0,0.0,0.0,273.0,4.0,277.0
3164956727,0.0,0.0,0.0,190.0,42.0,232.0
3165093887,0.0,0.0,0.0,50.0,0.0,50.0
3165094657,0.0,0.0,0.0,159.0,0.0,159.0
3165096465,0.0,0.0,0.0,136.0,133.0,269.0
3165098830,0.0,0.0,0.0,438.0,1809.0,2247.0
3165213002,0.0,0.0,0.0,251.0,7.0,258.0
3165289823,0.0,0.0,0.0,238.0,16.0,254.0
3165323042,0.0,0.0,0.0,75.0,10.0,85.0
3165363367,0.0,0.0,0.0,268.0,261.0,529.0
3165382142,1.0,2.0,3.0,39.0,19.0,58.0
3165394546,0.0,0.0,0.0,465.0,39.0,504.0
3165440543,0.0,0.0,0.0,301.0,116.0,417.0
3165499150,0.0,0.0,0.0,965.0,112.0,1077.0
3165541895,0.0,0.0,0.0,56.0,529.0,585.0
3165558236,0.0,0.0,0.0,1567.0,166.0,1733.0
3165662397,0.0,0.0,0.0,26.0,2.0,28.0
3165677582,24.0,2.0,26.0,2471.0,1285.0,3756.0
3165684483,21.0,21.0,42.0,875.0,343.0,1218.0
3165697321,0.0,0.0,0.0,2653.0,120.0,2773.0
3165699507,0.0,0.0,0.0,4418.0,0.0,4418.0
3165722637,0.0,0.0,0.0,39.0,4.0,43.0
3165901392,0.0,0.0,0.0,280.0,0.0,280.0
3165990616,0.0,0.0,0.0,89.0,30.0,119.0
3166043633,0.0,0.0,0.0,72.0,16.0,88.0
3166072075,0.0,0.0,0.0,1.0,1.0,2.0
3166101393,0.0,0.0,0.0,154.0,2.0,156.0
3166124429,0.0,0.0,0.0,978.0,15.0,993.0
3166163340,0.0,0.0,0.0,122.0,23.0,145.0
3166183819,0.0,0.0,0.0,309.0,11.0,320.0
3166285250,0.0,0.0,0.0,1957.0,1926.0,3883.0
3166287915,0.0,0.0,0.0,1981.0,1965.0,3946.0
3166294470,0.0,0.0,0.0,74.0,61.0,135.0
3166296433,0.0,0.0,0.0,251.0,1.0,252.0
3166296623,0.0,0.0,0.0,285.0,14.0,299.0
3166380013,94.0,51.0,145.0,235.0,13.0,248.0
3166618227,0.0,0.0,0.0,26.0,3.0,29.0
3166703059,0.0,0.0,0.0,54.0,2.0,56.0
3166710563,9229.0,8563.0,17792.0,20856.0,887.0,21743.0
3166720968,51.0,1.0,52.0,0.0,0.0,0.0
3166864631,63.0,6.0,69.0,1464.0,432.0,1896.0
3166880168,0.0,0.0,0.0,204.0,431.0,635.0
3167220264,0.0,0.0,0.0,19.0,6.0,25.0
3167223032,37.0,21.0,58.0,0.0,0.0,0.0
3167247025,0.0,0.0,0.0,103.0,0.0,103.0
3167273719,95.0,107.0,202.0,2569.0,736.0,3305.0
3167293449,0.0,0.0,0.0,299.0,0.0,299.0
3167302708,0.0,0.0,0.0,335.0,0.0,335.0
3167462922,0.0,0.0,0.0,11.0,3.0,14.0
3167603002,0.0,0.0,0.0,402.0,28.0,430.0
3167627816,0.0,0.0,0.0,194.0,16.0,210.0
3167822364,0.0,0.0,0.0,115.0,165.0,280.0
3168132884,0.0,0.0,0.0,394.0,4.0,398.0
3168150319,0.0,0.0,0.0,157.0,18.0,175.0
3168217498,0.0,0.0,0.0,250.0,35.0,285.0
3168436876,0.0,0.0,0.0,1440.0,1.0,1441.0
3168521538,0.0,0.0,0.0,202.0,5.0,207.0
3168569644,0.0,0.0,0.0,1084.0,747.0,1831.0
3168612898,0.0,0.0,0.0,2.0,2.0,4.0
3168623396,95.0,78.0,173.0,349.0,228.0,577.0
3168626948,43.0,75.0,118.0,219.0,100.0,319.0
3168695693,0.0,0.0,0.0,32.0,27.0,59.0
3168708594,0.0,0.0,0.0,107.0,28.0,135.0
3168803023,0.0,0.0,0.0,2.0,2.0,4.0
3168803564,0.0,0.0,0.0,3.0,5.0,8.0
3168844975,0.0,0.0,0.0,15.0,11.0,26.0
3168934306,0.0,0.0,0.0,4.0,4.0,8.0
3168945096,0.0,0.0,0.0,506.0,31.0,537.0
3168979941,0.0,0.0,0.0,92.0,11.0,103.0
3169043242,0.0,0.0,0.0,215.0,174.0,389.0
3169050288,0.0,0.0,0.0,24.0,10.0,34.0
3169054009,0.0,0.0,0.0,69.0,23.0,92.0
3169069018,0.0,0.0,0.0,621.0,21.0,642.0
3169102437,0.0,0.0,0.0,576.0,271.0,847.0
3169108993,0.0,0.0,0.0,3.0,2.0,5.0
3169118920,0.0,0.0,0.0,86.0,51.0,137.0
3169142518,4.0,4.0,8.0,4575.0,41.0,4616.0
3169159037,0.0,0.0,0.0,28.0,1.0,29.0
3169187477,16.0,44.0,60.0,1.0,1.0,2.0
3169197980,0.0,0.0,0.0,291.0,0.0,291.0
3169212086,0.0,0.0,0.0,39.0,23.0,62.0
3169215423,0.0,0.0,0.0,181.0,10.0,191.0
3169219154,0.0,0.0,0.0,177.0,58.0,235.0
3169364885,0.0,0.0,0.0,105.0,19.0,124.0
3169383258,0.0,0.0,0.0,138.0,17.0,155.0
3169493710,0.0,0.0,0.0,450.0,17.0,467.0
3169504363,0.0,0.0,0.0,142.0,39.0,181.0
3169529285,0.0,0.0,0.0,143.0,104.0,247.0
3169578659,0.0,0.0,0.0,32.0,36.0,68.0
3169607617,0.0,0.0,0.0,463.0,411.0,874.0
3169619128,0.0,0.0,0.0,2086.0,427.0,2513.0
3169620759,0.0,0.0,0.0,235.0,187.0,422.0
3169801705,0.0,0.0,0.0,34.0,0.0,34.0
3169919867,0.0,0.0,0.0,40.0,12.0,52.0
3170056340,0.0,0.0,0.0,61.0,19.0,80.0
3170071914,0.0,0.0,0.0,383.0,79.0,462.0
3170282540,1.0,1.0,2.0,51.0,0.0,51.0
3170309460,0.0,0.0,0.0,1143.0,61.0,1204.0
3170483078,0.0,0.0,0.0,58.0,8.0,66.0
3170544938,0.0,0.0,0.0,429.0,53.0,482.0
3170760184,0.0,0.0,0.0,1.0,679.0,680.0
3171035963,0.0,0.0,0.0,14.0,10.0,24.0
3171284311,0.0,0.0,0.0,87.0,10.0,97.0
3171332332,0.0,0.0,0.0,83.0,11.0,94.0
3171382870,0.0,0.0,0.0,416.0,270.0,686.0
3171559766,0.0,0.0,0.0,190.0,47.0,237.0
3171974887,5.0,17.0,22.0,101.0,28.0,129.0
3172063081,2.0,3.0,5.0,2.0,2.0,4.0
3172177351,77.0,3.0,80.0,0.0,0.0,0.0
3172263787,0.0,0.0,0.0,12.0,0.0,12.0
3172267745,0.0,0.0,0.0,107.0,28.0,135.0
3172362186,0.0,0.0,0.0,2563.0,2679.0,5242.0
3172381881,0.0,0.0,0.0,300.0,221.0,521.0
3172450803,1.0,1.0,2.0,311.0,4.0,315.0
3172566371,0.0,0.0,0.0,699.0,73.0,772.0
3172616024,0.0,0.0,0.0,320.0,1.0,321.0
3172617064,0.0,0.0,0.0,454.0,0.0,454.0
3172620921,0.0,0.0,0.0,5629.0,124.0,5753.0
3172635187,125.0,125.0,250.0,996.0,291.0,1287.0
3172671566,0.0,0.0,0.0,141.0,14.0,155.0
3172681970,0.0,0.0,0.0,107.0,0.0,107.0
3172683435,0.0,0.0,0.0,11.0,46.0,57.0
3172683718,0.0,0.0,0.0,92.0,0.0,92.0
3172700026,0.0,0.0,0.0,202.0,193.0,395.0
3172715399,3.0,9.0,12.0,57.0,60.0,117.0
3172846336,0.0,0.0,0.0,270.0,19899.0,20169.0
3172928859,17.0,9.0,26.0,505.0,271.0,776.0
3172933734,0.0,0.0,0.0,334.0,157.0,491.0
3172940339,0.0,0.0,0.0,402.0,23.0,425.0
3172947096,0.0,0.0,0.0,1005.0,25.0,1030.0
3173027875,0.0,0.0,0.0,1601.0,0.0,1601.0
3173137078,0.0,0.0,0.0,55.0,1.0,56.0
3173180612,0.0,0.0,0.0,37.0,27.0,64.0
3173227548,0.0,0.0,0.0,1900.0,1894.0,3794.0
3173233374,1726.0,390.0,2116.0,338.0,30.0,368.0
3173269088,5.0,6.0,11.0,163.0,72.0,235.0
3173274092,0.0,0.0,0.0,339.0,188.0,527.0
3173280313,7.0,22.0,29.0,176.0,75.0,251.0
3173294473,0.0,0.0,0.0,51.0,1.0,52.0
3173301941,0.0,0.0,0.0,10.0,1.0,11.0
3173304702,0.0,0.0,0.0,3.0,1.0,4.0
3173305178,0.0,0.0,0.0,11.0,9.0,20.0
3173306744,0.0,0.0,0.0,32.0,0.0,32.0
3173308900,0.0,0.0,0.0,6.0,0.0,6.0
3173310249,0.0,0.0,0.0,105.0,6.0,111.0
3173312690,0.0,0.0,0.0,67.0,1.0,68.0
3173313834,0.0,0.0,0.0,49.0,2.0,51.0
3173323784,303.0,217.0,520.0,192.0,0.0,192.0
3173325969,0.0,0.0,0.0,1236.0,772.0,2008.0
3173368111,0.0,0.0,0.0,128.0,1.0,129.0
3173531582,0.0,0.0,0.0,976.0,319.0,1295.0
3173609778,9.0,14.0,23.0,440.0,186.0,626.0
3173691783,0.0,0.0,0.0,180.0,6.0,186.0
3173734154,0.0,0.0,0.0,10.0,6.0,16.0
3173751917,25.0,70.0,95.0,318.0,78.0,396.0
3173833658,22.0,10.0,32.0,152.0,0.0,152.0
3173856322,0.0,0.0,0.0,8.0,3.0,11.0
3174028458,0.0,0.0,0.0,383.0,0.0,383.0
3174040776,0.0,0.0,0.0,122.0,2.0,124.0
3174241239,0.0,0.0,0.0,1282.0,39.0,1321.0
3174274237,0.0,0.0,0.0,60.0,61.0,121.0
3174426695,0.0,0.0,0.0,3.0,18.0,21.0
3174428525,590.0,209.0,799.0,3656.0,1995.0,5651.0
3174468203,0.0,0.0,0.0,476.0,38.0,514.0
3174485957,0.0,0.0,0.0,611.0,52.0,663.0
3174545390,0.0,0.0,0.0,19.0,13.0,32.0
3174598000,175.0,27.0,202.0,121.0,0.0,121.0
3174604777,0.0,0.0,0.0,13.0,12.0,25.0
3174608575,0.0,0.0,0.0,25.0,1.0,26.0
3174617673,0.0,0.0,0.0,753.0,25.0,778.0
3174697157,0.0,0.0,0.0,150.0,4.0,154.0
3174718645,1898.0,824.0,2722.0,3086.0,496.0,3582.0
3174774896,0.0,0.0,0.0,162.0,3.0,165.0
3174979496,0.0,0.0,0.0,923.0,96.0,1019.0
3174999723,0.0,0.0,0.0,80.0,3.0,83.0
3175055580,221.0,844.0,1065.0,1866.0,20.0,1886.0
3175188468,397.0,223.0,620.0,295.0,137.0,432.0
3175189078,0.0,0.0,0.0,414.0,1.0,415.0
3175254454,0.0,0.0,0.0,1916.0,19.0,1935.0
3175557140,0.0,0.0,0.0,418.0,95.0,513.0
3175558732,0.0,0.0,0.0,445.0,52.0,497.0
3175574755,0.0,0.0,0.0,29.0,1.0,30.0
3175607758,0.0,0.0,0.0,6.0,1.0,7.0
3175721030,0.0,0.0,0.0,143.0,4.0,147.0
3175982931,0.0,0.0,0.0,1272.0,84.0,1356.0
3176059878,0.0,0.0,0.0,270.0,94.0,364.0
3176112066,0.0,0.0,0.0,427.0,202.0,629.0
3176233484,0.0,0.0,0.0,672.0,1.0,673.0
3176255193,16.0,39.0,55.0,39.0,11.0,50.0
3176305274,0.0,0.0,0.0,1195.0,940.0,2135.0
3176314900,0.0,0.0,0.0,270.0,230.0,500.0
3176319648,0.0,0.0,0.0,103.0,0.0,103.0
3176320310,0.0,0.0,0.0,301.0,14.0,315.0
3176320847,0.0,0.0,0.0,1086.0,25.0,1111.0
3176345172,0.0,0.0,0.0,69.0,1.0,70.0
3176363924,0.0,0.0,0.0,226.0,32.0,258.0
3176383827,0.0,0.0,0.0,142.0,1.0,143.0
3176436231,0.0,0.0,0.0,44.0,31.0,75.0
3176572345,0.0,0.0,0.0,1062.0,308.0,1370.0
3176615444,0.0,0.0,0.0,13.0,7.0,20.0
3176619382,0.0,0.0,0.0,1.0,0.0,1.0
3176645907,0.0,0.0,0.0,398.0,215.0,613.0
3176698273,0.0,0.0,0.0,746.0,425.0,1171.0
3176698537,0.0,0.0,0.0,26.0,2.0,28.0
3176701149,0.0,0.0,0.0,371.0,16.0,387.0
3176710395,0.0,0.0,0.0,19.0,19.0,38.0
3176710618,0.0,0.0,0.0,304.0,0.0,304.0
3176732963,95.0,49.0,144.0,109.0,30.0,139.0
3176808303,0.0,0.0,0.0,112.0,28.0,140.0
3176887903,0.0,0.0,0.0,1361.0,648.0,2009.0
3176892935,0.0,0.0,0.0,1758.0,0.0,1758.0
3176893823,0.0,0.0,0.0,12.0,5.0,17.0
3176895288,0.0,0.0,0.0,80.0,7.0,87.0
3176895436,0.0,0.0,0.0,582.0,91.0,673.0
3176895873,0.0,0.0,0.0,29.0,8.0,37.0
3176922585,0.0,0.0,0.0,27.0,4.0,31.0
3176981999,0.0,0.0,0.0,462.0,323.0,785.0
3177119690,0.0,0.0,0.0,7098.0,7656.0,14754.0
3177154359,0.0,0.0,0.0,1.0,19352.0,19353.0
3177155948,0.0,0.0,0.0,162.0,145.0,307.0
3177364810,0.0,0.0,0.0,1118.0,203.0,1321.0
3177497089,0.0,0.0,0.0,34.0,30.0,64.0
3177507819,0.0,0.0,0.0,165.0,0.0,165.0
3177511192,0.0,0.0,0.0,366.0,6.0,372.0
3177542199,0.0,0.0,0.0,2.0,12.0,14.0
3177562468,0.0,0.0,0.0,2.0,12.0,14.0
3177598538,0.0,0.0,0.0,685.0,368.0,1053.0
3177631556,0.0,0.0,0.0,319.0,67.0,386.0
3177631832,0.0,0.0,0.0,21.0,2.0,23.0
3177662558,0.0,143.0,143.0,174.0,3.0,177.0
3177715945,0.0,0.0,0.0,78.0,1.0,79.0
3177753579,0.0,0.0,0.0,485.0,228.0,713.0
3177784078,0.0,0.0,0.0,497.0,28.0,525.0
3177834191,0.0,0.0,0.0,136.0,2.0,138.0
3177938455,0.0,0.0,0.0,124.0,108.0,232.0
3178007458,0.0,0.0,0.0,1119.0,449.0,1568.0
3178130169,0.0,0.0,0.0,33.0,0.0,33.0
3178242104,0.0,0.0,0.0,48.0,1.0,49.0
3178586096,1.0,0.0,1.0,10.0,4.0,14.0
3178742060,13.0,93.0,106.0,384.0,7.0,391.0
3178951984,0.0,0.0,0.0,247.0,61.0,308.0
3179165014,0.0,0.0,0.0,5.0,3.0,8.0
3179177884,120.0,75.0,195.0,1470.0,28.0,1498.0
3179223984,0.0,0.0,0.0,447.0,2.0,449.0
3179227182,0.0,0.0,0.0,1137.0,0.0,1137.0
3179231014,0.0,0.0,0.0,1242.0,774.0,2016.0
3179244422,0.0,0.0,0.0,144.0,31.0,175.0
3179263604,0.0,0.0,0.0,92.0,63.0,155.0
3179352542,0.0,0.0,0.0,5.0,5.0,10.0
3179460425,0.0,0.0,0.0,512.0,114.0,626.0
3179467888,0.0,0.0,0.0,46.0,39.0,85.0
3179497496,243.0,259.0,502.0,351.0,67.0,418.0
3179554058,0.0,0.0,0.0,378.0,111.0,489.0
3179592457,0.0,0.0,0.0,87.0,0.0,87.0
3179634710,0.0,0.0,0.0,109.0,0.0,109.0
3179662130,0.0,0.0,0.0,54.0,13.0,67.0
3179683354,1.0,1.0,2.0,277.0,231.0,508.0
3179749937,0.0,0.0,0.0,2275.0,56.0,2331.0
3179766264,3.0,3.0,6.0,314.0,143.0,457.0
3179789341,0.0,0.0,0.0,32.0,26.0,58.0
3179789638,0.0,0.0,0.0,17.0,10.0,27.0
3179828414,0.0,0.0,0.0,5.0,9.0,14.0
3179895872,0.0,0.0,0.0,1097.0,0.0,1097.0
3179981594,0.0,0.0,0.0,201.0,146.0,347.0
3179998444,0.0,0.0,0.0,2941.0,1739.0,4680.0
3180163994,0.0,0.0,0.0,14.0,14.0,28.0
3180214596,0.0,0.0,0.0,60.0,77.0,137.0
3180324539,0.0,0.0,0.0,1357.0,2.0,1359.0
3180363547,0.0,0.0,0.0,608.0,231.0,839.0
3180400702,121.0,360.0,481.0,270.0,114.0,384.0
3180421041,0.0,0.0,0.0,331.0,331.0,662.0
3180433493,2.0,2.0,4.0,1768.0,1206.0,2974.0
3180443475,0.0,0.0,0.0,4.0,3.0,7.0
3180528026,0.0,0.0,0.0,84.0,4.0,88.0
3180733109,0.0,0.0,0.0,68.0,34.0,102.0
3180830949,0.0,0.0,0.0,71.0,43.0,114.0
3181043937,0.0,0.0,0.0,341.0,77.0,418.0
3181044499,0.0,0.0,0.0,3.0,0.0,3.0
3181161297,0.0,0.0,0.0,202.0,1104.0,1306.0
3181578456,12.0,12.0,24.0,411.0,256.0,667.0
3181694780,0.0,0.0,0.0,60.0,14.0,74.0
3182083992,0.0,0.0,0.0,890.0,792.0,1682.0
3182143440,0.0,0.0,0.0,1.0,2.0,3.0
3182154514,1239.0,338.0,1577.0,909.0,55.0,964.0
3182184191,0.0,0.0,0.0,188.0,58.0,246.0
3182273208,0.0,0.0,0.0,41.0,6.0,47.0
3182311227,0.0,0.0,0.0,1308.0,328.0,1636.0
3182406028,0.0,0.0,0.0,183.0,18.0,201.0
3182586514,0.0,0.0,0.0,794.0,5.0,799.0
3182594859,0.0,0.0,0.0,155.0,44.0,199.0
3182909166,0.0,0.0,0.0,16.0,9.0,25.0
3182916770,0.0,0.0,0.0,86.0,13.0,99.0
3183108512,0.0,0.0,0.0,71.0,21.0,92.0
3183200792,0.0,0.0,0.0,850.0,3.0,853.0
3183201625,0.0,0.0,0.0,146.0,17.0,163.0
3183255421,0.0,0.0,0.0,607.0,12.0,619.0
3183269369,0.0,0.0,0.0,161.0,158.0,319.0
3183315539,0.0,0.0,0.0,3424.0,6579.0,10003.0
3183320251,0.0,0.0,0.0,4.0,4.0,8.0
3183326458,0.0,0.0,0.0,1.0,1.0,2.0
3183386427,0.0,0.0,0.0,339.0,143.0,482.0
3183423955,0.0,0.0,0.0,29.0,2.0,31.0
3183450593,0.0,0.0,0.0,1263.0,0.0,1263.0
3183507416,0.0,0.0,0.0,3.0,1.0,4.0
3183686900,0.0,0.0,0.0,6.0,0.0,6.0
3183775420,0.0,0.0,0.0,52.0,5.0,57.0
3183787910,0.0,0.0,0.0,15.0,0.0,15.0
3183850517,0.0,0.0,0.0,72.0,0.0,72.0
3183851388,0.0,0.0,0.0,384.0,1.0,385.0
3183969965,0.0,0.0,0.0,679.0,99.0,778.0
3184028085,0.0,0.0,0.0,47.0,0.0,47.0
3184093078,6.0,8.0,14.0,41.0,1.0,42.0
3184133320,3.0,3.0,6.0,55.0,3.0,58.0
3184205146,0.0,0.0,0.0,574.0,1.0,575.0
3184226096,0.0,0.0,0.0,21.0,6.0,27.0
3184269634,1213.0,403.0,1616.0,984.0,161.0,1145.0
3184334960,0.0,157.0,157.0,216.0,0.0,216.0
3184430342,0.0,0.0,0.0,9.0,9.0,18.0
3184463362,0.0,0.0,0.0,286.0,169.0,455.0
3184470273,2.0,1.0,3.0,697.0,454.0,1151.0
3184478362,0.0,0.0,0.0,39.0,1.0,40.0
3184481552,0.0,0.0,0.0,216.0,3.0,219.0
3184677944,0.0,0.0,0.0,540.0,0.0,540.0
3184830641,0.0,0.0,0.0,56.0,13.0,69.0
3184899448,44.0,30.0,74.0,1194.0,277.0,1471.0
3185048797,0.0,0.0,0.0,584.0,161.0,745.0
3185187902,0.0,0.0,0.0,1084.0,768.0,1852.0
3185190199,0.0,0.0,0.0,287.0,37.0,324.0
3185197002,0.0,0.0,0.0,748.0,63.0,811.0
3185229849,3.0,3.0,6.0,20.0,2.0,22.0
3185241769,0.0,0.0,0.0,99.0,199.0,298.0
3185356100,0.0,0.0,0.0,23.0,19.0,42.0
3185449445,0.0,0.0,0.0,354.0,208.0,562.0
3185481932,0.0,0.0,0.0,333.0,244.0,577.0
3185497448,0.0,0.0,0.0,352.0,23.0,375.0
3185505776,58.0,47.0,105.0,244.0,0.0,244.0
3185547207,0.0,0.0,0.0,3743.0,108.0,3851.0
3185613862,0.0,0.0,0.0,207.0,0.0,207.0
3185651562,0.0,0.0,0.0,3.0,0.0,3.0
3185693407,26.0,44.0,70.0,672.0,425.0,1097.0
3185723605,0.0,0.0,0.0,633.0,391.0,1024.0
3185789444,0.0,0.0,0.0,294.0,36.0,330.0
3185852521,0.0,0.0,0.0,19.0,4.0,23.0
3185864164,0.0,0.0,0.0,69.0,26.0,95.0
3186154990,0.0,0.0,0.0,499.0,20.0,519.0
3186169437,0.0,0.0,0.0,2.0,2.0,4.0
3186252371,0.0,0.0,0.0,474.0,537.0,1011.0
3186309326,0.0,0.0,0.0,3.0,3.0,6.0
3186365121,0.0,0.0,0.0,71.0,8.0,79.0
3186370783,383.0,145.0,528.0,139.0,936.0,1075.0
3186447377,0.0,0.0,0.0,302.0,821.0,1123.0
3186534822,0.0,0.0,0.0,52.0,45.0,97.0
3186566543,0.0,0.0,0.0,254.0,514.0,768.0
3186579511,0.0,0.0,0.0,475.0,10.0,485.0
3186609240,102.0,207.0,309.0,317.0,40.0,357.0
3186642813,19.0,19.0,38.0,241.0,38.0,279.0
3186777284,0.0,0.0,0.0,294.0,25.0,319.0
3186828591,0.0,0.0,0.0,806.0,68.0,874.0
3187042132,0.0,0.0,0.0,597.0,22.0,619.0
3187113580,0.0,0.0,0.0,159.0,36.0,195.0
3187138592,0.0,0.0,0.0,29.0,21.0,50.0
3187149847,0.0,0.0,0.0,212.0,11.0,223.0
3187203236,13.0,159.0,172.0,341.0,4.0,345.0
3187206987,11.0,11.0,22.0,144.0,4.0,148.0
3187356802,0.0,0.0,0.0,46.0,5.0,51.0
3187381620,0.0,0.0,0.0,0.0,202.0,202.0
3187500910,0.0,0.0,0.0,620.0,11.0,631.0
3187625315,0.0,0.0,0.0,518.0,0.0,518.0
3187802886,0.0,0.0,0.0,8.0,7.0,15.0
3187845029,0.0,0.0,0.0,77.0,1.0,78.0
3187951702,0.0,0.0,0.0,97.0,2.0,99.0
3187961090,0.0,0.0,0.0,1.0,1.0,2.0
3187994326,0.0,0.0,0.0,82.0,0.0,82.0
3188012197,0.0,0.0,0.0,2063.0,517.0,2580.0
3188046855,0.0,0.0,0.0,526.0,168.0,694.0
3188106477,0.0,0.0,0.0,28.0,10.0,38.0
3188511182,0.0,0.0,0.0,134.0,0.0,134.0
3188535011,0.0,0.0,0.0,172.0,55.0,227.0
3188603337,0.0,0.0,0.0,23.0,3.0,26.0
3188877163,0.0,0.0,0.0,10.0,0.0,10.0
3188969889,0.0,0.0,0.0,41.0,36.0,77.0
3189024935,0.0,0.0,0.0,56.0,12.0,68.0
3189049757,0.0,0.0,0.0,756.0,74.0,830.0
3189054625,0.0,0.0,0.0,1138.0,228.0,1366.0
3189083580,0.0,0.0,0.0,591.0,5.0,596.0
3189114886,24.0,76.0,100.0,10.0,10.0,20.0
3189173871,0.0,0.0,0.0,594.0,654.0,1248.0
3189263416,0.0,0.0,0.0,822.0,260.0,1082.0
3189276011,0.0,0.0,0.0,43.0,15.0,58.0
3189489851,0.0,0.0,0.0,138.0,5.0,143.0
3189533000,0.0,0.0,0.0,76.0,5.0,81.0
3189533856,0.0,0.0,0.0,720.0,38.0,758.0
3189665176,0.0,0.0,0.0,76.0,0.0,76.0
3189724023,0.0,0.0,0.0,277.0,0.0,277.0
3189746698,0.0,0.0,0.0,8.0,8.0,16.0
3189762646,0.0,0.0,0.0,830.0,1047.0,1877.0
3189766514,0.0,0.0,0.0,1520.0,543.0,2063.0
3189792652,0.0,0.0,0.0,246.0,136.0,382.0
3189805672,0.0,0.0,0.0,308.0,138.0,446.0
3189807914,0.0,0.0,0.0,20.0,20.0,40.0
3189863486,0.0,0.0,0.0,131.0,0.0,131.0
3189930955,0.0,0.0,0.0,778.0,121.0,899.0
3190014984,4.0,4.0,8.0,46.0,1.0,47.0
3190067492,0.0,0.0,0.0,277.0,0.0,277.0
3190096484,0.0,0.0,0.0,15.0,6.0,21.0
3190223487,0.0,0.0,0.0,424.0,265.0,689.0
3190247691,0.0,0.0,0.0,783.0,33.0,816.0
3190258571,0.0,0.0,0.0,577.0,130.0,707.0
3190398427,0.0,0.0,0.0,580.0,6.0,586.0
3190424487,0.0,0.0,0.0,742.0,604.0,1346.0
3190514750,0.0,0.0,0.0,327.0,20.0,347.0
3190574318,0.0,0.0,0.0,21.0,5.0,26.0
3190580432,0.0,0.0,0.0,1.0,1.0,2.0
3190607828,0.0,0.0,0.0,838.0,1062.0,1900.0
3190608451,4495.0,2067.0,6562.0,350.0,99.0,449.0
3190653026,0.0,0.0,0.0,2295.0,9.0,2304.0
3190681974,29.0,29.0,58.0,0.0,0.0,0.0
3190742626,0.0,0.0,0.0,82.0,24.0,106.0
3190812449,0.0,0.0,0.0,365.0,26.0,391.0
3191025642,0.0,0.0,0.0,31.0,24.0,55.0
3191085425,0.0,0.0,0.0,753.0,69.0,822.0
3191173020,0.0,0.0,0.0,2.0,4.0,6.0
3191219671,0.0,0.0,0.0,166.0,20.0,186.0
3191233085,0.0,0.0,0.0,343.0,165.0,508.0
3191316979,0.0,0.0,0.0,633.0,618.0,1251.0
3191646788,0.0,0.0,0.0,169.0,12.0,181.0
3191658078,0.0,0.0,0.0,410.0,18.0,428.0
3191765353,0.0,0.0,0.0,98.0,34.0,132.0
3191909949,0.0,0.0,0.0,287.0,18.0,305.0
3192173517,0.0,0.0,0.0,354.0,2.0,356.0
3192180228,0.0,0.0,0.0,185.0,5.0,190.0
3192212731,0.0,0.0,0.0,538.0,220.0,758.0
3192276530,0.0,0.0,0.0,24.0,2.0,26.0
3192291444,0.0,0.0,0.0,1652.0,2.0,1654.0
3192477103,0.0,0.0,0.0,131.0,0.0,131.0
3192489182,0.0,0.0,0.0,3110.0,2847.0,5957.0
3192528013,0.0,0.0,0.0,232.0,626.0,858.0
3192688685,0.0,0.0,0.0,1160.0,7.0,1167.0
3192708224,0.0,0.0,0.0,1804.0,24.0,1828.0
3192752733,0.0,0.0,0.0,336.0,103.0,439.0
3192795499,0.0,0.0,0.0,35.0,2.0,37.0
3192931249,0.0,0.0,0.0,210.0,11.0,221.0
3192932539,0.0,0.0,0.0,1270.0,9.0,1279.0
3192936598,0.0,0.0,0.0,51.0,0.0,51.0
3192980020,0.0,0.0,0.0,102.0,48.0,150.0
3192997231,0.0,0.0,0.0,726.0,0.0,726.0
3193014390,0.0,0.0,0.0,476.0,84.0,560.0
3193162981,0.0,0.0,0.0,130.0,112.0,242.0
3193191315,0.0,0.0,0.0,44.0,88.0,132.0
3193295105,0.0,0.0,0.0,1412.0,396.0,1808.0
3193343081,0.0,0.0,0.0,173.0,28.0,201.0
3193358943,4.0,0.0,4.0,0.0,0.0,0.0
3193375945,0.0,0.0,0.0,68.0,4.0,72.0
3193379348,0.0,0.0,0.0,84.0,80.0,164.0
3193436698,20.0,20.0,40.0,136.0,1.0,137.0
3193441689,0.0,0.0,0.0,1566.0,8.0,1574.0
3193460822,0.0,0.0,0.0,22.0,6.0,28.0
3193464688,0.0,0.0,0.0,1603.0,13.0,1616.0
3193467739,0.0,0.0,0.0,38.0,0.0,38.0
3193533609,0.0,0.0,0.0,17.0,3.0,20.0
3193671126,0.0,0.0,0.0,270.0,236.0,506.0
3193698906,3.0,3.0,6.0,44.0,6.0,50.0
3193717614,0.0,0.0,0.0,194.0,0.0,194.0
3193777215,0.0,0.0,0.0,159.0,0.0,159.0
3193788638,0.0,0.0,0.0,275.0,0.0,275.0
3193800280,0.0,0.0,0.0,56.0,3.0,59.0
3193836747,0.0,0.0,0.0,1547.0,808.0,2355.0
3193857615,0.0,0.0,0.0,19493.0,19491.0,38984.0
3193924099,0.0,0.0,0.0,314.0,17.0,331.0
3193925214,0.0,0.0,0.0,1129.0,377.0,1506.0
3193929955,0.0,0.0,0.0,268.0,54.0,322.0
3194181334,0.0,0.0,0.0,523.0,371.0,894.0
3194210207,0.0,0.0,0.0,31.0,4.0,35.0
3194212498,0.0,0.0,0.0,138.0,5.0,143.0
3194236413,0.0,0.0,0.0,61.0,18.0,79.0
3194239581,1.0,16.0,17.0,28.0,10.0,38.0
3194387938,0.0,0.0,0.0,26.0,20.0,46.0
3194427966,0.0,0.0,0.0,1610.0,7860.0,9470.0
3194442530,0.0,0.0,0.0,711.0,0.0,711.0
3194507284,0.0,0.0,0.0,955.0,863.0,1818.0
3194511305,1080.0,449.0,1529.0,311.0,37.0,348.0
3194628843,0.0,0.0,0.0,280.0,21.0,301.0
3194637673,0.0,0.0,0.0,423.0,3.0,426.0
3194656871,0.0,0.0,0.0,247.0,127.0,374.0
3194803721,0.0,0.0,0.0,763.0,240.0,1003.0
3194873632,0.0,0.0,0.0,11.0,1.0,12.0
3194874368,0.0,0.0,0.0,850.0,14.0,864.0
3195073538,0.0,0.0,0.0,8.0,0.0,8.0
3195078514,0.0,0.0,0.0,210.0,2.0,212.0
3195102228,0.0,0.0,0.0,1.0,1.0,2.0
3195131810,0.0,0.0,0.0,126.0,18.0,144.0
3195187523,0.0,0.0,0.0,353.0,68.0,421.0
3195224502,0.0,0.0,0.0,929.0,96.0,1025.0
3195300873,0.0,0.0,0.0,132.0,70.0,202.0
3195365909,0.0,0.0,0.0,94.0,67.0,161.0
3195510189,32.0,91.0,123.0,205.0,64.0,269.0
3195621098,0.0,0.0,0.0,176.0,13.0,189.0
3195817470,0.0,0.0,0.0,946.0,946.0,1892.0
3195825058,0.0,0.0,0.0,49.0,2.0,51.0
3195826190,0.0,0.0,0.0,43.0,43.0,86.0
3195847025,0.0,0.0,0.0,341.0,83.0,424.0
3195953065,23.0,11.0,34.0,35.0,28.0,63.0
3195957785,5.0,3.0,8.0,6.0,5.0,11.0
3196037358,0.0,0.0,0.0,48.0,43.0,91.0
3196071489,0.0,0.0,0.0,595.0,224.0,819.0
3196103967,0.0,0.0,0.0,98.0,82.0,180.0
3196192171,0.0,0.0,0.0,236.0,227.0,463.0
3196193660,0.0,0.0,0.0,455.0,0.0,455.0
3196214574,0.0,0.0,0.0,840.0,497.0,1337.0
3196372669,0.0,0.0,0.0,1.0,0.0,1.0
3196415291,0.0,0.0,0.0,15.0,3.0,18.0
3196422867,0.0,0.0,0.0,45.0,1.0,46.0
3196423523,0.0,0.0,0.0,68.0,2.0,70.0
3196510307,256.0,114.0,370.0,3731.0,3192.0,6923.0
3196526198,0.0,0.0,0.0,212.0,75.0,287.0
3196526840,83.0,34.0,117.0,3375.0,1294.0,4669.0
3196537513,0.0,0.0,0.0,99.0,22.0,121.0
3196546520,0.0,0.0,0.0,968.0,95.0,1063.0
3196609446,0.0,0.0,0.0,6.0,5.0,11.0
3196745111,0.0,0.0,0.0,46.0,2.0,48.0
3196747495,0.0,0.0,0.0,616.0,390.0,1006.0
3196749405,0.0,0.0,0.0,112.0,38.0,150.0
3196793854,0.0,0.0,0.0,73.0,73.0,146.0
3196798034,0.0,0.0,0.0,925.0,502.0,1427.0
3196859024,2.0,2.0,4.0,139.0,31.0,170.0
3196885081,58.0,0.0,58.0,746.0,5.0,751.0
3196929641,0.0,0.0,0.0,1332.0,558.0,1890.0
3196988167,0.0,0.0,0.0,209.0,0.0,209.0
3196991617,0.0,0.0,0.0,1956.0,26.0,1982.0
3196997401,0.0,0.0,0.0,3405.0,2349.0,5754.0
3197014165,0.0,0.0,0.0,93.0,63.0,156.0
3197019965,0.0,0.0,0.0,435.0,30.0,465.0
3197034256,100.0,54.0,154.0,485.0,197.0,682.0
3197088553,0.0,0.0,0.0,65.0,1.0,66.0
3197098110,0.0,0.0,0.0,48.0,11.0,59.0
3197176906,0.0,0.0,0.0,1354.0,14.0,1368.0
3197204312,0.0,0.0,0.0,624.0,58.0,682.0
3197279228,0.0,0.0,0.0,54.0,43.0,97.0
3197289456,0.0,0.0,0.0,48.0,1.0,49.0
3197289597,0.0,0.0,0.0,2.0,2.0,4.0
3197334186,0.0,0.0,0.0,110.0,2.0,112.0
3197344409,389.0,3.0,392.0,0.0,0.0,0.0
3197436829,798.0,738.0,1536.0,812.0,983.0,1795.0
3197484474,0.0,0.0,0.0,181.0,72.0,253.0
3197528480,279.0,212.0,491.0,2930.0,57.0,2987.0
3197529602,125.0,69.0,194.0,2268.0,47.0,2315.0
3197748416,0.0,0.0,0.0,94.0,98.0,192.0
3197785109,0.0,1.0,1.0,11.0,2.0,13.0
3197843318,0.0,0.0,0.0,8.0,6.0,14.0
3197912748,4177.0,1812.0,5989.0,833.0,120.0,953.0
3197983076,105.0,104.0,209.0,34.0,21.0,55.0
3197983907,0.0,0.0,0.0,271.0,183.0,454.0
3197988976,0.0,0.0,0.0,33.0,0.0,33.0
3198030839,0.0,0.0,0.0,1480.0,6.0,1486.0
3198063528,0.0,0.0,0.0,431.0,84.0,515.0
3198187448,0.0,0.0,0.0,1569.0,938.0,2507.0
3198188365,0.0,0.0,0.0,2.0,2.0,4.0
3198268737,0.0,0.0,0.0,13.0,10.0,23.0
3198334973,0.0,0.0,0.0,433.0,103.0,536.0
3198441645,138.0,136.0,274.0,1121.0,681.0,1802.0
3198503850,0.0,0.0,0.0,3266.0,62.0,3328.0
3198587968,1291.0,977.0,2268.0,2250.0,37.0,2287.0
3198773156,1.0,1.0,2.0,438.0,364.0,802.0
3198797332,109.0,90.0,199.0,2447.0,41.0,2488.0
3198884579,0.0,0.0,0.0,15.0,6.0,21.0
3198922993,0.0,0.0,0.0,621.0,291.0,912.0
3199021188,0.0,0.0,0.0,4.0,6.0,10.0
3199035390,0.0,0.0,0.0,229.0,4.0,233.0
3199071386,0.0,0.0,0.0,197.0,4.0,201.0
3199090585,0.0,0.0,0.0,437.0,6.0,443.0
3199142271,0.0,0.0,0.0,1.0,1.0,2.0
3199299700,0.0,0.0,0.0,102.0,71.0,173.0
3199336821,0.0,0.0,0.0,79.0,66.0,145.0
3199453370,0.0,0.0,0.0,1528.0,23.0,1551.0
3199456360,0.0,0.0,0.0,1.0,1.0,2.0
3199574262,0.0,0.0,0.0,23.0,0.0,23.0
3199685425,0.0,0.0,0.0,54.0,35.0,89.0
3199789233,0.0,0.0,0.0,1620.0,1116.0,2736.0
3199811450,0.0,0.0,0.0,96.0,55.0,151.0
3199871502,0.0,0.0,0.0,169.0,2.0,171.0
3199875911,0.0,0.0,0.0,363.0,405.0,768.0
3199881418,0.0,0.0,0.0,415.0,395.0,810.0
3199909394,0.0,0.0,0.0,10.0,1.0,11.0
3199913753,0.0,0.0,0.0,130.0,1.0,131.0
3199929578,0.0,0.0,0.0,5.0,5.0,10.0
3200046653,1.0,6.0,7.0,8.0,0.0,8.0
3200093045,0.0,0.0,0.0,49.0,237.0,286.0
3200169620,0.0,0.0,0.0,38.0,0.0,38.0
3200171305,0.0,0.0,0.0,34.0,0.0,34.0
3200193418,0.0,0.0,0.0,13.0,4.0,17.0
3200219739,0.0,0.0,0.0,411.0,2.0,413.0
3200393827,246.0,47.0,293.0,378.0,2097.0,2475.0
3200398251,0.0,0.0,0.0,54.0,33.0,87.0
3200413496,0.0,0.0,0.0,163.0,32.0,195.0
3200575489,0.0,15.0,15.0,0.0,0.0,0.0
3200616481,0.0,0.0,0.0,2.0,1.0,3.0
3200632703,0.0,0.0,0.0,1029.0,139.0,1168.0
3200698874,0.0,0.0,0.0,560.0,1.0,561.0
3200712509,0.0,0.0,0.0,3854.0,943.0,4797.0
3200733870,0.0,0.0,0.0,241.0,8.0,249.0
3200960782,0.0,0.0,0.0,380.0,179.0,559.0
3201030081,0.0,0.0,0.0,525.0,0.0,525.0
3201061352,0.0,0.0,0.0,122.0,0.0,122.0
3201065177,0.0,0.0,0.0,307.0,59.0,366.0
3201101404,0.0,0.0,0.0,1042.0,44.0,1086.0
3201132802,0.0,0.0,0.0,286.0,1.0,287.0
3201180594,0.0,0.0,0.0,1.0,1.0,2.0
3201181526,0.0,0.0,0.0,1978.0,25.0,2003.0
3201182878,0.0,0.0,0.0,206.0,6.0,212.0
3201229725,101.0,90.0,191.0,589.0,5.0,594.0
3201504234,0.0,0.0,0.0,484.0,484.0,968.0
3201550077,0.0,0.0,0.0,511.0,274.0,785.0
3201567268,307.0,222.0,529.0,0.0,0.0,0.0
3201592153,105.0,47.0,152.0,92.0,7.0,99.0
3201677200,0.0,0.0,0.0,27.0,1.0,28.0
3201769355,0.0,0.0,0.0,2363.0,0.0,2363.0
3201910210,0.0,0.0,0.0,302.0,8.0,310.0
3202183787,0.0,0.0,0.0,3959.0,601.0,4560.0
3202326066,0.0,0.0,0.0,271.0,90.0,361.0
3202328272,0.0,0.0,0.0,108.0,37.0,145.0
3202538366,0.0,0.0,0.0,246.0,193.0,439.0
3202640068,0.0,0.0,0.0,103.0,11.0,114.0
3202647888,0.0,0.0,0.0,154.0,21.0,175.0
3202692899,0.0,0.0,0.0,3466.0,160.0,3626.0
3202720250,0.0,0.0,0.0,661.0,532.0,1193.0
3202743034,0.0,0.0,0.0,102.0,6.0,108.0
3202752567,0.0,0.0,0.0,947.0,0.0,947.0
3202845370,0.0,0.0,0.0,1.0,0.0,1.0
3202876885,0.0,0.0,0.0,53.0,3.0,56.0
3202896248,0.0,0.0,0.0,19.0,19.0,38.0
3202910942,0.0,0.0,0.0,176.0,1.0,177.0
3202996466,0.0,0.0,0.0,316.0,16.0,332.0
3203037939,0.0,0.0,0.0,445.0,0.0,445.0
3203142171,0.0,0.0,0.0,1036.0,0.0,1036.0
3203199475,0.0,0.0,0.0,38.0,3.0,41.0
3203240366,60.0,35.0,95.0,640.0,350.0,990.0
3203262102,1620.0,1366.0,2986.0,1557.0,1021.0,2578.0
3203303674,0.0,0.0,0.0,43.0,55.0,98.0
3203354777,0.0,0.0,0.0,30.0,1.0,31.0
3203390565,0.0,0.0,0.0,19.0,19.0,38.0
3203406376,0.0,0.0,0.0,108.0,70.0,178.0
3203439114,0.0,0.0,0.0,14.0,14.0,28.0
3203458460,0.0,0.0,0.0,1.0,9.0,10.0
3203475267,104.0,104.0,208.0,3.0,3.0,6.0
3203548150,34.0,3.0,37.0,150.0,183.0,333.0
3203674177,331.0,216.0,547.0,2956.0,1683.0,4639.0
3203773571,103.0,84.0,187.0,163.0,67.0,230.0
3203888759,0.0,0.0,0.0,251.0,111.0,362.0
3203892962,0.0,0.0,0.0,163.0,15.0,178.0
3203951710,0.0,0.0,0.0,443.0,36.0,479.0
3204217101,0.0,0.0,0.0,1984.0,748.0,2732.0
3204234091,9.0,0.0,9.0,364.0,154.0,518.0
3204367235,0.0,0.0,0.0,713.0,23.0,736.0
3204476682,0.0,0.0,0.0,1660.0,11.0,1671.0
3204478386,0.0,0.0,0.0,1305.0,3.0,1308.0
3204580271,0.0,0.0,0.0,2422.0,0.0,2422.0
3204689046,0.0,0.0,0.0,5.0,5.0,10.0
3204868403,0.0,0.0,0.0,659.0,45.0,704.0
3204875895,0.0,0.0,0.0,3335.0,41.0,3376.0
3204899544,0.0,0.0,0.0,230.0,25.0,255.0
3204901505,0.0,0.0,0.0,314.0,15.0,329.0
3204950565,495.0,377.0,872.0,1295.0,197.0,1492.0
3205273752,6960.0,0.0,6960.0,0.0,0.0,0.0
3205389818,0.0,0.0,0.0,253.0,80.0,333.0
3205497325,80.0,19.0,99.0,1351.0,231.0,1582.0
3205509170,0.0,0.0,0.0,669.0,274.0,943.0
3205542333,0.0,0.0,0.0,3215.0,716.0,3931.0
3205615159,0.0,0.0,0.0,211.0,310.0,521.0
3205629566,0.0,0.0,0.0,177.0,200.0,377.0
3205680860,8.0,233.0,241.0,978.0,586.0,1564.0
3205785202,0.0,0.0,0.0,18.0,29.0,47.0
3205839196,1755.0,403.0,2158.0,135.0,20.0,155.0
3205955913,0.0,0.0,0.0,16.0,14.0,30.0
3206020144,0.0,0.0,0.0,1527.0,1416.0,2943.0
3206119599,120.0,71.0,191.0,296.0,12.0,308.0
3206210159,3526.0,2111.0,5637.0,0.0,0.0,0.0
3206230540,0.0,0.0,0.0,275.0,44.0,319.0
3206231176,88.0,6.0,94.0,115.0,27.0,142.0
3206231303,0.0,0.0,0.0,3.0,24.0,27.0
3206340161,0.0,0.0,0.0,108.0,36.0,144.0
3206362852,0.0,0.0,0.0,21.0,4.0,25.0
3206405036,0.0,0.0,0.0,30.0,3.0,33.0
3206405282,0.0,0.0,0.0,2894.0,0.0,2894.0
3206405566,0.0,0.0,0.0,752.0,2.0,754.0
3206430645,0.0,0.0,0.0,9.0,0.0,9.0
3206444195,0.0,0.0,0.0,3916.0,2718.0,6634.0
3206451065,0.0,0.0,0.0,74.0,20.0,94.0
3206480526,0.0,0.0,0.0,506.0,249.0,755.0
3206520664,0.0,0.0,0.0,2278.0,0.0,2278.0
3206683054,0.0,0.0,0.0,928.0,99.0,1027.0
3206727533,0.0,0.0,0.0,422.0,18.0,440.0
3206816392,0.0,0.0,0.0,1.0,0.0,1.0
3206827602,0.0,0.0,0.0,44.0,8.0,52.0
3206834000,243.0,277.0,520.0,533.0,11.0,544.0
3206889625,0.0,0.0,0.0,5040.0,215.0,5255.0
3206997775,0.0,0.0,0.0,13.0,4.0,17.0
3207002118,0.0,0.0,0.0,124.0,4.0,128.0
3207019438,0.0,0.0,0.0,763.0,1.0,764.0
3207155296,0.0,0.0,0.0,412.0,20.0,432.0
3207158556,0.0,0.0,0.0,626.0,4.0,630.0
3207181192,0.0,0.0,0.0,93.0,16.0,109.0
3207231442,0.0,0.0,0.0,206.0,0.0,206.0
3207231488,0.0,0.0,0.0,600.0,34.0,634.0
3207300968,0.0,0.0,0.0,469.0,0.0,469.0
3207305473,0.0,0.0,0.0,1312.0,32.0,1344.0
3207351087,0.0,0.0,0.0,93.0,1.0,94.0
3207418997,0.0,0.0,0.0,242.0,2.0,244.0
3207419613,0.0,0.0,0.0,55.0,41.0,96.0
3207419884,0.0,0.0,0.0,452.0,146.0,598.0
3207573880,0.0,0.0,0.0,297.0,186.0,483.0
3207644886,0.0,0.0,0.0,254.0,2.0,256.0
3207729062,0.0,0.0,0.0,173.0,0.0,173.0
3207762911,0.0,0.0,0.0,2884.0,195.0,3079.0
3207765385,0.0,0.0,0.0,291.0,4.0,295.0
3207831434,0.0,0.0,0.0,2180.0,0.0,2180.0
3207888301,0.0,0.0,0.0,1007.0,346.0,1353.0
3207905993,230.0,0.0,230.0,0.0,0.0,0.0
3207909459,0.0,0.0,0.0,64.0,127.0,191.0
3207910026,219.0,1.0,220.0,0.0,0.0,0.0
3207914894,289.0,3.0,292.0,0.0,0.0,0.0
3207921071,126.0,236.0,362.0,0.0,0.0,0.0
3207938060,49.0,19.0,68.0,117.0,82.0,199.0
3207970070,0.0,0.0,0.0,6.0,6.0,12.0
3208129291,0.0,0.0,0.0,993.0,75.0,1068.0
3208130662,0.0,0.0,0.0,15.0,6.0,21.0
3208154686,0.0,0.0,0.0,495.0,0.0,495.0
3208198363,0.0,0.0,0.0,7.0,1.0,8.0
3208215869,0.0,0.0,0.0,54.0,1.0,55.0
3208317450,0.0,0.0,0.0,148.0,19.0,167.0
3208320625,0.0,0.0,0.0,159.0,27.0,186.0
3208366231,0.0,0.0,0.0,92.0,29.0,121.0
3208433023,0.0,0.0,0.0,148.0,25.0,173.0
3208434203,0.0,0.0,0.0,80.0,1.0,81.0
3208544571,0.0,0.0,0.0,174.0,27.0,201.0
3208545494,0.0,0.0,0.0,102.0,1.0,103.0
3208548860,0.0,0.0,0.0,337.0,214.0,551.0
3208551048,0.0,0.0,0.0,72.0,5.0,77.0
3208687179,0.0,0.0,0.0,101.0,51.0,152.0
3209113966,0.0,0.0,0.0,4.0,58.0,62.0
3209288102,0.0,0.0,0.0,125.0,65.0,190.0
3209336162,0.0,0.0,0.0,126.0,62.0,188.0
3209369602,0.0,0.0,0.0,6.0,6.0,12.0
3209405794,0.0,0.0,0.0,166.0,0.0,166.0
3209448267,0.0,0.0,0.0,3177.0,3073.0,6250.0
3209482702,0.0,0.0,0.0,11.0,11.0,22.0
3209491770,5.0,0.0,5.0,482.0,232.0,714.0
3209606836,0.0,0.0,0.0,349.0,333.0,682.0
3209647114,0.0,0.0,0.0,367.0,29.0,396.0
3209661206,0.0,0.0,0.0,27.0,27.0,54.0
3209703127,0.0,0.0,0.0,23.0,21.0,44.0
3209723205,413.0,57.0,470.0,3727.0,61.0,3788.0
3209724233,2.0,2.0,4.0,856.0,498.0,1354.0
3209745551,85.0,48.0,133.0,116.0,35.0,151.0
3209766600,0.0,0.0,0.0,661.0,640.0,1301.0
3209796838,0.0,0.0,0.0,386.0,132.0,518.0
3209797547,302.0,53.0,355.0,215.0,29.0,244.0
3209809556,0.0,0.0,0.0,1819.0,142.0,1961.0
3209838352,0.0,0.0,0.0,956.0,28.0,984.0
3209849017,0.0,0.0,0.0,56.0,47.0,103.0
3209861533,0.0,0.0,0.0,578.0,399.0,977.0
3209876264,0.0,0.0,0.0,293.0,92.0,385.0
3209906078,0.0,0.0,0.0,18.0,2.0,20.0
3209908129,0.0,0.0,0.0,172.0,33.0,205.0
3209908234,0.0,0.0,0.0,132.0,3.0,135.0
3209926289,1614.0,433.0,2047.0,0.0,0.0,0.0
3209986350,0.0,0.0,0.0,218.0,29.0,247.0
3209991607,0.0,0.0,0.0,72.0,33.0,105.0
3210046280,0.0,0.0,0.0,282.0,6.0,288.0
3210106949,0.0,0.0,0.0,17.0,7.0,24.0
3210147166,0.0,0.0,0.0,5.0,12.0,17.0
3210150656,0.0,0.0,0.0,153.0,225.0,378.0
3210192218,0.0,0.0,0.0,2803.0,690.0,3493.0
3210239309,0.0,0.0,0.0,2513.0,2409.0,4922.0
3210294287,61.0,58.0,119.0,1041.0,79.0,1120.0
3210321906,0.0,0.0,0.0,181.0,126.0,307.0
3210327689,0.0,0.0,0.0,707.0,64.0,771.0
3210354303,0.0,0.0,0.0,582.0,79.0,661.0
3210400633,0.0,0.0,0.0,703.0,6.0,709.0
3210682652,0.0,0.0,0.0,35986.0,8348.0,44334.0
3210688776,4.0,0.0,4.0,0.0,0.0,0.0
3210713346,0.0,0.0,0.0,82.0,1.0,83.0
3210760092,6.0,6.0,12.0,1147.0,0.0,1147.0
3210776113,0.0,0.0,0.0,62.0,12.0,74.0
3210785381,0.0,0.0,0.0,66.0,6.0,72.0
3210823906,0.0,0.0,0.0,135.0,2.0,137.0
3210844014,0.0,0.0,0.0,11.0,0.0,11.0
3210894434,0.0,0.0,0.0,4.0,0.0,4.0
3210930666,0.0,0.0,0.0,1688.0,12.0,1700.0
3210960716,0.0,66.0,66.0,167.0,42.0,209.0
3211069690,0.0,0.0,0.0,1905.0,61.0,1966.0
3211069935,0.0,0.0,0.0,96.0,54.0,150.0
3211093970,0.0,0.0,0.0,97.0,2.0,99.0
3211097293,0.0,0.0,0.0,44.0,20.0,64.0
3211100509,0.0,0.0,0.0,656.0,17.0,673.0
3211101810,0.0,0.0,0.0,83.0,24.0,107.0
3211203822,0.0,0.0,0.0,57.0,0.0,57.0
3211366985,0.0,0.0,0.0,62.0,2.0,64.0
3211676477,0.0,0.0,0.0,305.0,61.0,366.0
3211770505,0.0,0.0,0.0,228.0,85.0,313.0
3211887609,0.0,0.0,0.0,72.0,1.0,73.0
3211901051,0.0,0.0,0.0,55.0,1.0,56.0
3211943706,0.0,0.0,0.0,904.0,215.0,1119.0
3211974330,0.0,0.0,0.0,97.0,3.0,100.0
3212298491,0.0,0.0,0.0,429.0,160.0,589.0
3212306696,0.0,0.0,0.0,133.0,37.0,170.0
3212397880,0.0,0.0,0.0,7.0,5.0,12.0
3212626331,477.0,9.0,486.0,0.0,0.0,0.0
3212835513,26.0,21.0,47.0,181.0,14.0,195.0
3212844012,0.0,0.0,0.0,1387.0,3.0,1390.0
3212934391,0.0,0.0,0.0,53.0,31.0,84.0
3212961701,0.0,0.0,0.0,6372.0,956.0,7328.0
3213041896,0.0,0.0,0.0,2576.0,109.0,2685.0
3213048977,1.0,0.0,1.0,114.0,55.0,169.0
3213049909,0.0,0.0,0.0,44.0,0.0,44.0
3213060128,168.0,116.0,284.0,222.0,116.0,338.0
3213210874,0.0,0.0,0.0,42.0,5.0,47.0
3213303702,0.0,0.0,0.0,18024.0,19989.0,38013.0
3213331017,0.0,0.0,0.0,1.0,1.0,2.0
3213355798,0.0,0.0,0.0,7.0,6.0,13.0
3213365700,0.0,0.0,0.0,270.0,0.0,270.0
3213370706,0.0,0.0,0.0,395.0,262.0,657.0
3213453299,0.0,0.0,0.0,2206.0,0.0,2206.0
3213826108,222.0,210.0,432.0,86.0,40.0,126.0
3214018368,0.0,0.0,0.0,984.0,191.0,1175.0
3214034125,0.0,0.0,0.0,965.0,513.0,1478.0
3214086292,0.0,0.0,0.0,1395.0,1225.0,2620.0
3214305078,0.0,0.0,0.0,52.0,0.0,52.0
3214308844,0.0,0.0,0.0,308.0,112.0,420.0
3214340478,19846.0,24515.0,44361.0,0.0,0.0,0.0
3214443028,5.0,1.0,6.0,3.0,1.0,4.0
3214469484,5.0,1.0,6.0,38.0,2.0,40.0
3214477918,0.0,0.0,0.0,192.0,36.0,228.0
3214536211,0.0,0.0,0.0,384.0,134.0,518.0
3214575974,0.0,0.0,0.0,343.0,39.0,382.0
3214815470,0.0,0.0,0.0,56.0,47.0,103.0
3214924127,0.0,0.0,0.0,286.0,236.0,522.0
3214979934,0.0,0.0,0.0,77.0,4.0,81.0
3214991418,0.0,0.0,0.0,1.0,1.0,2.0
3215049221,0.0,0.0,0.0,360.0,0.0,360.0
3215059146,0.0,0.0,0.0,208.0,0.0,208.0
3215073469,0.0,0.0,0.0,10.0,0.0,10.0
3215080972,0.0,0.0,0.0,86.0,89.0,175.0
3215114764,9.0,8.0,17.0,132.0,96.0,228.0
3215190396,0.0,0.0,0.0,1.0,0.0,1.0
3215274152,0.0,0.0,0.0,60.0,6.0,66.0
3215350963,0.0,0.0,0.0,1047.0,0.0,1047.0
3215375260,0.0,0.0,0.0,142.0,27.0,169.0
3215616396,0.0,0.0,0.0,432.0,0.0,432.0
3215653426,0.0,0.0,0.0,198.0,55.0,253.0
3215730319,70.0,21.0,91.0,190.0,4.0,194.0
3215733335,0.0,0.0,0.0,66.0,61.0,127.0
3215738276,0.0,0.0,0.0,244.0,9.0,253.0
3215761683,0.0,0.0,0.0,22.0,10.0,32.0
3215766505,0.0,0.0,0.0,1.0,1.0,2.0
3215800618,0.0,0.0,0.0,1357.0,394.0,1751.0
3215964049,0.0,0.0,0.0,106.0,0.0,106.0
3215992008,43.0,288.0,331.0,840.0,427.0,1267.0
3216175364,0.0,0.0,0.0,539.0,1.0,540.0
3216208267,0.0,0.0,0.0,20.0,11.0,31.0
3216257115,13.0,13.0,26.0,138.0,33.0,171.0
3216324404,0.0,0.0,0.0,4197.0,494.0,4691.0
3216334940,0.0,0.0,0.0,40.0,29.0,69.0
3216373575,0.0,0.0,0.0,146.0,242.0,388.0
3216405361,0.0,0.0,0.0,77.0,11.0,88.0
3216407461,0.0,0.0,0.0,530.0,216.0,746.0
3216466129,0.0,0.0,0.0,4.0,1.0,5.0
3216594701,0.0,0.0,0.0,119.0,7.0,126.0
3216635521,0.0,0.0,0.0,64.0,17.0,81.0
3216646414,0.0,0.0,0.0,2642.0,6.0,2648.0
3217417909,46.0,33.0,79.0,811.0,60.0,871.0
3217639693,0.0,0.0,0.0,98.0,4.0,102.0
3217653120,0.0,0.0,0.0,8.0,2.0,10.0
3217653404,0.0,0.0,0.0,632.0,366.0,998.0
3217654347,0.0,0.0,0.0,459.0,25.0,484.0
3217756799,0.0,0.0,0.0,2.0,1.0,3.0
3217771787,621.0,4613.0,5234.0,5597.0,682.0,6279.0
3217778645,0.0,0.0,0.0,317.0,306.0,623.0
3217841934,0.0,0.0,0.0,247.0,23.0,270.0
3218192250,0.0,0.0,0.0,1054.0,895.0,1949.0
3218205312,31.0,9.0,40.0,11.0,2.0,13.0
3218281539,0.0,0.0,0.0,35.0,28.0,63.0
3218361480,0.0,0.0,0.0,37.0,21.0,58.0
3218463719,0.0,0.0,0.0,64.0,0.0,64.0
3218468393,0.0,0.0,0.0,632.0,0.0,632.0
3218486387,2.0,2.0,4.0,102.0,33.0,135.0
3218534257,0.0,0.0,0.0,46.0,1.0,47.0
3218536077,0.0,0.0,0.0,172.0,15.0,187.0
3218536647,0.0,0.0,0.0,110.0,99.0,209.0
3218649310,0.0,0.0,0.0,26.0,27.0,53.0
3218738651,0.0,0.0,0.0,1.0,1.0,2.0
3218905095,0.0,0.0,0.0,51.0,0.0,51.0
3219022194,0.0,0.0,0.0,172.0,0.0,172.0
3219083731,0.0,0.0,0.0,457.0,40.0,497.0
3219088212,298.0,0.0,298.0,0.0,0.0,0.0
3219102497,1.0,48.0,49.0,866.0,1390.0,2256.0
3219114950,0.0,0.0,0.0,131.0,32.0,163.0
3219169922,0.0,0.0,0.0,41.0,9.0,50.0
3219203139,0.0,0.0,0.0,393.0,157.0,550.0
3219210709,0.0,0.0,0.0,12.0,1.0,13.0
3219406613,0.0,0.0,0.0,4.0,0.0,4.0
3219559675,0.0,0.0,0.0,322.0,43.0,365.0
3219603517,0.0,0.0,0.0,2827.0,2445.0,5272.0
3219610150,0.0,0.0,0.0,18.0,0.0,18.0
3219698523,0.0,0.0,0.0,36.0,32.0,68.0
3219752616,0.0,0.0,0.0,88.0,2.0,90.0
3219766312,0.0,0.0,0.0,9.0,6.0,15.0
3219884699,0.0,0.0,0.0,387.0,49.0,436.0
3219922210,0.0,0.0,0.0,131.0,1.0,132.0
3220047065,0.0,0.0,0.0,3712.0,72.0,3784.0
3220050539,0.0,0.0,0.0,2546.0,45.0,2591.0
3220062262,0.0,0.0,0.0,725.0,65.0,790.0
3220127712,0.0,0.0,0.0,14.0,0.0,14.0
3220129828,0.0,0.0,0.0,136.0,2.0,138.0
3220195624,0.0,0.0,0.0,12.0,6.0,18.0
3220206182,0.0,0.0,0.0,396.0,247.0,643.0
3220213800,0.0,0.0,0.0,39.0,2507.0,2546.0
3220261935,0.0,0.0,0.0,1433.0,86.0,1519.0
3220271126,0.0,0.0,0.0,108.0,19.0,127.0
3220342988,0.0,0.0,0.0,328.0,28.0,356.0
3220383872,0.0,0.0,0.0,11.0,11.0,22.0
3220393301,97.0,170.0,267.0,138.0,13.0,151.0
3220416353,3.0,3.0,6.0,28.0,7.0,35.0
3220549111,0.0,0.0,0.0,164.0,113.0,277.0
3220550394,0.0,0.0,0.0,217.0,147.0,364.0
3220628275,0.0,0.0,0.0,345.0,0.0,345.0
3220657817,1.0,1.0,2.0,89.0,23.0,112.0
3220673790,0.0,0.0,0.0,15.0,0.0,15.0
3220982656,0.0,0.0,0.0,554.0,86.0,640.0
3221043102,142.0,180.0,322.0,11578.0,16356.0,27934.0
3221049488,0.0,0.0,0.0,1396.0,1396.0,2792.0
3221059598,473.0,410.0,883.0,653.0,313.0,966.0
3221166299,0.0,0.0,0.0,864.0,34.0,898.0
3221235980,70.0,37.0,107.0,207.0,26.0,233.0
3221278458,5.0,0.0,5.0,1197.0,660.0,1857.0
3221328642,0.0,0.0,0.0,1192.0,873.0,2065.0
3221377266,0.0,0.0,0.0,1762.0,18.0,1780.0
3221411520,197.0,159.0,356.0,2163.0,5.0,2168.0
3221420026,0.0,0.0,0.0,8.0,3.0,11.0
3221627962,7.0,583.0,590.0,1311.0,412.0,1723.0
3221647449,12829.0,1008.0,13837.0,3064.0,225.0,3289.0
3221709161,276.0,348.0,624.0,395.0,6.0,401.0
3221728322,0.0,0.0,0.0,984.0,0.0,984.0
3221802471,3.0,1.0,4.0,216.0,3.0,219.0
3221806132,0.0,0.0,0.0,181.0,0.0,181.0
3221808149,0.0,0.0,0.0,258.0,20.0,278.0
3221900086,0.0,0.0,0.0,164.0,71.0,235.0
3221977522,0.0,0.0,0.0,101.0,4.0,105.0
3222017344,0.0,0.0,0.0,775.0,2649.0,3424.0
3222177133,0.0,0.0,0.0,1068.0,12.0,1080.0
3222206015,0.0,0.0,0.0,1.0,1.0,2.0
3222212117,0.0,0.0,0.0,1935.0,20158.0,22093.0
3222230421,0.0,0.0,0.0,6.0,11.0,17.0
3222238867,0.0,0.0,0.0,285.0,28.0,313.0
3222253029,0.0,0.0,0.0,210.0,53.0,263.0
3222268735,1082.0,0.0,1082.0,0.0,0.0,0.0
3222405821,0.0,0.0,0.0,54.0,5.0,59.0
3222408174,0.0,0.0,0.0,135.0,31.0,166.0
3222441952,2.0,2.0,4.0,36.0,19.0,55.0
3222461022,0.0,0.0,0.0,5.0,5.0,10.0
3222463688,0.0,0.0,0.0,3.0,3.0,6.0
3222486069,0.0,0.0,0.0,8.0,3.0,11.0
3222487070,0.0,0.0,0.0,232.0,106.0,338.0
3222513822,0.0,0.0,0.0,79.0,55.0,134.0
3222537930,0.0,0.0,0.0,47.0,13.0,60.0
3222577402,0.0,0.0,0.0,21.0,5.0,26.0
3222603070,0.0,0.0,0.0,0.0,53.0,53.0
3222715857,0.0,0.0,0.0,96.0,18.0,114.0
3222790638,0.0,0.0,0.0,933.0,1.0,934.0
3222841302,3790.0,284.0,4074.0,416.0,194.0,610.0
3222893514,0.0,0.0,0.0,1223.0,24.0,1247.0
3222995485,271.0,353.0,624.0,455.0,148.0,603.0
3223005137,0.0,0.0,0.0,1.0,1.0,2.0
3223018023,0.0,0.0,0.0,38.0,1.0,39.0
3223063338,0.0,0.0,0.0,561.0,195.0,756.0
3223072540,0.0,0.0,0.0,39.0,18.0,57.0
3223177403,0.0,0.0,0.0,55.0,14.0,69.0
3223204084,0.0,0.0,0.0,28.0,2.0,30.0
3223281368,0.0,0.0,0.0,1931.0,1468.0,3399.0
3223296699,0.0,0.0,0.0,37.0,30.0,67.0
3223299360,0.0,0.0,0.0,20.0,2.0,22.0
3223308256,0.0,0.0,0.0,994.0,12.0,1006.0
3223349599,0.0,0.0,0.0,602.0,602.0,1204.0
3223412595,0.0,0.0,0.0,311.0,13.0,324.0
3223450582,0.0,0.0,0.0,543.0,53.0,596.0
3223500843,0.0,0.0,0.0,823.0,0.0,823.0
3223501908,0.0,0.0,0.0,855.0,49.0,904.0
3223518588,0.0,0.0,0.0,60.0,49.0,109.0
3223522886,0.0,0.0,0.0,780.0,74.0,854.0
3223586211,43.0,42.0,85.0,107.0,32.0,139.0
3223606246,0.0,0.0,0.0,296.0,11.0,307.0
3223608568,18.0,185.0,203.0,585.0,350.0,935.0
3223609660,0.0,0.0,0.0,55.0,2.0,57.0
3223618488,29.0,18.0,47.0,569.0,24.0,593.0
3223618559,0.0,0.0,0.0,222.0,146.0,368.0
3223625763,0.0,0.0,0.0,145.0,84.0,229.0
3223666167,0.0,0.0,0.0,378.0,324.0,702.0
3224245761,0.0,0.0,0.0,99.0,27.0,126.0
3224514991,0.0,0.0,0.0,2.0,6.0,8.0
3224521068,0.0,0.0,0.0,107.0,0.0,107.0
3224573615,0.0,0.0,0.0,423.0,5.0,428.0
3224590973,0.0,0.0,0.0,71.0,2.0,73.0
3224614751,0.0,0.0,0.0,87.0,0.0,87.0
3224631703,0.0,0.0,0.0,68.0,22.0,90.0
3224825503,0.0,0.0,0.0,580.0,510.0,1090.0
3224857167,291.0,240.0,531.0,1852.0,640.0,2492.0
3224869104,0.0,0.0,0.0,34.0,4.0,38.0
3224873352,0.0,0.0,0.0,138.0,3.0,141.0
3224959696,0.0,0.0,0.0,22.0,23.0,45.0
3225259487,0.0,0.0,0.0,698.0,6.0,704.0
3225310809,18.0,37.0,55.0,32.0,0.0,32.0
3225400623,11.0,9.0,20.0,872.0,192.0,1064.0
3225420842,0.0,6.0,6.0,266.0,5.0,271.0
3225421674,0.0,0.0,0.0,356.0,69.0,425.0
3225553072,0.0,0.0,0.0,25.0,8.0,33.0
3225554906,0.0,0.0,0.0,140.0,64.0,204.0
3225582142,138.0,125.0,263.0,184.0,68.0,252.0
3225594099,0.0,0.0,0.0,49.0,22.0,71.0
3225630597,0.0,0.0,0.0,38.0,0.0,38.0
3225756286,0.0,0.0,0.0,424.0,97.0,521.0
3225792685,176.0,428.0,604.0,2229.0,230.0,2459.0
3225953715,0.0,0.0,0.0,39.0,0.0,39.0
3225967102,0.0,0.0,0.0,525.0,6.0,531.0
3225973402,0.0,0.0,0.0,1.0,2.0,3.0
3225981072,0.0,0.0,0.0,10.0,2.0,12.0
3226009558,0.0,0.0,0.0,238.0,0.0,238.0
3226012556,0.0,0.0,0.0,547.0,80.0,627.0
3226043406,831.0,841.0,1672.0,4232.0,3924.0,8156.0
3226124489,0.0,0.0,0.0,42.0,1.0,43.0
3226149137,0.0,0.0,0.0,395.0,43.0,438.0
3226175596,93.0,139.0,232.0,1169.0,456.0,1625.0
3226177127,0.0,0.0,0.0,932.0,200.0,1132.0
3226214505,0.0,0.0,0.0,1205.0,0.0,1205.0
3226217517,0.0,0.0,0.0,2133.0,12.0,2145.0
3226257632,0.0,0.0,0.0,2931.0,0.0,2931.0
3226277258,0.0,0.0,0.0,412.0,304.0,716.0
3226278223,0.0,0.0,0.0,83.0,54.0,137.0
3226278349,0.0,0.0,0.0,93.0,38.0,131.0
3226341897,0.0,0.0,0.0,314.0,268.0,582.0
3226401427,0.0,0.0,0.0,41.0,18.0,59.0
3226434542,0.0,0.0,0.0,307.0,119.0,426.0
3226445635,0.0,0.0,0.0,1243.0,2.0,1245.0
3226516567,0.0,0.0,0.0,513.0,440.0,953.0
3226517119,0.0,0.0,0.0,868.0,4.0,872.0
3226519927,0.0,0.0,0.0,667.0,58.0,725.0
3226534612,0.0,0.0,0.0,212.0,34.0,246.0
3226543839,0.0,0.0,0.0,378.0,25.0,403.0
3226603595,0.0,0.0,0.0,274.0,8.0,282.0
3226627949,0.0,0.0,0.0,583.0,99.0,682.0
3226644014,0.0,0.0,0.0,59.0,8.0,67.0
3226713871,0.0,0.0,0.0,1385.0,0.0,1385.0
3226715971,0.0,0.0,0.0,1557.0,1184.0,2741.0
3226728754,0.0,0.0,0.0,266.0,203.0,469.0
3226754320,0.0,0.0,0.0,46.0,17.0,63.0
3226763449,24.0,28.0,52.0,103.0,8.0,111.0
3226788461,0.0,0.0,0.0,82.0,77.0,159.0
3226791643,0.0,0.0,0.0,346.0,8.0,354.0
3226800461,137.0,3391.0,3528.0,6810.0,197.0,7007.0
3226805360,0.0,0.0,0.0,65.0,2.0,67.0
3226806559,0.0,0.0,0.0,15373.0,14.0,15387.0
3226808033,0.0,0.0,0.0,339.0,240.0,579.0
3226831249,0.0,0.0,0.0,334.0,53.0,387.0
3226833880,0.0,0.0,0.0,222.0,114.0,336.0
3226836037,0.0,0.0,0.0,359.0,0.0,359.0
3227075336,0.0,0.0,0.0,15.0,2.0,17.0
3227079148,0.0,0.0,0.0,140.0,0.0,140.0
3227079489,0.0,0.0,0.0,113.0,30.0,143.0
3227134715,0.0,0.0,0.0,72.0,13.0,85.0
3227146331,387.0,387.0,774.0,6.0,6.0,12.0
3227190659,0.0,0.0,0.0,842.0,2.0,844.0
3227271477,0.0,0.0,0.0,1656.0,1647.0,3303.0
3227275032,0.0,0.0,0.0,1141.0,1136.0,2277.0
3227366420,0.0,0.0,0.0,77.0,68.0,145.0
3227381137,0.0,0.0,0.0,153.0,8.0,161.0
3227452081,0.0,0.0,0.0,581.0,599.0,1180.0
3227679621,0.0,0.0,0.0,623.0,51.0,674.0
3227719579,0.0,0.0,0.0,300.0,225.0,525.0
3227787585,0.0,0.0,0.0,2139.0,1.0,2140.0
3227846541,0.0,0.0,0.0,15.0,1.0,16.0
3227896964,0.0,0.0,0.0,14.0,0.0,14.0
3227913078,0.0,0.0,0.0,124.0,6.0,130.0
3227941715,0.0,0.0,0.0,130.0,6.0,136.0
3228093183,0.0,0.0,0.0,331.0,32.0,363.0
3228289580,0.0,0.0,0.0,260.0,29.0,289.0
3228354430,0.0,0.0,0.0,30.0,7.0,37.0
3228763432,26.0,12.0,38.0,359.0,7.0,366.0
3228764972,586.0,1074.0,1660.0,1569.0,285.0,1854.0
3228765594,0.0,0.0,0.0,132.0,20.0,152.0
3228845028,0.0,0.0,0.0,2428.0,1241.0,3669.0
3228875697,0.0,0.0,0.0,2.0,1.0,3.0
3228988766,0.0,0.0,0.0,435.0,244.0,679.0
3229011182,0.0,0.0,0.0,295.0,232.0,527.0
3229017477,0.0,0.0,0.0,576.0,576.0,1152.0
3229019016,0.0,0.0,0.0,3873.0,3554.0,7427.0
3229082088,0.0,0.0,0.0,203.0,4.0,207.0
3229102583,0.0,0.0,0.0,1152.0,1152.0,2304.0
3229160527,70.0,70.0,140.0,667.0,623.0,1290.0
3229176248,0.0,0.0,0.0,34.0,1.0,35.0
3229197605,0.0,0.0,0.0,13.0,13.0,26.0
3229251226,0.0,0.0,0.0,2.0,2.0,4.0
3229357656,0.0,0.0,0.0,29.0,19.0,48.0
3229400382,0.0,0.0,0.0,123.0,76.0,199.0
3229562614,0.0,0.0,0.0,1183.0,5.0,1188.0
3229628332,0.0,0.0,0.0,166.0,0.0,166.0
3229725186,0.0,0.0,0.0,156.0,5.0,161.0
3229732955,0.0,0.0,0.0,3127.0,456.0,3583.0
3229934750,0.0,0.0,0.0,15.0,43.0,58.0
3229959019,0.0,0.0,0.0,32.0,84.0,116.0
3230250225,10.0,10.0,20.0,494.0,40.0,534.0
3230272935,0.0,0.0,0.0,5.0,4.0,9.0
3230281893,0.0,0.0,0.0,712.0,262.0,974.0
3230351703,10476.0,27927.0,38403.0,0.0,69.0,69.0
3230373836,0.0,0.0,0.0,405.0,0.0,405.0
3230389168,0.0,0.0,0.0,364.0,210.0,574.0
3230424222,0.0,0.0,0.0,292.0,85.0,377.0
3230529031,66.0,132.0,198.0,2246.0,997.0,3243.0
3230548625,0.0,0.0,0.0,394.0,133.0,527.0
3230555212,0.0,0.0,0.0,429.0,157.0,586.0
3230595231,2.0,2.0,4.0,286.0,67.0,353.0
3230596302,0.0,0.0,0.0,21.0,1.0,22.0
3230596562,0.0,0.0,0.0,59.0,36.0,95.0
3230603640,0.0,0.0,0.0,37.0,37.0,74.0
3230603903,0.0,0.0,0.0,485.0,172.0,657.0
3230657224,15.0,15.0,30.0,900.0,25.0,925.0
3230688490,0.0,0.0,0.0,40.0,17.0,57.0
3230708925,0.0,0.0,0.0,17.0,53.0,70.0
3230709333,0.0,0.0,0.0,37.0,0.0,37.0
3230714709,0.0,0.0,0.0,54.0,1.0,55.0
3230720468,0.0,0.0,0.0,350.0,88.0,438.0
3230727859,0.0,0.0,0.0,29.0,0.0,29.0
3230729390,0.0,0.0,0.0,31.0,17.0,48.0
3230759180,0.0,0.0,0.0,9.0,3.0,12.0
3230828970,0.0,0.0,0.0,230.0,3.0,233.0
3230879398,0.0,0.0,0.0,338.0,162.0,500.0
3230882046,0.0,0.0,0.0,457.0,98.0,555.0
3230922085,0.0,0.0,0.0,917.0,1019.0,1936.0
3230990710,0.0,0.0,0.0,783.0,611.0,1394.0
3231247633,0.0,0.0,0.0,135.0,135.0,270.0
3231259535,0.0,0.0,0.0,93.0,6.0,99.0
3231269305,0.0,0.0,0.0,504.0,90.0,594.0
3231319881,0.0,0.0,0.0,64.0,32.0,96.0
3231339205,0.0,0.0,0.0,915.0,3.0,918.0
3231548516,0.0,0.0,0.0,43.0,7.0,50.0
3231573988,0.0,0.0,0.0,1047.0,1.0,1048.0
3231613528,0.0,0.0,0.0,148.0,1.0,149.0
3231648461,0.0,0.0,0.0,327.0,4.0,331.0
3231648781,17.0,46.0,63.0,627.0,103.0,730.0
3231652557,27.0,153.0,180.0,1254.0,733.0,1987.0
3231720206,498.0,475.0,973.0,0.0,0.0,0.0
3231934199,0.0,0.0,0.0,31.0,52.0,83.0
3231934716,0.0,0.0,0.0,46.0,46.0,92.0
3231935854,0.0,0.0,0.0,133.0,56.0,189.0
3231936090,0.0,0.0,0.0,8.0,4.0,12.0
3231937509,0.0,0.0,0.0,32.0,19.0,51.0
3231939914,0.0,0.0,0.0,22.0,7.0,29.0
3231946113,0.0,0.0,0.0,241.0,234.0,475.0
3231947579,0.0,0.0,0.0,50.0,14.0,64.0
3231948361,0.0,0.0,0.0,115.0,51.0,166.0
3231949586,2702.0,545.0,3247.0,0.0,0.0,0.0
3231950376,10112.0,1131.0,11243.0,157.0,285.0,442.0
3231951012,12919.0,2189.0,15108.0,157.0,285.0,442.0
3231951656,15721.0,2543.0,18264.0,157.0,285.0,442.0
3231952364,18229.0,3193.0,21422.0,157.0,285.0,442.0
3231953027,19667.0,3291.0,22958.0,0.0,0.0,0.0
3231953757,22190.0,3676.0,25866.0,0.0,0.0,0.0
3231954470,24741.0,4076.0,28817.0,0.0,0.0,0.0
3231955292,24741.0,4162.0,28903.0,0.0,0.0,0.0
3232150852,0.0,0.0,0.0,73.0,57.0,130.0
3232185257,0.0,0.0,0.0,11790.0,4.0,11794.0
3232202968,0.0,0.0,0.0,897.0,6.0,903.0
3232348180,0.0,0.0,0.0,381.0,271.0,652.0
3232518760,0.0,0.0,0.0,556.0,13.0,569.0
3232542994,0.0,0.0,0.0,2.0,2.0,4.0
3232624358,0.0,0.0,0.0,399.0,1.0,400.0
3232638132,0.0,0.0,0.0,126.0,3.0,129.0
3232644031,0.0,0.0,0.0,389.0,4.0,393.0
3232655665,0.0,0.0,0.0,2.0,5.0,7.0
3232671397,0.0,0.0,0.0,2420.0,27.0,2447.0
3232672090,0.0,0.0,0.0,950.0,635.0,1585.0
3232717651,0.0,0.0,0.0,20.0,3.0,23.0
3232731143,0.0,0.0,0.0,1.0,1.0,2.0
3232826145,0.0,0.0,0.0,44.0,1.0,45.0
3232844270,739.0,354.0,1093.0,5781.0,1224.0,7005.0
3233201952,0.0,0.0,0.0,3273.0,1061.0,4334.0
3233286812,0.0,0.0,0.0,1802.0,827.0,2629.0
3233527581,0.0,0.0,0.0,694.0,19.0,713.0
3233672464,0.0,0.0,0.0,25.0,1.0,26.0
3233850732,0.0,0.0,0.0,1388.0,845.0,2233.0
3234026322,466.0,266.0,732.0,226.0,1.0,227.0
3234040738,0.0,0.0,0.0,559.0,61.0,620.0
3234061012,0.0,0.0,0.0,439.0,159.0,598.0
3234115546,6.0,6.0,12.0,283.0,22.0,305.0
3234164558,0.0,0.0,0.0,45.0,4.0,49.0
3234182132,19.0,17.0,36.0,76.0,75.0,151.0
3234200031,0.0,0.0,0.0,516.0,20.0,536.0
3234207351,0.0,0.0,0.0,1068.0,12.0,1080.0
3234207865,0.0,0.0,0.0,18.0,14.0,32.0
3234229310,0.0,0.0,0.0,325.0,11.0,336.0
3234253127,0.0,0.0,0.0,208.0,77.0,285.0
3234254286,0.0,0.0,0.0,639.0,142.0,781.0
3234257351,3.0,3.0,6.0,448.0,10.0,458.0
3234257837,0.0,0.0,0.0,2222.0,11.0,2233.0
3234278576,0.0,0.0,0.0,193.0,5.0,198.0
3234322879,0.0,0.0,0.0,29.0,28.0,57.0
3234328843,0.0,0.0,0.0,281.0,73.0,354.0
3234387620,30.0,12.0,42.0,552.0,25.0,577.0
3234480284,27.0,15.0,42.0,398.0,301.0,699.0
3234501505,0.0,0.0,0.0,43.0,12.0,55.0
3234650797,2.0,2.0,4.0,1297.0,2351.0,3648.0
3234652462,0.0,0.0,0.0,40.0,1.0,41.0
3234660269,1724.0,743.0,2467.0,5775.0,2247.0,8022.0
3234708546,0.0,0.0,0.0,7.0,73.0,80.0
3234710075,537.0,90.0,627.0,1265.0,392.0,1657.0
3234816295,0.0,0.0,0.0,399.0,0.0,399.0
3234816520,0.0,0.0,0.0,1.0,1.0,2.0
3234889538,0.0,208.0,208.0,1316.0,386.0,1702.0
3234904891,0.0,0.0,0.0,1893.0,675.0,2568.0
3234973989,0.0,0.0,0.0,1754.0,2366.0,4120.0
3235022042,0.0,0.0,0.0,3055.0,1727.0,4782.0
3235041361,0.0,0.0,0.0,35.0,5.0,40.0
3235055290,0.0,0.0,0.0,16.0,8.0,24.0
3235082376,0.0,0.0,0.0,113.0,0.0,113.0
3235116501,0.0,0.0,0.0,3.0,86.0,89.0
3235190981,0.0,0.0,0.0,159.0,3.0,162.0
3235219394,0.0,0.0,0.0,139.0,5.0,144.0
3235225544,0.0,0.0,0.0,271.0,0.0,271.0
3235301897,0.0,0.0,0.0,19.0,3.0,22.0
3235313514,0.0,0.0,0.0,5.0,1.0,6.0
3235374043,0.0,0.0,0.0,7.0,3.0,10.0
3235395709,0.0,0.0,0.0,21.0,7.0,28.0
3235399600,0.0,0.0,0.0,10.0,4.0,14.0
3235449791,0.0,0.0,0.0,161.0,54.0,215.0
3235498524,0.0,0.0,0.0,156.0,5.0,161.0
3235701551,0.0,0.0,0.0,94.0,23.0,117.0
3235702407,0.0,0.0,0.0,19.0,2.0,21.0
3235765325,0.0,0.0,0.0,62.0,10.0,72.0
3235792700,0.0,0.0,0.0,19.0,15.0,34.0
3235820229,177.0,162.0,339.0,556.0,176.0,732.0
3235928576,311.0,236.0,547.0,0.0,0.0,0.0
3236030119,0.0,0.0,0.0,126.0,110.0,236.0
3236075721,0.0,0.0,0.0,350.0,337.0,687.0
3236103026,0.0,0.0,0.0,106.0,9.0,115.0
3236107202,0.0,0.0,0.0,54.0,19.0,73.0
3236114322,0.0,0.0,0.0,555.0,155.0,710.0
3236131306,3.0,0.0,3.0,295.0,3.0,298.0
3236144651,0.0,0.0,0.0,848.0,5.0,853.0
3236161704,0.0,0.0,0.0,250.0,1.0,251.0
3236171682,0.0,0.0,0.0,36.0,26.0,62.0
3236210481,0.0,0.0,0.0,26.0,0.0,26.0
3236225298,0.0,0.0,0.0,18.0,0.0,18.0
3236233165,0.0,0.0,0.0,6.0,3.0,9.0
3236306681,130.0,12.0,142.0,129.0,45.0,174.0
3236312807,0.0,0.0,0.0,338.0,26.0,364.0
3236314925,0.0,0.0,0.0,10.0,6.0,16.0
3236315986,0.0,0.0,0.0,96.0,1.0,97.0
3236322044,43.0,17.0,60.0,244.0,48.0,292.0
3236322926,0.0,0.0,0.0,27.0,8.0,35.0
3236323150,0.0,0.0,0.0,253.0,11.0,264.0
3236323443,0.0,0.0,0.0,8.0,6.0,14.0
3236325849,0.0,0.0,0.0,315.0,0.0,315.0
3236325867,0.0,0.0,0.0,944.0,468.0,1412.0
3236326288,0.0,0.0,0.0,87.0,35.0,122.0
3236326340,0.0,0.0,0.0,393.0,102.0,495.0
3236326596,0.0,0.0,0.0,39.0,36.0,75.0
3236327722,0.0,0.0,0.0,336.0,57.0,393.0
3236432696,0.0,0.0,0.0,7.0,5.0,12.0
3236515423,0.0,0.0,0.0,75.0,654.0,729.0
3236543436,2.0,1.0,3.0,43.0,36.0,79.0
3236551508,7.0,6.0,13.0,73.0,38.0,111.0
3236556646,3.0,3.0,6.0,30.0,0.0,30.0
3236557541,0.0,0.0,0.0,35.0,35.0,70.0
3237301213,0.0,0.0,0.0,89.0,1.0,90.0
3237648547,0.0,0.0,0.0,20.0,10.0,30.0
3237656374,0.0,0.0,0.0,85.0,78.0,163.0
3237703446,0.0,0.0,0.0,351.0,67.0,418.0
3237827925,0.0,0.0,0.0,47.0,8.0,55.0
3237835287,0.0,0.0,0.0,62.0,14.0,76.0
3237862514,99.0,189.0,288.0,341.0,102.0,443.0
3237885331,0.0,0.0,0.0,122.0,122.0,244.0
3237935468,0.0,0.0,0.0,2821.0,2481.0,5302.0
3237965606,0.0,0.0,0.0,2.0,228.0,230.0
3237983392,0.0,0.0,0.0,2221.0,52.0,2273.0
3238057382,0.0,0.0,0.0,30.0,22.0,52.0
3238111966,0.0,0.0,0.0,415.0,46.0,461.0
3238188890,0.0,0.0,0.0,1.0,0.0,1.0
3238232687,0.0,0.0,0.0,5.0,6.0,11.0
3238286297,0.0,0.0,0.0,234.0,92.0,326.0
3238301472,0.0,0.0,0.0,114.0,61.0,175.0
3238330931,660.0,19.0,679.0,0.0,0.0,0.0
3238444749,0.0,0.0,0.0,127.0,1.0,128.0
3238483606,0.0,0.0,0.0,149.0,3.0,152.0
3238491477,22.0,2.0,24.0,0.0,0.0,0.0
3238523554,0.0,0.0,0.0,194.0,11.0,205.0
3238626702,149.0,10.0,159.0,0.0,0.0,0.0
3238680606,0.0,0.0,0.0,134.0,84.0,218.0
3238704789,0.0,0.0,0.0,317.0,86.0,403.0
3238753353,0.0,0.0,0.0,4770.0,0.0,4770.0
3238773850,0.0,0.0,0.0,82.0,0.0,82.0
3238853538,0.0,0.0,0.0,18.0,11.0,29.0
3238869981,0.0,0.0,0.0,244.0,0.0,244.0
3238888848,0.0,0.0,0.0,121.0,2.0,123.0
3238911335,0.0,0.0,0.0,224.0,199.0,423.0
3238929100,0.0,0.0,0.0,53.0,4.0,57.0
3238958692,0.0,0.0,0.0,361.0,4.0,365.0
3238991224,0.0,0.0,0.0,120.0,57.0,177.0
3239301332,0.0,0.0,0.0,761.0,6.0,767.0
3239395784,0.0,0.0,0.0,3.0,3.0,6.0
3239465760,0.0,0.0,0.0,560.0,31.0,591.0
3239490011,0.0,0.0,0.0,345.0,2.0,347.0
3239530372,0.0,0.0,0.0,183.0,999.0,1182.0
3239564957,0.0,0.0,0.0,922.0,7.0,929.0
3239585277,0.0,0.0,0.0,272.0,1.0,273.0
3239609997,0.0,0.0,0.0,680.0,6.0,686.0
3239623244,0.0,0.0,0.0,103.0,56.0,159.0
3239733526,5.0,8.0,13.0,59.0,30.0,89.0
3239945909,0.0,0.0,0.0,22.0,4.0,26.0
3240248542,1.0,1.0,2.0,154.0,78.0,232.0
3240293949,1.0,1.0,2.0,35.0,19.0,54.0
3240350831,0.0,0.0,0.0,240.0,164.0,404.0
3240515147,0.0,0.0,0.0,1364.0,995.0,2359.0
3240738542,0.0,0.0,0.0,292.0,178.0,470.0
3240741513,0.0,0.0,0.0,337.0,75.0,412.0
3240784232,0.0,0.0,0.0,5321.0,312.0,5633.0
3240935078,0.0,0.0,0.0,551.0,0.0,551.0
3241012029,0.0,0.0,0.0,615.0,46.0,661.0
3241089784,0.0,0.0,0.0,51.0,8.0,59.0
3241305284,14.0,26.0,40.0,38.0,10.0,48.0
3241328871,0.0,0.0,0.0,120.0,4.0,124.0
3241346467,0.0,0.0,0.0,223.0,2.0,225.0
3241349914,0.0,0.0,0.0,5.0,14.0,19.0
3241371550,0.0,0.0,0.0,481.0,33.0,514.0
3241406905,0.0,0.0,0.0,3.0,0.0,3.0
3241525411,0.0,0.0,0.0,82.0,6.0,88.0
3241550311,0.0,0.0,0.0,19.0,0.0,19.0
3241590398,0.0,0.0,0.0,200.0,31.0,231.0
3241598089,0.0,0.0,0.0,293.0,61.0,354.0
3241708833,0.0,0.0,0.0,208.0,0.0,208.0
3241712681,0.0,0.0,0.0,71.0,55.0,126.0
3241718030,0.0,0.0,0.0,268.0,79.0,347.0
3241815946,0.0,0.0,0.0,1024.0,894.0,1918.0
3241819936,0.0,0.0,0.0,833.0,17.0,850.0
3241840766,42.0,28.0,70.0,571.0,5.0,576.0
3241953835,0.0,0.0,0.0,8.0,150.0,158.0
3242059450,0.0,0.0,0.0,362.0,2.0,364.0
3242142016,54.0,55.0,109.0,406.0,87.0,493.0
3242174192,0.0,0.0,0.0,457.0,3.0,460.0
3242236662,0.0,0.0,0.0,257.0,129.0,386.0
3242243860,0.0,0.0,0.0,468.0,140.0,608.0
3242315574,0.0,0.0,0.0,8.0,8.0,16.0
3242343601,0.0,0.0,0.0,157.0,1.0,158.0
3242348833,0.0,0.0,0.0,8.0,436.0,444.0
3242565117,0.0,0.0,0.0,71.0,0.0,71.0
3242906683,1.0,1.0,2.0,57.0,5.0,62.0
3243054866,0.0,0.0,0.0,171.0,10.0,181.0
3243061060,0.0,0.0,0.0,827.0,14.0,841.0
3243134540,0.0,0.0,0.0,1060.0,379.0,1439.0
3243533799,1667.0,574.0,2241.0,2320.0,2003.0,4323.0
3243755675,0.0,0.0,0.0,41.0,1.0,42.0
3243982089,0.0,0.0,0.0,571.0,742.0,1313.0
3244010965,0.0,0.0,0.0,326.0,5.0,331.0
3244192229,0.0,0.0,0.0,237.0,1.0,238.0
3244216022,0.0,0.0,0.0,110.0,16.0,126.0
3244585376,0.0,0.0,0.0,158.0,0.0,158.0
3244592318,0.0,0.0,0.0,182.0,6.0,188.0
3244677330,1.0,1.0,2.0,138.0,109.0,247.0
3244697570,0.0,0.0,0.0,899.0,10.0,909.0
3244768296,55.0,51.0,106.0,886.0,87.0,973.0
3244838450,0.0,0.0,0.0,94.0,10.0,104.0
3244868174,0.0,0.0,0.0,1709.0,0.0,1709.0
3244874854,0.0,0.0,0.0,441.0,161.0,602.0
3244955615,0.0,0.0,0.0,1942.0,102.0,2044.0
3245078642,0.0,0.0,0.0,262.0,11.0,273.0
3245116902,409.0,103.0,512.0,6306.0,149.0,6455.0
3245158095,0.0,0.0,0.0,11.0,9.0,20.0
3245161961,61.0,20.0,81.0,3746.0,514.0,4260.0
3245221924,0.0,0.0,0.0,1665.0,0.0,1665.0
3245285280,0.0,0.0,0.0,150.0,68.0,218.0
3245313058,6.0,6.0,12.0,0.0,0.0,0.0
3245321897,960.0,10.0,970.0,186.0,19.0,205.0
3245368580,64.0,64.0,128.0,610.0,55.0,665.0
3245438101,0.0,0.0,0.0,140.0,114.0,254.0
3245454530,0.0,0.0,0.0,6430.0,654.0,7084.0
3245572582,0.0,0.0,0.0,146.0,54.0,200.0
3245584783,31.0,32.0,63.0,1632.0,66.0,1698.0
3245700674,0.0,0.0,0.0,2838.0,1128.0,3966.0
3245747489,0.0,0.0,0.0,292.0,20.0,312.0
3245763226,0.0,0.0,0.0,2920.0,427.0,3347.0
3245776477,0.0,0.0,0.0,234.0,0.0,234.0
3245813506,0.0,0.0,0.0,22.0,5657.0,5679.0
3245826488,0.0,0.0,0.0,236.0,1.0,237.0
3245889248,0.0,0.0,0.0,3246.0,38.0,3284.0
3245893836,0.0,0.0,0.0,444.0,23.0,467.0
3245984112,297.0,330.0,627.0,2399.0,1006.0,3405.0
3246272592,0.0,82.0,82.0,354.0,43.0,397.0
3246277050,0.0,0.0,0.0,15.0,7.0,22.0
3246339663,0.0,0.0,0.0,9.0,9.0,18.0
3246352490,0.0,0.0,0.0,36.0,3.0,39.0
3246497185,0.0,0.0,0.0,125.0,74.0,199.0
3246510069,0.0,0.0,0.0,472.0,458.0,930.0
3246635062,6640.0,1703.0,8343.0,19389.0,5699.0,25088.0
3246647416,1.0,1.0,2.0,31.0,2.0,33.0
3246694948,6.0,2.0,8.0,1064.0,173.0,1237.0
3246759351,0.0,0.0,0.0,366.0,856.0,1222.0
3246762112,0.0,0.0,0.0,730.0,1306.0,2036.0
3246852543,0.0,0.0,0.0,168.0,15.0,183.0
3247152239,0.0,0.0,0.0,1.0,1.0,2.0
3247425264,0.0,0.0,0.0,2987.0,0.0,2987.0
3247560836,942.0,160.0,1102.0,0.0,0.0,0.0
3247693982,0.0,0.0,0.0,1944.0,1544.0,3488.0
3247707916,0.0,0.0,0.0,403.0,57.0,460.0
3247719401,0.0,0.0,0.0,16.0,2.0,18.0
3247799753,0.0,0.0,0.0,1960.0,1890.0,3850.0
3247852158,0.0,0.0,0.0,17649.0,17558.0,35207.0
3247964798,0.0,0.0,0.0,660.0,79.0,739.0
3248085336,0.0,0.0,0.0,153.0,3.0,156.0
3248123021,0.0,0.0,0.0,8.0,3.0,11.0
3248210397,0.0,0.0,0.0,5047.0,796.0,5843.0
3248362607,0.0,0.0,0.0,83.0,20.0,103.0
3248427628,0.0,0.0,0.0,319.0,7.0,326.0
3249052943,0.0,0.0,0.0,6.0,2.0,8.0
3249096999,0.0,0.0,0.0,640.0,0.0,640.0
3250173935,2380.0,746.0,3126.0,817.0,179.0,996.0
3250235391,806.0,1000.0,1806.0,0.0,0.0,0.0
3250293030,0.0,0.0,0.0,62.0,9.0,71.0
3250474699,0.0,0.0,0.0,139.0,1.0,140.0
3250552829,448.0,509.0,957.0,353.0,189.0,542.0
3250586148,0.0,0.0,0.0,41.0,7.0,48.0
3250619328,0.0,0.0,0.0,30.0,558.0,588.0
3250688000,0.0,0.0,0.0,547.0,42.0,589.0
3250744798,0.0,0.0,0.0,460.0,0.0,460.0
3250806060,0.0,0.0,0.0,85.0,0.0,85.0
3250808281,1618.0,6.0,1624.0,199.0,148.0,347.0
3251035072,0.0,0.0,0.0,217.0,9.0,226.0
3251419718,0.0,0.0,0.0,42.0,1.0,43.0
3251517108,0.0,0.0,0.0,31.0,1.0,32.0
3251544513,580.0,9.0,589.0,752.0,306.0,1058.0
3251640244,0.0,0.0,0.0,4091.0,3.0,4094.0
3251894732,0.0,0.0,0.0,41.0,23.0,64.0
3251930179,0.0,0.0,0.0,0.0,6.0,6.0
3251998741,0.0,0.0,0.0,609.0,38.0,647.0
3252065228,0.0,0.0,0.0,116.0,0.0,116.0
3252153920,0.0,0.0,0.0,129.0,37.0,166.0
3252721879,15.0,15.0,30.0,141.0,5.0,146.0
3252910310,0.0,0.0,0.0,7.0,0.0,7.0
3252917201,0.0,0.0,0.0,11.0,1.0,12.0
3253000635,0.0,0.0,0.0,87.0,7.0,94.0
3253039135,0.0,0.0,0.0,69.0,17.0,86.0
3253080014,25.0,20.0,45.0,1028.0,851.0,1879.0
3253250382,0.0,0.0,0.0,12.0,10.0,22.0
3253291299,0.0,0.0,0.0,252.0,23.0,275.0
3253330937,0.0,0.0,0.0,80.0,2.0,82.0
3253344062,0.0,0.0,0.0,1041.0,5.0,1046.0
3253477854,0.0,0.0,0.0,224.0,26.0,250.0
3253576699,6.0,6.0,12.0,247.0,45.0,292.0
3253651747,0.0,0.0,0.0,145.0,7.0,152.0
3253657879,0.0,0.0,0.0,117.0,100.0,217.0
3253658970,0.0,0.0,0.0,98.0,122.0,220.0
3254286684,1198.0,1271.0,2469.0,747.0,1.0,748.0
3254378635,0.0,0.0,0.0,117.0,1.0,118.0
3254448438,0.0,0.0,0.0,57.0,0.0,57.0
3254458373,0.0,0.0,0.0,319.0,8.0,327.0
3254485322,0.0,0.0,0.0,47.0,98.0,145.0
3254584375,0.0,0.0,0.0,2279.0,1908.0,4187.0
3254612440,0.0,0.0,0.0,37.0,5.0,42.0
3254631132,0.0,0.0,0.0,696.0,17.0,713.0
3254649795,29.0,9.0,38.0,0.0,0.0,0.0
3254714382,0.0,0.0,0.0,4502.0,4481.0,8983.0
3254749319,0.0,0.0,0.0,4570.0,0.0,4570.0
3254750670,0.0,0.0,0.0,78.0,35.0,113.0
3254752706,0.0,0.0,0.0,20.0,6.0,26.0
3254761836,0.0,0.0,0.0,89.0,5.0,94.0
3254855773,0.0,0.0,0.0,471.0,84.0,555.0
3254864914,0.0,0.0,0.0,362.0,39.0,401.0
3254865327,0.0,0.0,0.0,2.0,1.0,3.0
3255100023,0.0,0.0,0.0,133.0,4.0,137.0
3255130444,0.0,0.0,0.0,1302.0,1030.0,2332.0
3255142482,0.0,0.0,0.0,7.0,11.0,18.0
3255320091,0.0,0.0,0.0,142.0,1.0,143.0
3255339414,0.0,0.0,0.0,790.0,68.0,858.0
3255623809,0.0,0.0,0.0,754.0,0.0,754.0
3255674991,0.0,0.0,0.0,952.0,20.0,972.0
3255786986,0.0,0.0,0.0,16.0,0.0,16.0
3255829767,0.0,0.0,0.0,36.0,19.0,55.0
3256042727,0.0,0.0,0.0,540.0,254.0,794.0
3256172444,5974.0,7.0,5981.0,0.0,0.0,0.0
3256317503,0.0,0.0,0.0,338.0,0.0,338.0
3256348989,5421.0,768.0,6189.0,464.0,4.0,468.0
3256405696,0.0,0.0,0.0,104.0,32.0,136.0
3256451757,0.0,0.0,0.0,30.0,0.0,30.0
3256472611,0.0,0.0,0.0,187.0,1.0,188.0
3256473912,0.0,0.0,0.0,40.0,10.0,50.0
3256558725,10.0,10.0,20.0,5501.0,737.0,6238.0
3256573926,0.0,0.0,0.0,883.0,31.0,914.0
3256651557,0.0,0.0,0.0,123.0,0.0,123.0
3256692785,511.0,88.0,599.0,0.0,0.0,0.0
3256751857,0.0,0.0,0.0,477.0,16.0,493.0
3256999647,0.0,0.0,0.0,89.0,0.0,89.0
3257085745,0.0,0.0,0.0,2.0,2.0,4.0
3257102140,486.0,138.0,624.0,3.0,3.0,6.0
3257330452,0.0,0.0,0.0,714.0,2.0,716.0
3257359947,0.0,0.0,0.0,591.0,147.0,738.0
3258038496,0.0,0.0,0.0,116.0,19.0,135.0
3258115779,0.0,0.0,0.0,927.0,69.0,996.0
3258259137,0.0,0.0,0.0,130.0,0.0,130.0
3258264488,0.0,0.0,0.0,258.0,2.0,260.0
3258265517,85.0,63.0,148.0,3524.0,202.0,3726.0
3258336312,0.0,0.0,0.0,4.0,4.0,8.0
3258362007,0.0,0.0,0.0,59.0,0.0,59.0
3258418757,0.0,0.0,0.0,71.0,20.0,91.0
3258555966,0.0,0.0,0.0,3078.0,0.0,3078.0
3258566467,25.0,0.0,25.0,0.0,0.0,0.0
3258785681,0.0,0.0,0.0,7.0,9.0,16.0
3258858919,0.0,0.0,0.0,2.0,0.0,2.0
3258872453,0.0,0.0,0.0,130.0,1.0,131.0
3258873519,3.0,3.0,6.0,102.0,4.0,106.0
3258875068,3.0,3.0,6.0,25.0,0.0,25.0
3258905127,0.0,0.0,0.0,284.0,13.0,297.0
3258945821,1873.0,20.0,1893.0,0.0,0.0,0.0
3258953409,0.0,0.0,0.0,23.0,2.0,25.0
3259015956,0.0,0.0,0.0,721.0,65.0,786.0
3259062672,0.0,0.0,0.0,19706.0,2.0,19708.0
3259161670,0.0,0.0,0.0,925.0,438.0,1363.0
3259170663,0.0,0.0,0.0,20075.0,20078.0,40153.0
3259184487,0.0,0.0,0.0,324.0,211.0,535.0
3259210216,0.0,0.0,0.0,1705.0,86.0,1791.0
3259262657,0.0,0.0,0.0,47.0,37.0,84.0
3259314086,0.0,0.0,0.0,134.0,1.0,135.0
3259381415,0.0,0.0,0.0,232.0,42.0,274.0
3259400363,0.0,0.0,0.0,1621.0,23.0,1644.0
3259456784,0.0,0.0,0.0,197.0,2.0,199.0
3259572630,0.0,0.0,0.0,522.0,3.0,525.0
3259580896,362.0,5.0,367.0,0.0,0.0,0.0
3259603262,0.0,0.0,0.0,122.0,3.0,125.0
3259688737,0.0,0.0,0.0,96.0,63.0,159.0
3259689574,0.0,0.0,0.0,22228.0,10240.0,32468.0
3259732080,0.0,0.0,0.0,126.0,90.0,216.0
3259892866,0.0,0.0,0.0,433.0,259.0,692.0
3259899444,0.0,0.0,0.0,767.0,343.0,1110.0
3259942984,7.0,5.0,12.0,24.0,2.0,26.0
3259959319,0.0,0.0,0.0,68.0,7.0,75.0
3260019635,0.0,0.0,0.0,30.0,28.0,58.0
3260218057,0.0,28.0,28.0,130.0,11.0,141.0
3260232103,0.0,0.0,0.0,148.0,7.0,155.0
3260259915,0.0,0.0,0.0,80.0,64.0,144.0
3260311457,0.0,0.0,0.0,250.0,40.0,290.0
3260323836,0.0,0.0,0.0,264.0,1.0,265.0
3260361394,0.0,0.0,0.0,23.0,1.0,24.0
3260361982,0.0,0.0,0.0,55.0,38.0,93.0
3260688211,24.0,4.0,28.0,95.0,62.0,157.0
3260776885,4.0,4.0,8.0,43.0,39.0,82.0
3261269596,0.0,0.0,0.0,22.0,10.0,32.0
3261286448,0.0,0.0,0.0,17.0,14.0,31.0
3261570664,0.0,0.0,0.0,32.0,8.0,40.0
3261593553,0.0,0.0,0.0,103.0,7.0,110.0
3261615355,0.0,0.0,0.0,115.0,60.0,175.0
3261628196,0.0,0.0,0.0,115.0,60.0,175.0
3261634453,0.0,0.0,0.0,922.0,0.0,922.0
3261678660,0.0,0.0,0.0,627.0,31.0,658.0
3261722682,0.0,0.0,0.0,82.0,4.0,86.0
3261725375,0.0,0.0,0.0,57.0,3.0,60.0
3261726638,0.0,0.0,0.0,51.0,5.0,56.0
3261731277,0.0,0.0,0.0,144.0,18.0,162.0
3261744748,0.0,0.0,0.0,734.0,0.0,734.0
3261852303,0.0,0.0,0.0,89.0,31.0,120.0
3262049598,0.0,0.0,0.0,1211.0,1199.0,2410.0
3262094308,0.0,0.0,0.0,116.0,1.0,117.0
3262310380,113.0,93.0,206.0,0.0,0.0,0.0
3262316522,0.0,0.0,0.0,245.0,9.0,254.0
3262317031,0.0,0.0,0.0,125.0,86.0,211.0
3262410301,0.0,0.0,0.0,737.0,0.0,737.0
3262410892,0.0,0.0,0.0,721.0,29.0,750.0
3262412105,0.0,0.0,0.0,9.0,0.0,9.0
3262413873,0.0,0.0,0.0,14.0,19.0,33.0
3262466495,0.0,0.0,0.0,1295.0,537.0,1832.0
3262556381,0.0,0.0,0.0,1.0,1.0,2.0
3262649320,580.0,9.0,589.0,752.0,306.0,1058.0
3262668155,0.0,0.0,0.0,2.0,2.0,4.0
3262684387,0.0,0.0,0.0,422.0,7.0,429.0
3262802572,0.0,0.0,0.0,29.0,40.0,69.0
3263021891,0.0,0.0,0.0,1.0,2857.0,2858.0
3263023514,0.0,0.0,0.0,111.0,71.0,182.0
3263026257,0.0,0.0,0.0,509.0,0.0,509.0
3263094679,0.0,0.0,0.0,153.0,20.0,173.0
3263137306,0.0,0.0,0.0,351.0,122.0,473.0
3263180193,0.0,0.0,0.0,10.0,4.0,14.0
3263199127,0.0,0.0,0.0,14.0,1.0,15.0
3263203091,0.0,0.0,0.0,97.0,87.0,184.0
3263345653,0.0,0.0,0.0,15.0,12.0,27.0
3263401745,0.0,0.0,0.0,8.0,0.0,8.0
3263692368,90.0,1.0,91.0,0.0,0.0,0.0
3264232570,0.0,0.0,0.0,129.0,36.0,165.0
3264413761,0.0,0.0,0.0,43.0,24.0,67.0
3264481803,0.0,0.0,0.0,134.0,1.0,135.0
3264692597,0.0,0.0,0.0,756.0,8.0,764.0
3264713468,1655.0,1107.0,2762.0,2969.0,2566.0,5535.0
3264732852,0.0,0.0,0.0,333.0,68.0,401.0
3264839247,0.0,0.0,0.0,1387.0,9.0,1396.0
3264874728,0.0,0.0,0.0,132.0,60.0,192.0
3264876557,0.0,0.0,0.0,206.0,80.0,286.0
3264876660,0.0,0.0,0.0,319.0,147.0,466.0
3264878708,0.0,0.0,0.0,989.0,158.0,1147.0
3264893018,0.0,0.0,0.0,18781.0,18708.0,37489.0
3264900831,0.0,0.0,0.0,1586.0,9.0,1595.0
3264933329,0.0,0.0,0.0,394.0,2.0,396.0
3264936543,0.0,0.0,0.0,2411.0,80.0,2491.0
3264944925,0.0,0.0,0.0,427.0,1750.0,2177.0
3265016951,0.0,0.0,0.0,146.0,63.0,209.0
3265090887,0.0,0.0,0.0,11.0,3.0,14.0
3265150357,0.0,0.0,0.0,2513.0,40.0,2553.0
3265153814,0.0,0.0,0.0,208.0,15.0,223.0
3265205374,0.0,0.0,0.0,14.0,0.0,14.0
3265248177,0.0,0.0,0.0,1866.0,0.0,1866.0
3265312287,757.0,28.0,785.0,83.0,42.0,125.0
3265364263,1.0,1.0,2.0,19.0,0.0,19.0
3265384682,0.0,0.0,0.0,885.0,25.0,910.0
3265417735,0.0,0.0,0.0,30.0,0.0,30.0
3265728197,0.0,0.0,0.0,1864.0,1614.0,3478.0
3265760288,0.0,0.0,0.0,1093.0,1053.0,2146.0
3265921844,0.0,0.0,0.0,168.0,15.0,183.0
3266424520,0.0,0.0,0.0,2.0,1.0,3.0
3266437649,0.0,0.0,0.0,419.0,31.0,450.0
3266530341,31.0,30.0,61.0,0.0,0.0,0.0
3266797999,0.0,0.0,0.0,45.0,12.0,57.0
3266871127,0.0,0.0,0.0,220.0,1.0,221.0
3266882116,0.0,0.0,0.0,287.0,5.0,292.0
3266909311,0.0,0.0,0.0,53.0,0.0,53.0
3266954022,0.0,0.0,0.0,477.0,283.0,760.0
3266984107,0.0,0.0,0.0,248.0,3.0,251.0
3266988519,0.0,0.0,0.0,1.0,1.0,2.0
3267002139,0.0,0.0,0.0,436.0,38.0,474.0
3267112009,0.0,0.0,0.0,593.0,425.0,1018.0
3267198858,1560.0,131.0,1691.0,37.0,28.0,65.0
3267543045,0.0,0.0,0.0,2468.0,2445.0,4913.0
3267556588,0.0,0.0,0.0,456.0,0.0,456.0
3267602007,72.0,29.0,101.0,5369.0,571.0,5940.0
3267844578,0.0,0.0,0.0,14.0,14.0,28.0
3267923695,0.0,0.0,0.0,11.0,4.0,15.0
3267932256,0.0,0.0,0.0,64.0,2.0,66.0
3267963308,0.0,0.0,0.0,53.0,2.0,55.0
3267986741,0.0,44.0,44.0,77.0,1.0,78.0
3268101962,0.0,0.0,0.0,217.0,20.0,237.0
3268113550,0.0,0.0,0.0,12419.0,8132.0,20551.0
3268164028,0.0,0.0,0.0,141.0,35.0,176.0
3268346615,0.0,0.0,0.0,124.0,2.0,126.0
3268405610,0.0,0.0,0.0,877.0,4.0,881.0
3268595756,0.0,0.0,0.0,1253.0,502.0,1755.0
3268724186,0.0,0.0,0.0,295.0,35.0,330.0
3268814007,0.0,0.0,0.0,159.0,64.0,223.0
3268897252,1307.0,532.0,1839.0,5539.0,15632.0,21171.0
3268974399,0.0,0.0,0.0,16.0,0.0,16.0
3268978958,0.0,0.0,0.0,1.0,1.0,2.0
3269019308,0.0,0.0,0.0,570.0,0.0,570.0
3269047351,0.0,0.0,0.0,417.0,2.0,419.0
3269064930,0.0,0.0,0.0,115.0,1.0,116.0
3269086726,0.0,0.0,0.0,16.0,37.0,53.0
3269460141,0.0,0.0,0.0,0.0,1.0,1.0
3269461868,0.0,0.0,0.0,0.0,1.0,1.0
3269658467,60.0,30.0,90.0,424.0,39.0,463.0
3269722535,0.0,0.0,0.0,0.0,1.0,1.0
3269845148,0.0,0.0,0.0,119.0,17.0,136.0
3269848697,0.0,0.0,0.0,55.0,8.0,63.0
3269899843,0.0,0.0,0.0,413.0,61.0,474.0
3269926539,0.0,0.0,0.0,62.0,10.0,72.0
3270038594,0.0,0.0,0.0,251.0,58.0,309.0
3270562662,0.0,0.0,0.0,50.0,663.0,713.0
3270787997,99.0,91.0,190.0,77.0,4.0,81.0
3271014961,164.0,595.0,759.0,38692.0,1864.0,40556.0
3271045504,943.0,500.0,1443.0,41.0,117.0,158.0
3271081485,0.0,0.0,0.0,2.0,3.0,5.0
3271244416,0.0,0.0,0.0,139.0,3.0,142.0
3271563692,0.0,0.0,0.0,262.0,1.0,263.0
3271587224,0.0,0.0,0.0,604.0,477.0,1081.0
3271611845,0.0,0.0,0.0,696.0,0.0,696.0
3271620469,0.0,0.0,0.0,402.0,291.0,693.0
3271633525,0.0,0.0,0.0,1590.0,1568.0,3158.0
3271706289,0.0,0.0,0.0,1263.0,2.0,1265.0
3271943252,1.0,0.0,1.0,1744.0,49.0,1793.0
3272188634,0.0,0.0,0.0,784.0,171.0,955.0
3272213360,12.0,12.0,24.0,724.0,0.0,724.0
3272275087,0.0,0.0,0.0,486.0,157.0,643.0
3272287928,0.0,0.0,0.0,178.0,85.0,263.0
3272295951,0.0,0.0,0.0,22.0,2.0,24.0
3272323130,551.0,654.0,1205.0,651.0,318.0,969.0
3272347619,0.0,0.0,0.0,203.0,1.0,204.0
3272352206,0.0,0.0,0.0,676.0,0.0,676.0
3272358912,0.0,0.0,0.0,127.0,4.0,131.0
3272397381,0.0,0.0,0.0,76.0,0.0,76.0
3272402817,0.0,0.0,0.0,36.0,0.0,36.0
3272405225,0.0,0.0,0.0,205.0,1.0,206.0
3272538083,0.0,0.0,0.0,5.0,0.0,5.0
3272719703,1.0,1.0,2.0,494.0,286.0,780.0
3272830283,114.0,239.0,353.0,1889.0,1647.0,3536.0
3272841541,0.0,0.0,0.0,376.0,2.0,378.0
3272938687,0.0,0.0,0.0,27.0,7.0,34.0
3272940023,6.0,1.0,7.0,182.0,44.0,226.0
3273036759,0.0,0.0,0.0,6.0,3.0,9.0
3273105319,0.0,0.0,0.0,141.0,47.0,188.0
3273146314,0.0,0.0,0.0,1185.0,736.0,1921.0
3273160834,0.0,0.0,0.0,252.0,0.0,252.0
3273160931,0.0,0.0,0.0,17.0,1.0,18.0
3273168359,0.0,0.0,0.0,113.0,100.0,213.0
3273174706,0.0,0.0,0.0,58.0,37.0,95.0
3273176070,0.0,0.0,0.0,47.0,12.0,59.0
3273176771,0.0,0.0,0.0,135.0,0.0,135.0
3273196870,0.0,0.0,0.0,48.0,4.0,52.0
3273378564,0.0,0.0,0.0,254.0,0.0,254.0
3273390106,0.0,0.0,0.0,8.0,8.0,16.0
3273420417,0.0,0.0,0.0,599.0,556.0,1155.0
3273532426,0.0,0.0,0.0,2437.0,20.0,2457.0
3273546678,0.0,0.0,0.0,2362.0,37.0,2399.0
3273580906,0.0,0.0,0.0,30.0,18.0,48.0
3274030153,3684.0,0.0,3684.0,1132.0,20.0,1152.0
3274450661,0.0,0.0,0.0,51.0,0.0,51.0
3274741142,0.0,0.0,0.0,11914.0,6163.0,18077.0
3275029115,179.0,177.0,356.0,34.0,54.0,88.0
3275097396,72.0,1.0,73.0,0.0,0.0,0.0
3275149041,153.0,10.0,163.0,1652.0,25.0,1677.0
3275218917,0.0,0.0,0.0,200.0,92.0,292.0
3275246488,0.0,0.0,0.0,299.0,27.0,326.0
3275367954,0.0,0.0,0.0,2278.0,223.0,2501.0
3275396498,0.0,0.0,0.0,62.0,29.0,91.0
3275448809,0.0,0.0,0.0,184.0,24.0,208.0
3275455685,29.0,56.0,85.0,396.0,111.0,507.0
3275840061,0.0,0.0,0.0,339.0,13.0,352.0
3275844750,0.0,0.0,0.0,122.0,2.0,124.0
3275882982,113.0,29.0,142.0,53.0,80.0,133.0
3275952470,0.0,0.0,0.0,62.0,41.0,103.0
3276585540,233.0,4.0,237.0,0.0,0.0,0.0
3276605733,27.0,56.0,83.0,93.0,1.0,94.0
3277329042,0.0,0.0,0.0,222.0,84.0,306.0
3277570981,0.0,0.0,0.0,29.0,29.0,58.0
3277943226,0.0,0.0,0.0,204.0,19.0,223.0
