pr_id,sha,commit_author_type,added_lines,removed_lines,modified_lines
2757179026,2e2d2d439d7c44ba8f4efc19973d6aec9130604a,Human,145.0,79.0,224.0
2757179026,3ca9b1eca25a6790e61c17de939d64fb71c51a05,Human,451.0,0.0,451.0
2757179026,490c89fb38d0da2c33b69e9e80d906a36f3f7a4f,Human,531.0,14.0,545.0
2757179026,63108b20a9ace6f4cef91efaaaa509a5e7b9233a,Agent,195.0,0.0,195.0
2757179026,8e98c4199a0213a1e758830faafd73eec1751059,Agent,309.0,74.0,383.0
2757179026,bebfa2a10e292c5664900d43efc838983ddb5616,Human,2.0,2.0,4.0
2758200405,3214f5687605727113f50a567a3ead6e1cdf40ed,Agent,1.0,1.0,2.0
2758200405,49ad3e4484af420dd84e4fe7da67d74faed86b56,Agent,2.0,7.0,9.0
2758200405,553ee477c2207601e37f0d3855c54beabc9fc8fe,Agent,0.0,1.0,1.0
2758200405,629c012214334e21f6a07540d1aa66940b8b3c85,Human,10.0,10.0,20.0
2758200405,679552a8422e02ff99540c2f5831a363436acc0e,Agent,7.0,1.0,8.0
2758200405,7756c80cf88dc3b52c9712110e043cfdbe6250be,Agent,2.0,2.0,4.0
2758200405,a7be75f3469b111d7ef1d3458054f2458007694f,Agent,1.0,1.0,2.0
2758200405,b9b1d94a3464c88b5c01218fcc817ec7072afedf,Agent,79.0,2.0,81.0
2758200405,beb4854665a21fd81ffb91fb92f2b9215074b093,Agent,4.0,2.0,6.0
2758200405,d0ba317510c9febb4e2fa15933982cf1e4f75d90,Agent,5.0,5.0,10.0
2758636941,028f002f4b2c37a22223dde75b3f15f16fb05a2d,Agent,45.0,11.0,56.0
2758636941,05e1adf78833f9fe9ddac733fd7cf0f1e536485e,Agent,29.0,0.0,29.0
2758636941,10c290cdd2f96834915611fbeed22e56162f51e4,Agent,310.0,0.0,310.0
2758636941,38481fe2a7f78949e343fd892a489e38de46ee89,Human,1.0,0.0,1.0
2758636941,41560bf5004e28604a0e2f6ec07acc8b7d46979f,Agent,1.0,1.0,2.0
2758636941,5247b3047ff9cb82f70983b173c02b384e5f0d8c,Agent,1.0,0.0,1.0
2758636941,60b2fa447c6a1c5e6ac307204f870ac1e07c2201,Agent,35.0,4.0,39.0
2758636941,639136101a2b97b1490da2b4c33f11d51e1d6007,Agent,25.0,2.0,27.0
2758636941,6e49905b75cbce566f9868f3011553b36dae7a1e,Human,40.0,40.0,80.0
2758636941,718850122f9171d8df65cf7360516df93a21786d,Agent,4.0,3.0,7.0
2758636941,7ab322b4df3011a15029e975dea83b0984ec9a50,Agent,27.0,4.0,31.0
2758636941,87ee41750eccdc32f9db60216fe5b9eb81404c10,Agent,6.0,3.0,9.0
2758636941,a9722880bd059d70c2f05dfbacadf1d705381266,Agent,734.0,2.0,736.0
2758636941,c382d90b7b6e34061e0dcaeabd21934f64d3a613,Agent,1.0,0.0,1.0
2758636941,e755b978057af070754e8e03900218900ead3a04,Agent,34.0,1.0,35.0
2760115428,02dc45e81ef3232bcd6828577fae8e6246385194,Agent,39.0,16.0,55.0
2760115428,54799bed50158463dddd0d9959f1b82942d2b82d,Human,1.0,1.0,2.0
2760115428,8917108ef2ab8de115f6c98c3a68e01341415034,Human,1.0,2.0,3.0
2760115428,8dd2f82c45ece4b29271196f84e30ece68b35986,Agent,11.0,6.0,17.0
2760115428,a4e72d03e23292f6448820d59ba66486aa1bfcf9,Agent,7.0,3.0,10.0
2760115428,b87b2e30284e3b83f9c76ef03515517e03ee89bb,Agent,10.0,4.0,14.0
2760115428,e3e404fd6cc272300a0bfacc9ab7cc6c28c290c4,Agent,9.0,7.0,16.0
2760297589,1a6fd53063342d843d5f3b14377b1b54096b7d97,Human,28.0,53.0,81.0
2760297589,dfa3699312ff78916f1c70d1363b5ecc546ba985,Agent,131.0,28.0,159.0
2761413721,073f4b225f679ceb99653db0c4f9cd14466e9965,Agent,11.0,2.0,13.0
2761413721,0d817279cb780946715b68081d610bc7be5c5c17,Human,0.0,7.0,7.0
2761413721,1833fde5d4f45aa388cabc601e7826b10bb3eb0c,Agent,394.0,29.0,423.0
2761413721,191fa1faa8b5217caff22529d744da993221c288,Agent,64.0,11.0,75.0
2761413721,38e848b290045bf88743a867d9dbd2c3fb1c0a1e,Human,11.0,0.0,11.0
2761413721,afc67968580b184787f047d9ab0d15eb7e5b408f,Human,4.0,2.0,6.0
2761413721,c82636c211e525b1dc97208908349b8e9aaa7948,Human,12.0,3.0,15.0
2761413721,d10e1d9a783fa7e8051bd2f95c2659709d7a8fcb,Human,22.0,20.0,42.0
2762297369,0d8f7114ba501d587731f1bcc2523691aaf34bb8,Agent,5.0,1.0,6.0
2762297369,144760a3160ce81f39912a9b1c26a9d72e2ccc84,Agent,10.0,39.0,49.0
2762297369,1582017ad4e0225416fd27392969cbeeb872c5d3,Agent,21.0,13.0,34.0
2762297369,29dd4a23c6327c03d38795c3e3a97e53e1f5f6ad,Agent,176.0,99.0,275.0
2762297369,625a807d29b1ebf6be4a2c84bffb1bf3ecf9e9a0,Agent,51.0,17.0,68.0
2762297369,700660be940a14035f4e4069463580de1320846e,Agent,17.0,11.0,28.0
2762297369,8e7910446d18285bb084499d189581f4151242bf,Agent,14.0,4.0,18.0
2762297369,d5970ee5b4b5d4b5cfa8706eb2c38e5f27d8cedd,Agent,5.0,11.0,16.0
2762297369,df272ed4bdf805e7d10262b004d44fddb7bd3718,Agent,10.0,7.0,17.0
2762297369,e9cf872c13a221162560e77da1c2ea120e53924f,Agent,80.0,59.0,139.0
2762297369,f1299f484de2a7636cb5ed691a858db749c8eeb3,Human,1.0,1.0,2.0
2762301500,06f00be0f1a85cbd19824cf069717ac2c835c204,Agent,188.0,159.0,347.0
2762301500,32af13fd2d33a143b0c21130649d6404055157be,Agent,1.0,3.0,4.0
2762301500,439cde180cd69791f46dedde192c41184ca1f96f,Agent,2065.0,486.0,2551.0
2762301500,485ba5fbe33e82ec8d2e5186100a1b53edddecda,Human,95.0,0.0,95.0
2762301500,48ca10957d2b470cfe1bfbfbfcfe9bc48a5b3b05,Human,3.0,1.0,4.0
2762301500,52e6b3318808bacc0e361332ed2d009de0c0ecc9,Agent,9.0,7.0,16.0
2762301500,63dd9678069888d98ef4af9106493c69729c49f4,Agent,1.0,1.0,2.0
2762301500,6d81ddddff5028ae4d51cdafcfd39cda48372571,Agent,47.0,0.0,47.0
2762301500,78cb7155ee0fb6847f220c7fd2a7891062e6914c,Agent,57.0,0.0,57.0
2762301500,85a6a43d841fe87e0f257ead7c7a428fb1cc470c,Agent,13.0,12.0,25.0
2762301500,864d635179c7e757637a08a55da8e4d230811abe,Human,1.0,1.0,2.0
2762301500,8fd797205cf421f87d1ec37d8379493b9400a479,Agent,2.0,2.0,4.0
2762301500,93cc7e95768d6873696d7b70d5948b9d013c6e26,Human,29.0,4.0,33.0
2762301500,d84f5ff8bf7a10d1bb7ecdc74e4b251490ab0229,Human,5.0,1.0,6.0
2762301500,de9760e2ed55c21ebe587ce85e67dee2956458a1,Agent,5.0,0.0,5.0
2762301500,e4bb036e9a9c53470c74d6749536059419b3417e,Human,0.0,6.0,6.0
2762301500,eaf8ea3fe89d0950239de3fd3c627c11851aa260,Agent,25.0,23.0,48.0
2763678225,1dc8ce2674f4cbad641f60f7ded4b8a3110a6f8b,Agent,4.0,5.0,9.0
2763678225,454ab55a261987f139c071a13f7fcaa6dbcfda06,Agent,9.0,9.0,18.0
2763678225,4604ac618d9731f8396a27304b1aa2cd773e421f,Agent,2.0,2.0,4.0
2763678225,613dd175ee591d40257940f18c74814e97d16083,Agent,22.0,19.0,41.0
2763678225,8c6883e5ee7756bc53f82e503b82016ed90fbbb4,Human,32.0,14.0,46.0
2763678225,b0d1d86c26c11dbf9787ee9ca6320c6ff8d043d1,Agent,70.0,83.0,153.0
2763678225,e0590e516f0e4cd2f1fdec5128d3d64934bf3818,Agent,1130.0,284.0,1414.0
2764665933,0fd0b5c74f942338558afb1839c398563e5e9d7b,Agent,383.0,102.0,485.0
2764665933,39bdc7e4d49a47881830e977b6dcb4b3dc4e9280,Agent,34.0,26.0,60.0
2764665933,5d3c34b3eaa729cf512c22fbf9d561d7d6573a9f,Agent,54.0,15.0,69.0
2764665933,8ec2eb7d72752a1fff2b2d53142e76d21d4ed820,Agent,98.0,33.0,131.0
2764665933,b0d545992af3780530f7a24131b8c7299b69ab97,Human,66.0,40.0,106.0
2764665933,bfb578d50632aac7d8ed60b7667b239a2cd11454,Agent,337.0,68.0,405.0
2764665933,c4a401b24708d843c882dfe30a9b84a78a9dea3a,Human,2.0,2.0,4.0
2764665933,cf2f21cbfb971591372e26499eead5b3c33e0cff,Human,2171.0,502.0,2673.0
2764665933,dec255e87a7ef3e8c2049e71d9d25975822c15a3,Agent,69.0,6.0,75.0
2764665933,f75b07ce826190996304db1f7572b140df4fac6e,Agent,6.0,0.0,6.0
2767796873,19bda64e9017e4e7ef3ff1d16ee0553c3869907a,Agent,162.0,144.0,306.0
2767796873,363674cf560db33f1ae417d6d23e7875edb3decb,Agent,388.0,49.0,437.0
2767796873,3bc2c91c7c5638f57856090979118ecdbbd827d9,Human,23.0,21.0,44.0
2767796873,43dfe7d578835dd9bee0f654bcacf21597e40c9b,Agent,39.0,14.0,53.0
2767796873,4fb6cb0fe0f314d2aa9bb6d557c567b29ad8831d,Human,6.0,82.0,88.0
2767796873,5ce666c497e1f51a69e4ea8031440fbb9f7870d1,Human,79.0,53.0,132.0
2767796873,67ea6ee8e1ff2f35d90aa4a3683f73d54af1b903,Human,1.0,1.0,2.0
2767796873,7ab269017b478f06404e9d68d3313d020581682a,Agent,167.0,63.0,230.0
2767796873,82664a89b49ce49a668c51e703a78f21b445f703,Agent,27.0,24.0,51.0
2767796873,bb93da0acfdcfabef9c6a3a240bf34e5306c2ce4,Human,87.0,66.0,153.0
2767796873,ca39894093c28cf7472408bbc488fdb989efeafc,Human,47.0,13.0,60.0
2767796873,ce09db175ce34e96243d12875f60210f6b88dccb,Human,44.0,27.0,71.0
2767796873,ceb4075a8da1913ba5819bada622d511dd56bf93,Agent,8.0,11.0,19.0
2767796873,d9f425f6b9f21eb781be872228ed60c8025c7bda,Human,67.0,81.0,148.0
2767796873,eacae868de397197d109898dc805bee90f3e48e6,Agent,16.0,0.0,16.0
2767796873,fd61b586d6fb028ef6304e3f540cf8740408cf47,Human,1.0,22.0,23.0
2767796873,fe382c7d403a296ffced6ca69a57577971b1bb4d,Agent,22.0,22.0,44.0
2770730384,0754575a439d465fc355ae01a7c8e92c4dd0eb36,Human,6.0,6.0,12.0
2770730384,1417801180301a1a03fb4af69efc19cd3b10c4a8,Agent,126.0,4.0,130.0
2770730384,2ddc340525e7c074f0a94b24ffed2085a09a739d,Human,1845.0,2.0,1847.0
2770730384,35e9275183e0487d70bad707f06a9aaca61909b0,Human,1883.0,1.0,1884.0
2770730384,3bffba8015bdce85848f53a57b34fe1561c4291a,Human,192.0,801.0,993.0
2770730384,3e459728f91cc33d01f403ebf99abf2ae90563d0,Human,1137.0,140.0,1277.0
2770730384,7ba976c2e5f0ce1d002a7e3f1cbaa40e585dafa7,Human,128.0,90.0,218.0
2770730384,81c0722b232d4c34676559dfd58d47e8c3c1865d,Human,990.0,41.0,1031.0
2770730384,88ecf08fb4f3b1c49ec9758fb3631548e39ee095,Human,2511.0,1340.0,3851.0
2770730384,93e1365d68f11edce8a4869947164ea84fd57d70,Human,23.0,750.0,773.0
2770730384,9722e83923bce113b77de126c7f50d5949874aeb,Human,149.0,807.0,956.0
2770730384,adb107553e9dc3b2f6b50f43de3c6e239c5ba7af,Human,1950.0,239.0,2189.0
2770730384,bd7bc6cafcf103c5a1bb3fd48e3922b789b951fc,Agent,0.0,36.0,36.0
2770730384,bda5aee30346cedc7993cf546ff94d4d16f63c61,Human,1097.0,96.0,1193.0
2770730384,c6d34da4f6ebffa9f12c21cf9ed856eba4997409,Human,1734.0,28.0,1762.0
2770730384,cb3cba670ee61c85b497aefc8282b32f1c4e2bad,Human,1791.0,2.0,1793.0
2770730384,eafcf85ec858d7a10fa2ab8f73618fce639f5540,Human,8.0,20.0,28.0
2770730384,f276a3f179d9f3302419cad8bff170c96c11866f,Human,1724.0,21.0,1745.0
2770730384,f28433238ab0b41e187ea225ce539e57c3b709e7,Human,2386.0,9.0,2395.0
2770730384,f6770be767204cf31bc5fa34c3a10a12621e790a,Human,1106.0,12.0,1118.0
2776793311,059afcae607b447caadeff198461774bd1348f1a,Human,9.0,0.0,9.0
2776793311,4c6e9848d3076fa7d3919189a2a56a10a5c7e8af,Agent,289.0,157.0,446.0
2776793311,7f7ff31f49ae12b8c502a6e197bfb509879728f3,Human,9.0,9.0,18.0
2776793311,82ae1087c621ff00f38f111ff662bd03df879dfb,Human,208.0,76.0,284.0
2776793311,a1e893f3bef2db8b730c9316642339dbf0c8cae2,Human,4853.0,225.0,5078.0
2776793311,fabd9f86b1b085dc939578cc5df11d0044668b48,Human,13.0,3.0,16.0
2776797524,059afcae607b447caadeff198461774bd1348f1a,Human,9.0,0.0,9.0
2776797524,72de66e1794c4a9da813ca2b27d36fb47d6fc570,Agent,289.0,157.0,446.0
2776797524,7f7ff31f49ae12b8c502a6e197bfb509879728f3,Human,9.0,9.0,18.0
2776797524,82ae1087c621ff00f38f111ff662bd03df879dfb,Human,208.0,76.0,284.0
2776797524,a1e893f3bef2db8b730c9316642339dbf0c8cae2,Human,4853.0,225.0,5078.0
2776797524,fabd9f86b1b085dc939578cc5df11d0044668b48,Human,13.0,3.0,16.0
2776825485,059afcae607b447caadeff198461774bd1348f1a,Human,9.0,0.0,9.0
2776825485,1fd1c5c718feb10580dc58df520fbfc9cfef0474,Agent,28.0,22.0,50.0
2776825485,7f7ff31f49ae12b8c502a6e197bfb509879728f3,Human,9.0,9.0,18.0
2776825485,82ae1087c621ff00f38f111ff662bd03df879dfb,Human,208.0,76.0,284.0
2776825485,a1e893f3bef2db8b730c9316642339dbf0c8cae2,Human,4853.0,225.0,5078.0
2776825485,d7b609cc5e173465493be485dcf66ea17d7b1a02,Agent,7045.0,5015.0,12060.0
2776825485,fabd9f86b1b085dc939578cc5df11d0044668b48,Human,13.0,3.0,16.0
2776831778,059afcae607b447caadeff198461774bd1348f1a,Human,9.0,0.0,9.0
2776831778,6ed08d003c45d17c2698dc454275e1cb56e359d8,Agent,288.0,157.0,445.0
2776831778,7f7ff31f49ae12b8c502a6e197bfb509879728f3,Human,9.0,9.0,18.0
2776831778,82ae1087c621ff00f38f111ff662bd03df879dfb,Human,208.0,76.0,284.0
2776831778,a1e893f3bef2db8b730c9316642339dbf0c8cae2,Human,4853.0,225.0,5078.0
2776831778,c4ce06b3adca89e259024abfed8c509b63b9953c,Human,2.0,1.0,3.0
2776831778,fabd9f86b1b085dc939578cc5df11d0044668b48,Human,13.0,3.0,16.0
2777919004,18b89db42d8f2e34a4228c34fbfaf5bfeed1b3be,Human,29.0,1.0,30.0
2777919004,377630c746b33cf6c4b19794ddbed07f51184046,Human,19.0,6.0,25.0
2777919004,63930491ba997b73520a8a1a0c06b21534e9aa8c,Agent,492.0,452.0,944.0
2777919004,8bc18bcf24d7f40b41a83bf33fd68302b8b1cbab,Agent,87.0,68.0,155.0
2777919004,b06744161a5564d812cbf637232ea4c0c9f48ccb,Agent,93.0,72.0,165.0
2777919004,d609fd0bcaab3e4f35d671e8020225e5c874fa85,Agent,13.0,2.0,15.0
2782215003,0118359da31db9d12359897eda927645d4c1adb4,Agent,23.0,23.0,46.0
2782215003,1896b3fe3f79716f9097653650443eab2ca64a2b,Human,2.0,5.0,7.0
2782215003,5fb2cedfd19a83b170b4713ce73628b849074673,Agent,127.0,0.0,127.0
2782215003,64152276039629f5e9f7d9f4172bcdb8ab255ae3,Agent,371.0,2.0,373.0
2782215003,6e3b6742c79611f94eb5f718c7229164937c0aa4,Human,439.0,511.0,950.0
2782215003,aa317b10ba1ee17de795c0c8cd425197b921d397,Human,11.0,29.0,40.0
2782215003,af25d9eeda43605865445b1d43cce203be57c236,Human,15.0,13.0,28.0
2783286259,0b3bc08b7b339d19c273c9e625c4ceb5b0aa33ec,Human,193.0,87.0,280.0
2783286259,0de67e7818c2b60d624a00e27cfc24713b2947d2,Human,144.0,74.0,218.0
2783286259,2928f018154c3e62dcd0052c4bde25cebaa3cf84,Agent,121.0,0.0,121.0
2783286259,2f38a95becb033aeda0a5eed04918bdcad8460e7,Human,90.0,64.0,154.0
2783286259,3b257b8bc7d6958635314de2990cd37d52914310,Human,167.0,12.0,179.0
2783286259,4ace5b539ad530113f61ba2a82b9a1c1ca48eb34,Agent,460.0,592.0,1052.0
2783286259,4c9b44cdebccf52c3145037050193b06dbbedf50,Human,58.0,40.0,98.0
2783286259,522e68a4d2ae10cc4b452a4da6c52601af7ff43e,Agent,82.0,24.0,106.0
2783286259,8f7c7df8648a992a2865ff0b249c3119f6a9dd03,Agent,6.0,1.0,7.0
2783286259,92d8c378084c7714573c1ef2367d739c6b8846e5,Agent,220.0,0.0,220.0
2783286259,b2af0b88fa67464b3ccc9aaa31178abcd15f7c7c,Agent,91.0,9.0,100.0
2783286259,c46cbcaad7fdbf225febfeb1edc194ffafc11c43,Human,0.0,1.0,1.0
2784488870,090b965e1887c8b39fbf863729d6debdd1c9cfa5,Human,22.0,0.0,22.0
2784488870,dbddc27b1c53d2f12c3fb036d9937b642d071e5b,Agent,5.0,1.0,6.0
2788087431,52821eceac001fd37888be9eaebdea6b14533b33,Agent,48.0,6.0,54.0
2788087431,5501faa43cb83498034ccc4a3c625b7cec82a559,Agent,25.0,37.0,62.0
2788087431,59bafa9ab91d0e36dd8ec44579bdf18deff951e1,Human,24.0,10.0,34.0
2788087431,73dbb88f1244d5ba71109efeb37710546b864e19,Agent,8.0,2.0,10.0
2788087431,7906feb07c1b2777bd3f5c0fca6896c0183cdb26,Agent,31.0,2.0,33.0
2788087431,8b6de1e17a652094f332f734cb024e6bb95031b8,Agent,28.0,20.0,48.0
2788087431,ae65f70e03322d073c75fcc16f7f4f3ef0da201c,Agent,81.0,41.0,122.0
2788087431,d167ddf6395100d3a0869f4b5a88a72f930352e0,Agent,21.0,18.0,39.0
2791079062,062310acc77bb024828a112bda3f929402b4e5c2,Agent,1.0,0.0,1.0
2791079062,2760ec0ee12c2453f28ae301035684f2b9a286d2,Agent,10.0,10.0,20.0
2791079062,b7882b67071cae9a8d7cc6f7bf59cea3a224bea1,Agent,51.0,0.0,51.0
2791079062,fc1d21700c690930bbce492ee7c543315cedb880,Human,1.0,0.0,1.0
2793293460,2497f27b2488d60c4a4eff31c810b6a1ef480540,Agent,13.0,7.0,20.0
2793293460,29a204a7900d691fdc5008dfb3e74c80c61e90b4,Agent,113.0,0.0,113.0
2793293460,fcc2e022038a901d99aa7120e6fe75588e29ea3d,Human,119.0,119.0,238.0
2796009360,38e7c1c08883bb572154b6f6a6a3188af6389757,Human,48.0,16.0,64.0
2796009360,40f5679f2c1773dfa5a06859e7e44535190aca00,Agent,88.0,56.0,144.0
2796059303,0edfb31d5c73c0d8d8a5469ea52d5062bdb7f455,Human,14.0,5.0,19.0
2796059303,38f6945bc0bd71920a0368fea129c5f61d7d74d3,Agent,116.0,32.0,148.0
2796059303,f22f7bad787204e5535b1102e7a75e413e651325,Agent,52.0,60.0,112.0
2797405312,063d52fc7539077a4703fc61ac132a7c25d8854e,Human,1.0,1.0,2.0
2797405312,4a6d72c6ea41aa5baf9c82b799ce27b2f476694a,Human,9.0,5.0,14.0
2797405312,51458d49aabed7f8823f21c3fd52ed82fb483e0d,Human,0.0,12.0,12.0
2797405312,5e3d2d94087531a3a0804d765f9be265b24a8c9a,Human,1.0,1.0,2.0
2797405312,84c538f0b0e0159cfcb8e772eeb430d6e094eb28,Human,188.0,2.0,190.0
2797405312,8ad91a59cdc69e4a53d0a0de88483c53c99d3628,Human,6.0,15.0,21.0
2797405312,95e3be26ce04672ee508663fec8412c19a326986,Human,133.0,108.0,241.0
2797405312,963d0ff3c13a7af2e4661ac1433e9af4cee29c57,Agent,13.0,31.0,44.0
2797405312,af4d9fd5958ef211f54d7bfac06a120d37b89a73,Human,26.0,16.0,42.0
2797405312,df59c6659f2975435cadcc0bd485778f62e81903,Human,198.0,134.0,332.0
2797482849,44b92ef12f5f47f328267eedcc3d4c53a869de6c,Agent,55.0,6.0,61.0
2797482849,4f4f229a0b0516dab425d501053f7ef55273bf39,Agent,3.0,2.0,5.0
2797482849,89b5edf6b2ff1899e2b616ac22b249a55456bce6,Agent,3.0,2.0,5.0
2797482849,968e0f504bd021baf23815a095d5efa4bc660545,Agent,26.0,18.0,44.0
2797482849,b5c26aeadd631cf7c8fb1cef4ff1057717f2b901,Agent,55.0,6.0,61.0
2797482849,b75ef482bf660499c5057a910a45693f3d6f77af,Human,26.0,18.0,44.0
2797482849,ce6747b9676e5aa7f5ed2335e4becd3501efe387,Agent,1.0,0.0,1.0
2797482849,db626ec99d514aeccb0b7e032db15b5071664a82,Agent,1.0,0.0,1.0
2798302866,1080e6d3e0e11ed8ae926ba588c0b70e4c84e28f,Human,11.0,13.0,24.0
2798302866,1985999449aebc97226e41ca2eca3ed9321dde9b,Human,17.0,24.0,41.0
2798302866,2babc3f9ea882597d09c7b57f5121ab3b28f8862,Agent,66.0,3.0,69.0
2798302866,3d811955ed1c16e588a38f837b69f8df3a82de6b,Human,24.0,6.0,30.0
2798302866,4dbcacd53832ecff10de70797436315de7e51c56,Human,3.0,6.0,9.0
2798302866,7ddf9d4fa2a2acf0a68e63a9a3b6f862bf254ef1,Agent,108.0,1.0,109.0
2798302866,87b8ae3ac0b5f476a6eff37d9b82dc5f11a8d52e,Agent,45.0,170.0,215.0
2798302866,96f31da31db038fe2366216564f52cafd25d7948,Agent,0.0,104.0,104.0
2798302866,e38bc4eae17bc861acf97399d19cdfbcff8b24f0,Agent,73.0,38.0,111.0
2798302866,f7ad4430bf122fe3f9f78f876d16f94f5d6c5b07,Human,79.0,2.0,81.0
2799104941,0a08c683f3e200d53d3243f1313ea8da7cd051b1,Agent,1.0,0.0,1.0
2799104941,120dfedbc83c0f44bc01147ee48875e105285f00,Agent,45.0,3.0,48.0
2799104941,2573b9c291084640b14e5efdfcd73f2253f43373,Agent,11.0,3.0,14.0
2799104941,2e967894b9eab89f847fec41512949f11fe4518e,Agent,4.0,0.0,4.0
2799104941,46c214c935e644bfc576e7cb7313255e3903cda4,Agent,30.0,2.0,32.0
2799104941,5dd75bc76015a80ff222462ce60331f3f6dd1b1f,Agent,3.0,2.0,5.0
2799104941,643c439e6acd43fb496a7f48313e9eb83d06ef1c,Agent,14.0,5.0,19.0
2799104941,65f9b4efce5835eaa6d3ee983dfcc3ffd055ab8a,Agent,71.0,9.0,80.0
2799104941,6c31b3d0d7d05cbafc6c76584f1fe72d301a36cc,Agent,122.0,45.0,167.0
2799104941,7dc5cb5a1e7c29480f2033b43477af791f288e7d,Agent,31.0,31.0,62.0
2799104941,8c57de2be0b86c3cecd31704b915ee35db38cff8,Agent,5.0,4.0,9.0
2799104941,8d0ab490a3a7a8376046dbdc6947f02a79755e25,Agent,30.0,2.0,32.0
2799104941,9a51084c1e0a7d01d31e83c96c9c26175711de0b,Agent,45.0,3.0,48.0
2799104941,a5cc630b386d32475cf40f1b7268339c22a4caa1,Human,722.0,0.0,722.0
2799104941,b01b839a047ccea9a221b3b898097b2999b3e9ad,Agent,71.0,9.0,80.0
2799104941,b9b7d3059a4af5bc6f1ef05a8794cffca3d6cebf,Agent,61.0,35.0,96.0
2799104941,d60b76f8ef2f7920f3171d10aa28ca03cfeee9b1,Agent,21.0,11.0,32.0
2799104941,e6bd52cdb277a6c586365389ad2ee4badad75122,Agent,14.0,5.0,19.0
2799104941,f3859d210e08b8543709e22e102b236656e54fa5,Agent,9.0,9.0,18.0
2799104941,f5273e0ae49bcd15610696d60a163458cd493605,Agent,61.0,35.0,96.0
2799104941,fd30a32fa8a80a30816b4752ce99b68536b1d273,Agent,46.0,17.0,63.0
2799104941,fef1cbc5e8e4dac8ae955a07ce2b1339500e3642,Agent,46.0,17.0,63.0
2800769710,0f44c6b7a840a0c568d7e8be666b07c6a96875f7,Human,72.0,28.0,100.0
2800769710,557a5f94abf4e67bacbbcf8950fd3247187b6378,Agent,260.0,30.0,290.0
2800769710,69cc6f348d431b9e604269657920814659b2c0c2,Human,1.0,1.0,2.0
2802381070,1b50625c70fe51cd921e91b671a077fc33f42490,Agent,133.0,10.0,143.0
2802381070,6c683bb5a45b9f3b3183e6c1c9086ee4d3ee4b36,Human,24.0,16.0,40.0
2802436731,95f5770c66210989664ca2743f4b6e8cf4179a2f,Agent,20.0,13.0,33.0
2802436731,b00ab3232ad7a462a25bdc923a065e6ca2919f4b,Agent,1493.0,6.0,1499.0
2802436731,c2f2bea92d6fde5fa9ad9b00144219a1e71157cd,Agent,7.0,15.0,22.0
2802436731,f9cb6486162b2c8b92b9939d3f14450bdba1cbcd,Human,0.0,2.0,2.0
2812399095,01cda23c3d4dfc67687c97518cffa24886bd9158,Human,151.0,62.0,213.0
2812399095,0af459cc5e9c1e2d7a7d12a70bf0b100170ac56e,Human,5.0,5.0,10.0
2812399095,0d63d7afaeff790009499a43d9d3b7cacc0acecf,Human,9.0,163.0,172.0
2812399095,0dda62e9f45c1357bb3babd95a61fc76af8345c7,Agent,105.0,6.0,111.0
2812399095,1133ffd49aab343c34d3e084c2ab80e07e26df20,Agent,11.0,102.0,113.0
2812399095,1b352bb5808553248b722922b6e948df006be08d,Human,154.0,11.0,165.0
2812399095,1d969160947e89269c4f79d3fb4732403c22fe5f,Human,198.0,173.0,371.0
2812399095,1ebff11e0140479aa04c26d6d36fb85ababaaa14,Human,0.0,6.0,6.0
2812399095,213db55dd9a5dde455f6592c2df4ab27fb48abd1,Human,183.0,1.0,184.0
2812399095,235a0ed4cb19cdce34dd53ddc5cc9890833df212,Human,42.0,12.0,54.0
2812399095,2dbf810aa899136055927f908dbf4340390bdf7e,Human,12.0,12.0,24.0
2812399095,3ab237de2b525b83834841dc6360da40ed16ccac,Human,347.0,45.0,392.0
2812399095,4caaa7411a4b187bcb7de8681f82a972027004a1,Human,16.0,4.0,20.0
2812399095,54332e4f490c190f84b69c1991e51f68603244b0,Agent,76.0,152.0,228.0
2812399095,61f7c2290d025ef12efc809d9e916d595d692c39,Agent,3.0,7.0,10.0
2812399095,754d3efcf114d7ad7e63435f6a1ecd046e52e946,Human,22.0,15.0,37.0
2812399095,83ce2d6962fb889f2102eca31814ecfd5e41f88f,Human,4.0,2.0,6.0
2812399095,89f2a57b604faf5ead88ec56230544f4da375ac6,Human,8.0,3.0,11.0
2812399095,927383b82a97380f8134122cd89f382f2277ab76,Human,4.0,2.0,6.0
2812399095,9d1f515d6dc44de18fa68004af56c9c2050f8ba4,Human,98.0,90.0,188.0
2812399095,ae21fa051cf25d3cde577133f1229483cc8e1693,Human,132.0,9.0,141.0
2812399095,ae94b64fa08f90c068e32b2f643d192dd908c60c,Human,96.0,58.0,154.0
2812399095,b62c875bf504a141958dbc43cc3e8293c93a332e,Human,1.0,1.0,2.0
2812399095,b966f7306d222a534bc65bdabca689721d5ae58f,Agent,38.0,0.0,38.0
2812399095,b9c5a621f4860833f8519ee6b153fbc65953d725,Human,1.0,1.0,2.0
2812399095,c55b36805ddfba2f4858ac819c0cac47e238fb78,Human,3.0,2.0,5.0
2812399095,f0a6efd84ae5872de2934b551a7cd394d6063739,Human,18.0,21.0,39.0
2812399095,f78beda7e3307dce358411acf5c95fb945032dfe,Agent,150.0,23.0,173.0
2812399095,f8e7368a63a1542eff44b9615532c4af3a230882,Human,17.0,0.0,17.0
2815602191,05a03d0595a20bab3f1def5a40fb17c10a0acc54,Human,12.0,10.0,22.0
2815602191,1119400544751657e939a936f10f5e2bd5d10d0b,Agent,14.0,2.0,16.0
2815602191,197b2f7268ff3a61accc022b69ae6f2815788ebb,Agent,11.0,11.0,22.0
2815602191,3101e5b72a339975817871f53f84df11c29d81a1,Human,12.0,3.0,15.0
2815602191,3cb5bf3159d44c54dc804116bd0122736f3f5aae,Agent,218.0,87.0,305.0
2815602191,682626bb0da1aafee3e1c0ea1ac98d9657154a7a,Human,57.0,80.0,137.0
2815602191,718041084c9acec6a53468d70b05df1590b5287c,Agent,38.0,38.0,76.0
2815602191,73302426681c87fa61cddc59aa5148c4d9694cd8,Human,3.0,3.0,6.0
2815602191,80ac4b38f23cf16eafc84881a0bbb1be5422a513,Human,154.0,109.0,263.0
2815602191,8425ebf764bcc365bf8aefa05c7fe3f1a77a76ab,Human,48.0,35.0,83.0
2815602191,8eb0c6ea17a41d145a9a1805d36c96496b8996e1,Agent,4.0,4.0,8.0
2815602191,94a8233ad9f6140b7dc972fa45d51d9d2461e5da,Agent,0.0,1.0,1.0
2815602191,9e3783d149969c6b0c694514214f3e72243e2fce,Agent,441.0,199.0,640.0
2815602191,a1df85fefe77c3512fc347dc4ad732c706771263,Agent,1.0,0.0,1.0
2815602191,a333e3f8d858197f3440e823373f18465f211541,Agent,59.0,59.0,118.0
2815602191,a6f830aa1c366338d85e026b91a3971e0ce57865,Agent,342.0,379.0,721.0
2815602191,ca812fa0d58cccb913eba722c6f140dc68cd28ac,Agent,3.0,3.0,6.0
2815602191,d23bc7121f8572662ec1d6b4c88178aeae3fa22b,Human,28.0,10.0,38.0
2815602191,df3dbced3ac4466e4a3472e7d33dc27849c54ddf,Human,57.0,38.0,95.0
2817177399,1f49fbc2a800ed6359a6a69a4d757cae5bff35b3,Human,384.0,8.0,392.0
2817177399,223a8d37421c8bd952864d167bc5d1abc474db69,Human,4.0,6.0,10.0
2817177399,440b00e9cd373859f7651f8642880228fb3485c8,Agent,9.0,0.0,9.0
2817177399,4bf6e4379455962c1a26a1cfbeb8652d231616c0,Agent,322.0,163.0,485.0
2817177399,5f6f61bc8394aa7df7aed34425503db92c127235,Human,303.0,128.0,431.0
2817177399,6c1acb6c2113413f524c232b2becccda65a1b83e,Agent,51.0,46.0,97.0
2817177399,78b5d605f5fa4c23885030cdc1bd3c29b2588777,Human,33.0,21.0,54.0
2817177399,7a1cb91cbc7eb0963739c2474de20a2822c56b24,Agent,40.0,40.0,80.0
2817177399,7d11c16e54360e2868c2f5478e7474728c956b9e,Human,270.0,183.0,453.0
2817177399,98ad2b35c1fc4842a9898cff6b775b5a94ccd80a,Human,438.0,0.0,438.0
2817177399,9dd900430fbe28442c279cb20151925180d6356e,Human,73.0,68.0,141.0
2817177399,bbd2f6e590751759d50e67f4719682dea4a0ffe8,Human,36.0,74.0,110.0
2817177399,c350368ff43f8a818893fdece1a171ce600550a4,Human,64.0,137.0,201.0
2817177399,c4f30f86bfcb5d72c15fae255d83550304abb73e,Human,75.0,115.0,190.0
2817177399,cf1b5b62f477895118bf0cc6191147b88dafa228,Agent,847.0,0.0,847.0
2817177399,d8067d52aaa9a0350e6b5dbaad59eacce37db05e,Human,194.0,128.0,322.0
2817177399,da5327216b361e24e72e04b1cd1bd306fdbf1e2d,Human,732.0,0.0,732.0
2817177399,de616e29045eb507141d6ca3baac27a1f7dbefb7,Agent,1063.0,32.0,1095.0
2817177399,e4b04214b2c5187fad98136b205564136cb19127,Human,311.0,145.0,456.0
2817177399,e83284ca84aedd90bda574e51b277786b24b975c,Human,3.0,3.0,6.0
2817177399,ec52fd3c5ed4591796cf7ff3efa93c746547af81,Agent,4.0,4.0,8.0
2817177399,f25cbd978a13ab4337606d472fddec2cf22080a4,Agent,2.0,4.0,6.0
2817177399,f449f397414d71904b2f381b69e4a30f95c40d42,Human,210.0,205.0,415.0
2817177399,f9026107197f03cba05907322fe1a3e85748758d,Agent,29.0,78.0,107.0
2822168236,07967932c78156ad3ec2be29b8e7216940eeb0a5,Agent,27.0,9.0,36.0
2822168236,36da64aa09757a379b24920214598606ad53e25b,Agent,5.0,0.0,5.0
2822168236,5d2c85db2e7df5f8a75fa085f6c96d97ef22d1cc,Agent,3.0,3.0,6.0
2822168236,5f07b1a846815a71367438a120f9ece3c54b9269,Agent,12.0,10.0,22.0
2822168236,6449d70241d7a0a1a38e02c83fdaed4874157b1e,Human,0.0,46.0,46.0
2822168236,73acc14468a93ce784419e35d7cf72bc4770fcd3,Agent,30.0,0.0,30.0
2822168236,80f41f5a4f6049e2320d4d3a234a8e8e54ac87d5,Agent,17.0,0.0,17.0
2822168236,887113879a20b59cce4a17ba875b3d495aa4c9a1,Agent,35.0,52.0,87.0
2822168236,ee4b769bf8e3b341b8f93474dcf27b74a0a903ec,Agent,8.0,8.0,16.0
2822168236,f8f1f0350a1e3f9481b4745c2739d50dcfd23007,Agent,9.0,3.0,12.0
2825772024,2659a0fdcf901ed5767b0fa5e8e46a141cbb0e12,Agent,363.0,0.0,363.0
2825772024,328322008d9ff441890dad1c6b13b1a66cfea89e,Agent,47.0,41.0,88.0
2825772024,369a88a75321cea83c79973b9ff23707f7ffc24b,Human,93.0,65.0,158.0
2825772024,48614c442ab851a24556f796c06c581f686a0e20,Agent,103.0,61.0,164.0
2825772024,4e0fe244d57c6ad814657ec3dd28c492e97a7717,Human,15.0,15.0,30.0
2825772024,5e90dc826afd20212e2e8a4ce4c93db6812cf128,Human,172.0,0.0,172.0
2825772024,867e485d22e141ec7cd0baaef8077f8c02b941bf,Agent,1.0,0.0,1.0
2825772024,94b06070718deefdda1d7b7bd3e47fde8c4bc769,Agent,11.0,51.0,62.0
2825772024,95f5770c66210989664ca2743f4b6e8cf4179a2f,Agent,20.0,13.0,33.0
2825772024,afff275bf1c9e4c1b3e341586e29c80172a938f8,Agent,3.0,10.0,13.0
2825772024,b00ab3232ad7a462a25bdc923a065e6ca2919f4b,Agent,1493.0,6.0,1499.0
2825772024,b190d9344f90beadf5d96ef038b087feff0c6004,Human,84.0,77.0,161.0
2825772024,b6e97c0b7f20be4ef8f54f71e37243f76ec73fae,Agent,435.0,2.0,437.0
2825772024,be45c0f63a07a5d249cdd19d2f6bcdd05d2e89c5,Human,12.0,2.0,14.0
2825772024,c2f2bea92d6fde5fa9ad9b00144219a1e71157cd,Agent,7.0,15.0,22.0
2825772024,c6cd4fd775d1d82e751db67885fa7fca9a51d2a0,Agent,12.0,2.0,14.0
2825772024,db67557694efd04189b77c69b8c290d3fe390170,Human,44.0,41.0,85.0
2825772024,dcf6b6b2c7b67074f3975bdfff72fe3d9356c461,Human,45.0,43.0,88.0
2825772024,e90aba4b2119b57b8376a930599f4c3707ddd9f7,Human,42.0,65.0,107.0
2825772024,f74daf948fe628c2dbe8ad8b97d5d9f279e2a813,Human,0.0,8.0,8.0
2825772024,f86ecfdd90f2478edf2ff9a68347a332889c897b,Agent,78.0,0.0,78.0
2825772024,f9cb6486162b2c8b92b9939d3f14450bdba1cbcd,Human,0.0,2.0,2.0
2825772024,fdde554ab37960afa4aab70411eca40cf5c21304,Human,20.0,11.0,31.0
2826018855,078222dbe4e6091202a1436c9c9f2f0461499f3c,Agent,29.0,5.0,34.0
2826018855,0c4e9075c92646272d8f2dee8fc9655c99f4c74f,Agent,136.0,8.0,144.0
2826018855,2a9c64c9482e68b750db627003eb849cb320aa7d,Agent,3.0,1.0,4.0
2826018855,310555813daa65a6d298e79db41cd70dbf447dd0,Agent,3.0,0.0,3.0
2826018855,74293147d65687c13b3c77d3de29597b2f1783bf,Agent,8.0,10.0,18.0
2826018855,f7f9786683e1846b997a55b714bc3f6b924fcd61,Human,6.0,1.0,7.0
2827862538,01d56a30d16617625398e4f22c3ca514f0bc174e,Agent,70.0,4.0,74.0
2827862538,0644872c8353063c8e7956ecf37ae9fee83f8a75,Agent,9.0,0.0,9.0
2827862538,0ab8ed437185ba00ab2b16c4b4df7d517fc26bce,Agent,615.0,451.0,1066.0
2827862538,105a5ef28963187b90151579f13df17dbace7b14,Agent,1.0,0.0,1.0
2827862538,2288bbfddcc1070d14aa38a7ededb5840fdf26dc,Human,20.0,13.0,33.0
2827862538,34b3985d25f93dc5815f053c5030eb1232a9c9c6,Agent,5.0,0.0,5.0
2827862538,38f5f40f66b27092cca083220dd8b43c9b2e9aad,Human,0.0,5.0,5.0
2827862538,6537f9011013198407949145b88557979346d78f,Human,3.0,0.0,3.0
2827862538,843add331929e93ff8ff6367e101eddcf5e45080,Human,48.0,49.0,97.0
2827862538,caec855a822b9713848bb0d61a9a49bb8377eae7,Agent,691.0,0.0,691.0
2827862538,dbc37c6f3164480aff0bd36710b5a9b8049aa2b6,Human,12.0,19.0,31.0
2827862538,f335a21ba3689963a7d37c57bd08af5e744e1def,Agent,432.0,54.0,486.0
2832531846,026c43921031bb81b8fe6340ed9d559adda4c635,Agent,1.0,1.0,2.0
2832531846,0d01dce4377ec37430df089c55b3048cf0c1d1a4,Agent,5.0,2.0,7.0
2832531846,21df4095ee9e785d35191ad93a17ffcd602e81ff,Agent,28.0,30.0,58.0
2832531846,2c11d21910050ebf1f88f20de9d0f87c5f7c0c6c,Human,9.0,51.0,60.0
2832531846,829346412762685cebc492f4ad9a4a9d611acc92,Agent,159.0,0.0,159.0
2832531846,ae6ce7846ac4fc8a2eefe984ad9e56887d0fa471,Agent,73.0,0.0,73.0
2832531846,c639e574186859efc98a04abf884918574a4800f,Agent,28.0,1.0,29.0
2832531846,c81eb0e32ab523ad416ce14dc776f0a9e7cd0128,Agent,10.0,6.0,16.0
2832531846,dc2c0cae5f0757858ed9a2c87a6a246ae5f76a45,Agent,4.0,3.0,7.0
2832531846,fabea4de3b273594a246005a35c423b6a033c192,Agent,16.0,6.0,22.0
2833310522,4685361f6d4690cf0a5a30d9b4e8884b9303bc72,Agent,1.0,1.0,2.0
2833310522,53761e0e6dde75498ce821e217439a7a338eb1d7,Agent,7.0,2.0,9.0
2833310522,5e96c186c5ddc0fb1dc63444fd1885db03d6a3a4,Human,40.0,19.0,59.0
2833310522,962839eb96a304d743078d02f6b774b22f17945a,Agent,199.0,4.0,203.0
2833310522,9ddaea25cabf555a8e846d7c51e330b5682cdc21,Agent,0.0,3.0,3.0
2833310522,c64a7a13d532ced806bd64710954140ad7afb4bf,Agent,12.0,9.0,21.0
2834395087,3e81971e12ec4ce6a9eac0250a831167fdb0d895,Human,10.0,17.0,27.0
2834395087,6259060edcb9db5f6613d41e0287b897814ca03b,Agent,142.0,92.0,234.0
2836984102,0093e0bce6cad26aaf78d044b8ca2e013a82ed32,Agent,11.0,5.0,16.0
2836984102,2b51efccfb07490ac9da16476c7aaa038b688990,Agent,88.0,11.0,99.0
2836984102,3e83c57b273c994057bcfd1a096bfaad5b822fc8,Agent,3.0,0.0,3.0
2836984102,7a080fa64964e8f728ecf03e93a88bc58d7900bf,Agent,1.0,0.0,1.0
2836984102,a56e85436329e2df3bbab85211040e3394e89e20,Agent,3.0,3.0,6.0
2836984102,af8540b885ae36533573e39736de7bc3113e2512,Agent,262.0,0.0,262.0
2836984102,bf8c7562de5d9a7d77c7701413a87bcc25737e20,Human,2.0,1.0,3.0
2836984102,da2b54eb2ccdbda6ee8b99d17572fd69a300620b,Agent,1.0,7.0,8.0
2840540666,0aa433c2897da502cc030c7f9f9318e3ee24fe4a,Agent,18.0,1.0,19.0
2840540666,509b3394ac954966b7cd11e58617cdaf1f1ee4a1,Human,1.0,1.0,2.0
2840540666,9b6bf9ab5b0d48ec8dc4227860ce70d3a85668e0,Agent,68.0,8.0,76.0
2840540666,d6d61d4819259642e9d2c2f594987e446f215f59,Agent,57.0,0.0,57.0
2841184790,0aa433c2897da502cc030c7f9f9318e3ee24fe4a,Agent,18.0,1.0,19.0
2841184790,509b3394ac954966b7cd11e58617cdaf1f1ee4a1,Human,1.0,1.0,2.0
2841184790,6740641fe8c2c44d04aa1ac80e5b64fea84d5653,Agent,72.0,38.0,110.0
2841184790,9b6bf9ab5b0d48ec8dc4227860ce70d3a85668e0,Agent,68.0,8.0,76.0
2841184790,d6d61d4819259642e9d2c2f594987e446f215f59,Agent,57.0,0.0,57.0
2843181529,0759c40d7acdb34e62a6e4fe7e3160b5e2c68e07,Agent,11.0,9.0,20.0
2843181529,5cf9db3fdb3d61af93b2a0992bc22e1c6541846d,Human,17.0,3.0,20.0
2843181529,b5b1a85e48341c0d247d5bda8457ace2344a309e,Agent,2.0,4.0,6.0
2844207207,0f2805e49fdcf0ebdc610a0dbbfd5c7f97280a92,Agent,20.0,0.0,20.0
2844207207,34afa0f0069edbe5372b45a55c7b63ebcf7dbe35,Human,157.0,153.0,310.0
2844207207,95f80c972c8b5e2c58a2fb4f4347c8d98da38f58,Agent,8.0,8.0,16.0
2844207207,ad6e37de8d3d04f506b283a3265c7cfee70b1447,Agent,33.0,0.0,33.0
2844207207,bd6767b3a7d774e7ba34417b15dcca6ffebe986f,Agent,14.0,0.0,14.0
2844207207,c6bf0abc9e2d17fc265bc489b40f2b770d9aa908,Agent,20.0,0.0,20.0
2844207207,c765143dc6ae2a3379b7292c74dc5617d8621357,Agent,4.0,0.0,4.0
2844207207,e6669685a4ee0d44fc8a5193611d8710f47ed41a,Human,1.0,1.0,2.0
2844207207,e83d976ee1da92f57fa1dfc173f82b97e94560fd,Agent,8.0,8.0,16.0
2844207207,fde496b4d560ce52f876f29671bcb428e8e998ad,Agent,6.0,0.0,6.0
2844251494,017bf659c008b03c5860c017f3fdc27c27bcceae,Human,17.0,18.0,35.0
2844251494,1b7d02072e1f165774475aba911532a28a34427d,Agent,109.0,89.0,198.0
2844251494,90cec57ab552a5a6bcd1570d42d586ee9520dae1,Agent,5.0,2.0,7.0
2844251494,9e5741705a8358cf32220b735e94e7b7e7e0a642,Agent,24.0,13.0,37.0
2844251494,a38e37a900e794f8280a3961f7ed33dc69ae1ac8,Agent,1.0,1.0,2.0
2844251494,ebe819949303c47e881df8548306d1e1c5689d80,Agent,2.0,2.0,4.0
2846355330,10d885518c1b3fead04b39f76f9291865c633cb6,Agent,24.0,26.0,50.0
2846355330,9b1c225818a08ec3298ef46f0bf01cf345b345bc,Human,13.0,8.0,21.0
2850852315,00c2f5043e80be88dc3337d5e57a73358f5ca11a,Human,5896.0,589.0,6485.0
2850852315,0e6689c19c6bf98460d05604b3aecb4d7ab8a716,Agent,141.0,0.0,141.0
2850852315,14503bc43b763b797dc52cf466ab900cd27c8d76,Human,31.0,562.0,593.0
2850852315,1cb5f57864965395949f138e48736eec5ee8cc05,Human,11.0,1.0,12.0
2850852315,252095a668acc77fc43e6cf5feb07236b34f22b4,Agent,57.0,2.0,59.0
2850852315,2a2c163c3ddcebab1c6fdf559b98cb8166e616d5,Agent,141.0,0.0,141.0
2850852315,2e01d1029b95704a45bf54cf5849eda4ed8d7436,Agent,33.0,120.0,153.0
2850852315,3348de8db739332f8b4fcfcbb50469d9b1f7adab,Agent,220.0,10.0,230.0
2850852315,4eaa8755ebb3c71e97703d0f7edcb848b89686b2,Human,229.0,344.0,573.0
2850852315,7dc47adb5c28b140caa14ad74abbce29e8727058,Human,21.0,9.0,30.0
2850852315,84f770aa5db1df317699179ab934e1488e38b972,Agent,4.0,4.0,8.0
2850852315,90f1bee6025a2bfdc2f4d7ef5531805c727f090e,Human,1254.0,48.0,1302.0
2850852315,92e1877bf0d1704990050b50de98b1def487d219,Agent,55.0,3.0,58.0
2850852315,93ec41225b08ed4efa977bd99043703c55fb5d4d,Agent,184.0,12.0,196.0
2850852315,96a7e8038fa7c24e5510fdd64f37879a345374c6,Human,845.0,16.0,861.0
2850852315,9fad174b74cbaed52108b22a383b4aab216afc89,Agent,0.0,4.0,4.0
2850852315,ac703bafc856369f3f7d12ba8fba1ae97d800505,Agent,10.0,39.0,49.0
2850852315,ac819bcb6ee6ad95888ba051e173a31492a1f59d,Human,19.0,11.0,30.0
2850852315,b02e952c321a3765ea8a8b2066fbae2051519456,Agent,20.0,9.0,29.0
2850852315,b6d668fc664c5f376626f06acdf48f9f462884e2,Human,208.0,0.0,208.0
2850852315,ba66910fbda6aea4b433d9633f60a0c38f830144,Human,51.0,18.0,69.0
2850852315,bcd90e26b01d1838c686c106d4fb680561f82154,Human,50.0,12.0,62.0
2850852315,cf7a26e009711c167b851a0f6c4fbe0835633876,Agent,220.0,10.0,230.0
2850852315,dfba35e47524065faa9bb87126bfe57882cf6039,Agent,20.0,9.0,29.0
2850852315,e2ce65fc5b9cf1f0ab3495e74b1d102ddfacedf3,Human,86.0,879.0,965.0
2850852315,ec050e5d33bfb578a3bf92d026da60a9b3548c7d,Human,0.0,2.0,2.0
2850852315,ed877467e1c70c752f434b60b92a4b9665fd88a2,Agent,147.0,18.0,165.0
2850852315,fd70de34cf4b80e1e0ede0150fc0b6e51c379af2,Agent,4.0,4.0,8.0
2852623041,18fce78194d4704647c64a41d503d7da91eec1ff,Agent,2.0,2.0,4.0
2852623041,259c41bb1b2efef5ebbae1114274f60064580c68,Agent,6.0,4.0,10.0
2852623041,5700e3130efcf3f3d966469f6625dc62919c995d,Agent,2.0,2.0,4.0
2852623041,976e9732efd9964f8f9b6345abfa41fc5a16e547,Human,40.0,20.0,60.0
2852623041,9f5e20069713d8301dfb94e7869577db26aa5fc9,Agent,3.0,3.0,6.0
2852623041,b738658eee57a3bcd0e731802c869b7280c3565f,Agent,1.0,1.0,2.0
2852623041,d187447766a21b264746b652a30c3d3dfa27bc2f,Agent,2.0,2.0,4.0
2852623041,d2500493f4a59671bd9c53b09c1ec04976cf2a81,Agent,2.0,2.0,4.0
2854721329,06380575f630aa7c83fd459b9e7e7e65082a6b29,Agent,10.0,6.0,16.0
2854721329,0a8f1ad2504299b7714f8aca0d711799145fef77,Agent,6.0,7.0,13.0
2854721329,0d8d0dd51dd1152502b13495c5735e034a7ed8d1,Agent,9.0,9.0,18.0
2854721329,1740357410138575b28b5cb8869c51b2d2089b3b,Agent,4.0,4.0,8.0
2854721329,6bd7b4382444710ab37e87499660d5e69d0344bc,Agent,6.0,6.0,12.0
2854721329,7960f30333ad4bd570bab38ac77f33ec6abb9546,Agent,14.0,12.0,26.0
2854721329,84a2ecc664fa9d1cfd0429573fcc92504c9f82bb,Agent,10.0,0.0,10.0
2854721329,acd2f5ca83306299ee52c91f8377355f00a4fe37,Agent,9.0,9.0,18.0
2854721329,ad81d918279deb4e1b2129865315b6415f637410,Human,3.0,3.0,6.0
2854721329,bdf6b8d4f194e336465995223fb40a2e35f947e7,Agent,2.0,2.0,4.0
2854721329,d4798a269ab778b420ce97d48151da9f2abbaf6f,Agent,24.0,8.0,32.0
2854721329,e2b50628be800e981ad368151891f4339f85bf83,Agent,97.0,4.0,101.0
2876006908,0d3edec0aa10bbd0cc4a8bca72007109af52ac74,Agent,179.0,27.0,206.0
2876006908,105f4e4e447383cf6a0188424c8593b2d090398d,Human,190.0,135.0,325.0
2876006908,1ba4cb90307ea7b88ac038312477ecfea1394459,Agent,278.0,36.0,314.0
2876006908,41462130b75ae14fb3da4d9ef9552821bf985048,Agent,139.0,11.0,150.0
2876006908,4d4bb3c5a49de620b95dec2f50f5d711024d60c3,Agent,26.0,11.0,37.0
2876006908,58bf18e193b3ad02a586151f0f432282015d490e,Human,9.0,5.0,14.0
2876006908,77cf2ce77b86244d30dd9d681a628356216b6e6e,Agent,4.0,4.0,8.0
2881667376,006686c88a9ad512c21cbcea55f21c8be52c0d94,Human,188.0,158.0,346.0
2881667376,13c007744099fa40addfe0a81f9c730232c9af14,Human,4.0,0.0,4.0
2881667376,1a76f666e5d3a2c1476bce47730f7de07462a3ec,Human,9389.0,73.0,9462.0
2881667376,2047ce5732d9b20156898e94df8817360b91f579,Agent,429.0,133.0,562.0
2881667376,33963d9f88be614b788060246e914a1a1b5864e0,Human,0.0,86.0,86.0
2881667376,362a847fa44b4b8bde57f045c6a13c5b013f8515,Human,4.0,334.0,338.0
2881667376,3707b3010e38c1a988128daa036bf8025aa65de9,Agent,0.0,35.0,35.0
2881667376,4afb6a85f50ef92389b34656a3f3b3c60cd21030,Human,6.0,84.0,90.0
2881667376,4cd5d952ce806f07bc1fba32c97139cb9fdf7007,Agent,18538.0,0.0,18538.0
2881667376,5d674932a1a8ece2c3a39f8fd73aa982862e3b49,Human,1.0,57.0,58.0
2881667376,7999b279f2a1a6753831ae784b2af36f74fb5eac,Human,339.0,307.0,646.0
2881667376,7e733b1741615f80e999dbf84259da149bf2bf59,Human,28.0,184.0,212.0
2881667376,9d4ead87e31c13019897baedfaf1b77ef5583939,Agent,335.0,284.0,619.0
2881667376,af0eb9c1f9ce13bcd9cf52c4cdbdaa2d5a9409f0,Human,8.0,1222.0,1230.0
2881667376,dd6f547f55908746b2101f8de46457e3428ed704,Human,18.0,2.0,20.0
2881667376,dd90fc079d05779f9a4d807f538a8b88fb8b475b,Agent,41.0,334.0,375.0
2881667376,e53f5f2d2cb937b1cc21782ce89a0e4e74a39de6,Human,532.0,0.0,532.0
2887586185,1e9d96d517fd503643474918e75723c197ab848f,Agent,9.0,3.0,12.0
2887586185,4f656b2603191d285586c754e9239f6da6665098,Agent,2.0,2.0,4.0
2887586185,dd2a0a7fb924720d13e717eefef7b7e6e28b83a7,Human,1.0,1.0,2.0
2887586185,e3b421fb29bf4d28b294676ed8460bcbf649a33c,Agent,6.0,4.0,10.0
2888185420,072d3c03938f70523f89a9ac954c77dbc8df0bd2,Human,86.0,36.0,122.0
2888185420,090aa0bf978328f18783c33fa92320ef243f50f6,Human,49.0,45.0,94.0
2888185420,0be37d5693bad70eee95df6d0d7027543f0c17a6,Human,10.0,19.0,29.0
2888185420,1311f3501ddb91e01c0ebfc11cd29afcb7e9b182,Human,46.0,13.0,59.0
2888185420,13e3573f673bd37cb11e398295a1d52a2ee72cfa,Human,5.0,5.0,10.0
2888185420,205bb372c9e4c1e7683c49fc59bab8013260eb17,Human,12.0,12.0,24.0
2888185420,2f2244ea2e2542c5f24fe4c1041dc58d1a71ecde,Human,3.0,0.0,3.0
2888185420,3563e0880272a79a8db08ac44608ef96ae81dd1e,Human,1.0,1.0,2.0
2888185420,4495ef50d0f2debf804c095dea07104e39239dfa,Human,32.0,44.0,76.0
2888185420,53a2ee8d4ed7191c066144f47ef3d8ae67409efa,Human,0.0,98.0,98.0
2888185420,5577be34de58c3a1bdbc25b3f4ad0e60ef4d54a6,Human,43.0,43.0,86.0
2888185420,6b47465829d6381a9eae3a31eda433ea57f5bac8,Human,39.0,18.0,57.0
2888185420,79f6fff51e1d3148f77161f6262aca5fe7421cf1,Human,62.0,37.0,99.0
2888185420,7ceec5a19c0bb25cb311cbaaa48ac37f250e0374,Human,11.0,4.0,15.0
2888185420,91d16ef0489d7a19e0777d6e347a0ce0f75c13ef,Human,119.0,5.0,124.0
2888185420,94d7193eff10bcbdc6c8e504d27dda5fb27451d9,Human,10.0,5.0,15.0
2888185420,9fb603fc331bc4cb5cdbf72088a5e585d86027e2,Human,31.0,3.0,34.0
2888185420,a232b7dd32dcea5df290294c74b4540618f6cf73,Human,22.0,32.0,54.0
2888185420,ab34c6f66b1b611fc9ed3a141731c657d62a4fb2,Human,12.0,2.0,14.0
2888185420,b6e4e5ec3ae06f151bcc192ffede926f987874cc,Human,165.0,21.0,186.0
2888185420,d1d5d857b83d48e1069c12f248cd6b5631095202,Human,44.0,5.0,49.0
2888185420,d6727bf5c88a5087d65686f627cefbf44874af41,Human,8.0,3.0,11.0
2888185420,edd729ad5656bdff71db4b4d759ba9aa26af9352,Human,29.0,11.0,40.0
2888185420,f6e5383eaf7f22ba23c654abd2dc85ab3b89c149,Human,13.0,0.0,13.0
2889089910,55a4632114108139a85c5dc03836d5c66edf2d68,Human,2.0,1.0,3.0
2889089910,79655c4b4de67dc20363ca5d844f344b91196e7c,Agent,164.0,40.0,204.0
2889089910,7c9749c898f3742c1f1ccc0898942cdb3ebd68c3,Agent,10.0,7.0,17.0
2889089910,82d35a32edc36cf9bf5aff98ec7fb210a8feb6b5,Agent,1.0,1.0,2.0
2889875255,5cb0d0d56928c77e7a867ad4b1462e6fb2056372,Agent,552.0,18.0,570.0
2889875255,6738cfb159818c6d5824289e9dc8585b21a2799f,Human,28.0,20.0,48.0
2889875255,bec1439613f71ddd4f5506a486a9839eda9c98a0,Human,16.0,2.0,18.0
2892364501,b97006f764eddf8842db8361734a64ca81aac240,Agent,39.0,0.0,39.0
2892364501,e0fd005e4dcc88f8ce82cc2cd7d6b33f1930160b,Human,5.0,0.0,5.0
2892443818,8c7eaa9ab721a1c74426479cd231ca4969e9b32c,Agent,145.0,25.0,170.0
2892443818,e3f8e6aeb0110753a0b888c5e60da296ca7d93e1,Human,10.0,10.0,20.0
2895276856,bbfe0c6e411e891c56f3184cc001382c75247d57,Agent,48.0,2.0,50.0
2895276856,c57e313c8f6b0ab329c33d16de85563c3c605a84,Human,7.0,3.0,10.0
2895276856,e8ba3529b17873dab8c1b5758e3ac4b2c2841658,Agent,9.0,3.0,12.0
2895276856,ff95f4774df8309f796e0f0208a097f8e0c17d7a,Agent,15.0,8.0,23.0
2895840786,9527dd6932ad5dc34022cd2c60be86d70710e447,Human,2.0,1.0,3.0
2895840786,e324d5b424d994bc55622968109fcd058806e395,Agent,1.0,1.0,2.0
2896371903,45917f87fb3333ee8a0cff72526f6fa9aa2bc998,Human,35.0,37.0,72.0
2896371903,5e0fe2e00b177e420f5f52a8feb4fb972ba3b870,Agent,54.0,22.0,76.0
2896371903,65bb40ed0ad92df1b46d1b918e0c05668ac8f981,Human,1.0,1.0,2.0
2896371903,9ee12922fca164434111c880102e2131f6c2ac0e,Agent,28.0,3.0,31.0
2896371903,a039de426934b7e35a1f3db34a7829d54013a003,Agent,260.0,94.0,354.0
2896371903,e57f6a41a2458b80c3ebb426e8a6c3e898b676f9,Agent,2.0,2.0,4.0
2897533176,151d30d219f67ae09d83baa402afa1bf3582a8b3,Agent,514.0,0.0,514.0
2897533176,1a3df80366ca61399425e8877b68a38ee7e6d020,Agent,341.0,0.0,341.0
2897533176,a83300b344abb84f179ed9e5cfb6edf6c49ac010,Human,321.0,4.0,325.0
2898351864,03270fa48c91ca46b8ade07a22ab6a70ce5b4915,Agent,11.0,2.0,13.0
2898351864,037c373ac7715fd91cebbac7f5c4e16433cfd4c6,Agent,2.0,1.0,3.0
2898351864,0830605b43cf7a606e1f4ee17ac7c5618ec06260,Agent,20.0,15.0,35.0
2898351864,1717f7a29076f5b9c6946f177e85e91447cc1efd,Agent,11.0,7.0,18.0
2898351864,3ea83e73ba35824c579f087eccaf173f4cac6402,Agent,23.0,2.0,25.0
2898351864,55593405209356bbfa4019794fd5073c298b0218,Agent,2.0,4.0,6.0
2898351864,715578bbb6b55da1e74c531e6960dc5a6c4402ed,Agent,3.0,8.0,11.0
2898351864,893e06e37af29ee0ae103f32f389a2f0d6c89501,Agent,10.0,9.0,19.0
2898351864,9a0f7c947c20cb6b1e53f5a537a6e458171e30c9,Agent,78.0,14.0,92.0
2898351864,9e0ecf927010a714b6cb8be16ed4426841298cd3,Agent,2.0,2.0,4.0
2898351864,a5dc59ce6365122450c002fdd5d59ab0297092b7,Agent,55.0,16.0,71.0
2898351864,a636e747285f9fbdc4fe5ac5940b91664b21814c,Agent,465.0,52.0,517.0
2898351864,b485d60a50d097d61a638aa0613f65dfe0442618,Agent,3.0,23.0,26.0
2898351864,b5a502ff5d19d03c2eded2f76773fe8ab58450bf,Agent,9.0,9.0,18.0
2898351864,c452492320d18f557ef3a881894c7310b89d93bb,Agent,44.0,33.0,77.0
2898351864,d05715a82e4311ac07009932ffeca8079a96ebb5,Human,5.0,5.0,10.0
2898351864,eccdbba92adc76af377b5a6b582c46fb96110814,Agent,17.0,4.0,21.0
2898351864,f96ce1a44f4e40d5dc8032b27fe08ceed12975b9,Agent,30.0,5.0,35.0
2901677234,0b739700ab005cd66f54902eab3b68cf4e5bf4e4,Agent,17.0,4.0,21.0
2901677234,20ad1ab2cc6bb106fe3d2222bbf4c8ebe913f380,Agent,18.0,9.0,27.0
2901677234,3631922665c856c50cc03eb424b4789416170b21,Agent,1.0,7.0,8.0
2901677234,3f0a6c698fd41170ae3881367e411c59cadd6721,Human,1.0,0.0,1.0
2901677234,5c121a7a7b4ddc64ad94ffd9f58106b2fe7f75a6,Agent,8.0,6.0,14.0
2901677234,aaa9177797f4725b7d6fa86bb496147657bb513b,Human,1.0,1.0,2.0
2901677234,aac675317702964cd03ab3dab34777c0cf7b640b,Agent,8.0,1.0,9.0
2901677234,c283258af27526396c89ced429b033d5e990be26,Agent,30.0,0.0,30.0
2901677234,d57f245f1328e746bb342dd293e47451726e963c,Agent,9.0,3.0,12.0
2902873141,00c61d0b65c9e3550193def355f2e84795c54e53,Human,4.0,5.0,9.0
2902873141,045d54595c23e8c58f8860a1a2e498df776b44e3,Human,23.0,48.0,71.0
2902873141,0659f4e05158f759022713fde3893c1766bce5dd,Agent,42.0,9.0,51.0
2902873141,739ca2be6a789ab362e035ba6ff627a5a125a99d,Agent,44.0,34.0,78.0
2902873141,deb7fbe4bcbe251b92e982188cce5300b2897442,Agent,18.0,12.0,30.0
2903255028,00c61d0b65c9e3550193def355f2e84795c54e53,Human,4.0,5.0,9.0
2903255028,045d54595c23e8c58f8860a1a2e498df776b44e3,Human,23.0,48.0,71.0
2903255028,0659f4e05158f759022713fde3893c1766bce5dd,Agent,42.0,9.0,51.0
2903255028,739ca2be6a789ab362e035ba6ff627a5a125a99d,Agent,44.0,34.0,78.0
2903255028,8a7abb01eb5fb27de2493a76b316c76a88848308,Agent,213.0,75.0,288.0
2903255028,c2ffe506c32e7ea6fd69f19b215acf50e4b2bcfc,Agent,0.0,2.0,2.0
2903255028,d60c5b2acd7989a13fdb605ec32878065eeb6ce0,Agent,152.0,13.0,165.0
2903255028,deb7fbe4bcbe251b92e982188cce5300b2897442,Agent,18.0,12.0,30.0
2905505885,0bd27b874d5f4801fa055860fe0992ff3d539450,Human,11.0,15.0,26.0
2905505885,d2c87077a8f6b3cc8dedcd7fde56092db0d3950e,Agent,87.0,1.0,88.0
2906301362,141457e7119b51e0c52ba270cf1810069d0b61a8,Human,28.0,9.0,37.0
2906301362,1562b4134399a74f93f0602af16307fa97fa6110,Human,21.0,1.0,22.0
2906301362,499e2ce03e91b55386b8625134321362bfddd691,Human,11.0,11.0,22.0
2906301362,6c86ecbb3c26640537564ef041f1491d76d7580e,Human,2.0,2.0,4.0
2906301362,6d1acd37e9e7e25763e995962a9887da9f136ea2,Human,15.0,9.0,24.0
2906301362,ad9b8f4d0e1601e01d1caa1083772ead95d2ff0b,Agent,1.0,1.0,2.0
2906301362,be468f3ce76d3c1e95f4af27c64095335860296d,Human,4.0,4.0,8.0
2906301362,dec89ab450f8fbf9f0f73feb583a1692b6de7178,Human,1.0,6.0,7.0
2906301362,e63727389805b4a30d8ee39e6627b2224e61d9d6,Human,1.0,1.0,2.0
2906318159,141457e7119b51e0c52ba270cf1810069d0b61a8,Human,28.0,9.0,37.0
2906318159,1562b4134399a74f93f0602af16307fa97fa6110,Human,21.0,1.0,22.0
2906318159,499e2ce03e91b55386b8625134321362bfddd691,Human,11.0,11.0,22.0
2906318159,60936b0b94eb859f6bfbd044da7713b3aff8c11c,Agent,10.0,23.0,33.0
2906318159,6c86ecbb3c26640537564ef041f1491d76d7580e,Human,2.0,2.0,4.0
2906318159,6d1acd37e9e7e25763e995962a9887da9f136ea2,Human,15.0,9.0,24.0
2906318159,a9c815da45d8c4f8d576d124398db7c0aec4295a,Agent,41.0,0.0,41.0
2906318159,ad9b8f4d0e1601e01d1caa1083772ead95d2ff0b,Agent,1.0,1.0,2.0
2906318159,be468f3ce76d3c1e95f4af27c64095335860296d,Human,4.0,4.0,8.0
2906318159,dec89ab450f8fbf9f0f73feb583a1692b6de7178,Human,1.0,6.0,7.0
2906318159,e63727389805b4a30d8ee39e6627b2224e61d9d6,Human,1.0,1.0,2.0
2909013698,0759e4cdb6cb11777f7c46025ccf25d501692c72,Agent,289.0,19.0,308.0
2909013698,5f2578ca41668d9eb5d8b137f1a2354aaa37063b,Human,108.0,42.0,150.0
2909044904,6913d2caa5e74cc85ee58413a1f41e5a59e33414,Agent,209.0,19.0,228.0
2909044904,9863862350780a607f961a6160e83be30f5128d3,Human,8.0,7.0,15.0
2909481076,141457e7119b51e0c52ba270cf1810069d0b61a8,Human,28.0,9.0,37.0
2909481076,1562b4134399a74f93f0602af16307fa97fa6110,Human,21.0,1.0,22.0
2909481076,499e2ce03e91b55386b8625134321362bfddd691,Human,11.0,11.0,22.0
2909481076,60936b0b94eb859f6bfbd044da7713b3aff8c11c,Agent,10.0,23.0,33.0
2909481076,6c86ecbb3c26640537564ef041f1491d76d7580e,Human,2.0,2.0,4.0
2909481076,6d1acd37e9e7e25763e995962a9887da9f136ea2,Human,15.0,9.0,24.0
2909481076,6fd590e31084df1dc3c89071ef311fbd288a92ff,Agent,16.0,3.0,19.0
2909481076,7fe9e485709d9018aecc91e4f8d8ab985c0f2455,Agent,24.0,6.0,30.0
2909481076,a9c815da45d8c4f8d576d124398db7c0aec4295a,Agent,41.0,0.0,41.0
2909481076,ad9b8f4d0e1601e01d1caa1083772ead95d2ff0b,Agent,1.0,1.0,2.0
2909481076,be468f3ce76d3c1e95f4af27c64095335860296d,Human,4.0,4.0,8.0
2909481076,dec89ab450f8fbf9f0f73feb583a1692b6de7178,Human,1.0,6.0,7.0
2909481076,e63727389805b4a30d8ee39e6627b2224e61d9d6,Human,1.0,1.0,2.0
2909510588,141457e7119b51e0c52ba270cf1810069d0b61a8,Human,28.0,9.0,37.0
2909510588,1562b4134399a74f93f0602af16307fa97fa6110,Human,21.0,1.0,22.0
2909510588,499e2ce03e91b55386b8625134321362bfddd691,Human,11.0,11.0,22.0
2909510588,60936b0b94eb859f6bfbd044da7713b3aff8c11c,Agent,10.0,23.0,33.0
2909510588,6c86ecbb3c26640537564ef041f1491d76d7580e,Human,2.0,2.0,4.0
2909510588,6d1acd37e9e7e25763e995962a9887da9f136ea2,Human,15.0,9.0,24.0
2909510588,6fd590e31084df1dc3c89071ef311fbd288a92ff,Agent,16.0,3.0,19.0
2909510588,7fe9e485709d9018aecc91e4f8d8ab985c0f2455,Agent,24.0,6.0,30.0
2909510588,a9c815da45d8c4f8d576d124398db7c0aec4295a,Agent,41.0,0.0,41.0
2909510588,ad9b8f4d0e1601e01d1caa1083772ead95d2ff0b,Agent,1.0,1.0,2.0
2909510588,be468f3ce76d3c1e95f4af27c64095335860296d,Human,4.0,4.0,8.0
2909510588,c86f65b7359abaae16392a4ecb53964f967fe548,Agent,126.0,0.0,126.0
2909510588,caec9a99cf656ea526ea20bdf03d26d4eb4d72c5,Agent,141.0,27.0,168.0
2909510588,d1d9071c2c1b25fb82373ae1afca78d25fb76cac,Agent,119.0,5.0,124.0
2909510588,dec89ab450f8fbf9f0f73feb583a1692b6de7178,Human,1.0,6.0,7.0
2909510588,e63727389805b4a30d8ee39e6627b2224e61d9d6,Human,1.0,1.0,2.0
2912845580,a753e3eaaede6cf85621d6980523c437326262dd,Human,449.0,111.0,560.0
2912845580,fbc43345dcdcca56db842f5150695386e24db238,Agent,2.0,2.0,4.0
2914277614,6430a66c6e1353b1f40141ad1a6ccab59488f932,Agent,2.0,2.0,4.0
2914277614,e34309536d2347351d36a8c96a09f779598d4869,Human,2.0,2.0,4.0
2914387943,20712f2292244e4a86b4689ac05c6ce23d74c983,Agent,399.0,0.0,399.0
2914387943,5c347b4401f97946ee7e4302b278c4fd24d5f37e,Agent,2.0,1.0,3.0
2914387943,7ad830bc69fd7a6d6709f497f52d797e0a909335,Agent,3.0,0.0,3.0
2914387943,95f69b4289349632e689ba2752a069dc0d44c04c,Human,701.0,302.0,1003.0
2914387943,c16b5cac4f98e1b2c063681ee033b32c639634e5,Agent,1.0,1.0,2.0
2914387943,c96ad76b40bc049594890d0e3c823d79d9e9cfe5,Agent,3.0,3.0,6.0
2914387943,d9555c0aad2faa586ef7e8a8e7395aca4d150fb3,Agent,1.0,1.0,2.0
2914387943,de48dc658089373551a13abdff8fa6eda077e8dc,Agent,91.0,1.0,92.0
2914387943,f52cc7783386efa4c766e190f55eb9b4284b8d19,Agent,149.0,47.0,196.0
2914387943,f8802c1adec9d7b54f53fad6a1c33c54c1638c66,Agent,2.0,2.0,4.0
2914433643,20712f2292244e4a86b4689ac05c6ce23d74c983,Agent,399.0,0.0,399.0
2914433643,4e7d7af8eb8faabd7fcb87ce93f6afa3bfc6c631,Agent,70.0,24.0,94.0
2914433643,5c347b4401f97946ee7e4302b278c4fd24d5f37e,Agent,2.0,1.0,3.0
2914433643,6fbd3f2d5574f44706a07c7ccf9d6f683e84e3c1,Human,3.0,3.0,6.0
2914433643,7ad830bc69fd7a6d6709f497f52d797e0a909335,Agent,3.0,0.0,3.0
2914433643,95f69b4289349632e689ba2752a069dc0d44c04c,Human,701.0,302.0,1003.0
2914433643,c16b5cac4f98e1b2c063681ee033b32c639634e5,Agent,1.0,1.0,2.0
2914433643,c96ad76b40bc049594890d0e3c823d79d9e9cfe5,Agent,3.0,3.0,6.0
2914433643,d9555c0aad2faa586ef7e8a8e7395aca4d150fb3,Agent,1.0,1.0,2.0
2914433643,de48dc658089373551a13abdff8fa6eda077e8dc,Agent,91.0,1.0,92.0
2914433643,f52cc7783386efa4c766e190f55eb9b4284b8d19,Agent,149.0,47.0,196.0
2917997768,206dba04ff3736f35c3001a24395fa29f912cc90,Human,10.0,1.0,11.0
2917997768,29e8bb89ff53728b7faca78c939f55f9f0007b27,Human,14.0,0.0,14.0
2917997768,38c3ebcdee92c423eef634d3d53ff8ab1290fc56,Human,3.0,277.0,280.0
2917997768,3ef3b10532055db2062f69a713216bd3ef6cd2e2,Human,6.0,4.0,10.0
2917997768,41de71eac468b13a6b5200b0b77bc489dac34f82,Human,86.0,63.0,149.0
2917997768,4238eb251acf0f6b837c56004a1d1b497b393b67,Human,79.0,90.0,169.0
2917997768,4405576d29f1379e00c7231bb609791e8fb73fcd,Human,3.0,3.0,6.0
2917997768,455f8055c85bf5dbc4574c1129cec04a0fad3051,Human,10.0,18.0,28.0
2917997768,4f98abd0de94d18410022fb6bd6f9148ca72b48a,Human,50.0,792.0,842.0
2917997768,579c9f5ad7fa999f7ae2b71ea1259b6bafdc96ea,Human,0.0,32.0,32.0
2917997768,6b1f82e192268576335310a9dca3760c5797c254,Human,17.0,38.0,55.0
2917997768,7c2a7ca21fdc5a85e866fcb39bfb225dbb36a91e,Human,1.0,6.0,7.0
2917997768,96b0068603f9994e5c71b8f464d5020b904b5078,Human,1.0,1.0,2.0
2917997768,97072132ce082648a8d02e87e070d39d7a8851c7,Human,54.0,0.0,54.0
2917997768,9c0ad23dbc1358c8e78a46c8a8579ffc14a665cb,Human,5.0,4.0,9.0
2917997768,9ced223e148333f72a8d3d56707bdfa7c1168c5a,Human,170.0,0.0,170.0
2917997768,a0c4772a26418b497ef5b36b7f7230e804b46eca,Human,6.0,0.0,6.0
2917997768,a35c30bcda7bbecba234d5263a97252d5203912a,Human,12.0,51.0,63.0
2917997768,a3bd7a6b843e8cbdd993edbac1f3373e21146bad,Human,92.0,74.0,166.0
2917997768,a410e64e59ce13a4601502a60645f2f91933637b,Human,59.0,8.0,67.0
2917997768,a9d37b48169d4db85a1fbce808d4a9a481c50542,Human,39.0,0.0,39.0
2917997768,afec862ceadc4dd87c807806019c633144cca005,Human,8.0,12.0,20.0
2917997768,c8d89d7fb4738e07310bd5235ef7127b6db24515,Human,32.0,5.0,37.0
2917997768,ce9b5380183c07d83b625c6a7cb6fcdde95302d0,Human,0.0,9.0,9.0
2917997768,d2a609b9fee2d0062576b44b165ef341f802b62b,Human,19.0,15.0,34.0
2917997768,d540e93f29fbaadbedc88f314352d190f5299e31,Human,28.0,0.0,28.0
2917997768,d89a3c471bbef66dd13777a6a0e2700846b5dd12,Human,57.0,0.0,57.0
2917997768,dd82070de28d9693b333aec51ccb4205a64e0931,Human,29.0,27.0,56.0
2917997768,dec4fe16533f8049030b97bcc8f53ebc55ab8819,Human,0.0,48.0,48.0
2917997768,f7af00ef26d9d0c99f93cac7ea7274a8dc87f8cf,Human,5.0,1.0,6.0
2918003090,206dba04ff3736f35c3001a24395fa29f912cc90,Human,10.0,1.0,11.0
2918003090,29e8bb89ff53728b7faca78c939f55f9f0007b27,Human,14.0,0.0,14.0
2918003090,38c3ebcdee92c423eef634d3d53ff8ab1290fc56,Human,3.0,277.0,280.0
2918003090,3ef3b10532055db2062f69a713216bd3ef6cd2e2,Human,6.0,4.0,10.0
2918003090,41de71eac468b13a6b5200b0b77bc489dac34f82,Human,86.0,63.0,149.0
2918003090,4238eb251acf0f6b837c56004a1d1b497b393b67,Human,79.0,90.0,169.0
2918003090,4405576d29f1379e00c7231bb609791e8fb73fcd,Human,3.0,3.0,6.0
2918003090,455f8055c85bf5dbc4574c1129cec04a0fad3051,Human,10.0,18.0,28.0
2918003090,4f98abd0de94d18410022fb6bd6f9148ca72b48a,Human,50.0,792.0,842.0
2918003090,579c9f5ad7fa999f7ae2b71ea1259b6bafdc96ea,Human,0.0,32.0,32.0
2918003090,6b1f82e192268576335310a9dca3760c5797c254,Human,17.0,38.0,55.0
2918003090,7c2a7ca21fdc5a85e866fcb39bfb225dbb36a91e,Human,1.0,6.0,7.0
2918003090,96b0068603f9994e5c71b8f464d5020b904b5078,Human,1.0,1.0,2.0
2918003090,97072132ce082648a8d02e87e070d39d7a8851c7,Human,54.0,0.0,54.0
2918003090,9c0ad23dbc1358c8e78a46c8a8579ffc14a665cb,Human,5.0,4.0,9.0
2918003090,9ced223e148333f72a8d3d56707bdfa7c1168c5a,Human,170.0,0.0,170.0
2918003090,a0c4772a26418b497ef5b36b7f7230e804b46eca,Human,6.0,0.0,6.0
2918003090,a35c30bcda7bbecba234d5263a97252d5203912a,Human,12.0,51.0,63.0
2918003090,a3bd7a6b843e8cbdd993edbac1f3373e21146bad,Human,92.0,74.0,166.0
2918003090,a410e64e59ce13a4601502a60645f2f91933637b,Human,59.0,8.0,67.0
2918003090,a9d37b48169d4db85a1fbce808d4a9a481c50542,Human,39.0,0.0,39.0
2918003090,afec862ceadc4dd87c807806019c633144cca005,Human,8.0,12.0,20.0
2918003090,c8d89d7fb4738e07310bd5235ef7127b6db24515,Human,32.0,5.0,37.0
2918003090,ce9b5380183c07d83b625c6a7cb6fcdde95302d0,Human,0.0,9.0,9.0
2918003090,d2a609b9fee2d0062576b44b165ef341f802b62b,Human,19.0,15.0,34.0
2918003090,d540e93f29fbaadbedc88f314352d190f5299e31,Human,28.0,0.0,28.0
2918003090,d89a3c471bbef66dd13777a6a0e2700846b5dd12,Human,57.0,0.0,57.0
2918003090,dd82070de28d9693b333aec51ccb4205a64e0931,Human,29.0,27.0,56.0
2918003090,dec4fe16533f8049030b97bcc8f53ebc55ab8819,Human,0.0,48.0,48.0
2918003090,f7af00ef26d9d0c99f93cac7ea7274a8dc87f8cf,Human,5.0,1.0,6.0
2920999550,6007294c344fd6c39ec75dde505dd4a2356c6bc2,Agent,11.0,4.0,15.0
2920999550,fe7408c98afd5d288e9703ad454988710fd0acde,Human,2.0,5.0,7.0
2922106743,1332167daa12ce1d30ac759ac694e1ea1c9a22d2,Agent,75.0,26.0,101.0
2922106743,261f99813f7c05c3a29625c095c8c59c053b7cfb,Agent,75.0,0.0,75.0
2922106743,414f7addf5cb54dfa264084bd0102d1f1b429f3e,Agent,304.0,2.0,306.0
2922106743,5af65a8dff6de9c493adcb04e2da68f438c6ef93,Agent,15.0,50.0,65.0
2922106743,755b9bf76515cf0d30e363c3c6649e64256601db,Agent,2.0,2.0,4.0
2922106743,807b123d86f7ce88c4da3a0907040df92894dfd8,Agent,1.0,1.0,2.0
2922106743,8a8ab16f6978649572e88049f4cb8ccab7f1f0f9,Agent,273.0,43.0,316.0
2922106743,9f63b5c220be73f2402d206e7666e2c310658e02,Agent,22.0,1.0,23.0
2922106743,a243089129781410f3604a4a9118ab58fe1044c3,Agent,1.0,1.0,2.0
2922106743,a81e70ab7026c37ce95fb8277dbb73f2b2977593,Agent,1.0,1.0,2.0
2922106743,b6165fe61666e0d604a20d5e171d014e9b58432c,Human,268.0,142.0,410.0
2922106743,b627fc6271d424aa4727e790d4d5f279403e59e6,Agent,133.0,80.0,213.0
2922106743,c877203264659d0d7085229ef98e0612d29561a5,Agent,9.0,22.0,31.0
2922106743,ccb9cf70ffd705a7db8603eac967577817acbfdb,Human,1.0,1.0,2.0
2922106743,ccc027b8cb40d507d0544bd60d57c1e84646dd10,Agent,158.0,27.0,185.0
2922130712,06a5e4573a3bd35f71a58ef330241c22ed6ecf5f,Human,8.0,7.0,15.0
2922130712,1913603801f884eb8497d68803b8b36a76a78698,Agent,1.0,1.0,2.0
2922130712,1b5a72abfbe4739f464b87cde0348ad7dbb5ca49,Agent,12.0,30.0,42.0
2922130712,4c8a2b35c55f3fa806b6997c297eeb9f6d6d4027,Agent,1.0,1.0,2.0
2922130712,57153785108b3d2b2e7961dddd2a8601afff33a9,Agent,7.0,4.0,11.0
2922130712,5aac6c90031ce78c9c05764ecf245b361ceb2c56,Agent,3.0,3.0,6.0
2922130712,74e50fac08ba891be386910397ae0b63101e6f95,Agent,43.0,44.0,87.0
2922130712,7a7d70c84a32054f64542236e49843dccd37a63d,Human,2.0,2.0,4.0
2922130712,81b03b1c0349f6dab0ac789e8f6c09dad64a7879,Agent,57.0,47.0,104.0
2922130712,880891afac295c029bccc8aa7d133423cc8c3a84,Agent,65.0,24.0,89.0
2922130712,b7a00faafde089b018492ab38b79e6de8c699904,Human,5.0,5.0,10.0
2922332845,0910bccb5bc06574f5c8c18a08c938440b87b0df,Agent,20.0,4.0,24.0
2922332845,4f795bfea387648c48722c134cbd86982fa66757,Agent,4.0,0.0,4.0
2922332845,7b81ada39b36d637d85684b529a563cb4e35718b,Human,18.0,17.0,35.0
2922332845,7ffa5a225290c339d517216097b4afcb5653367b,Agent,5.0,2.0,7.0
2922332845,b8a2cafc7a9b532324eb125d52245a3c7d1047c2,Agent,202.0,4.0,206.0
2922340195,5d8861f69de823dca721c3c68c6ff3d10ebfff6a,Agent,4.0,4.0,8.0
2922340195,7df583d6f791acd6c3bb93305dc57f9dee84585a,Agent,13.0,0.0,13.0
2922340195,96dfd3e3dd465dcb47e4f8e3f2201746c8ba3c90,Agent,11.0,8.0,19.0
2922340195,d7adc4034295734175902e779673998e023034a7,Agent,99.0,0.0,99.0
2922340195,e06f965ee5ec75ae354bbb036157fe0405ddad28,Human,1.0,1.0,2.0
2922340195,fb6b0aec4dd7fc142396e0ddd398ce9dfac93fa3,Agent,1.0,5.0,6.0
2922672896,004c55a337ec0c8baa6e278e5a141c086aa737fa,Agent,1649.0,0.0,1649.0
2922672896,22ebc39e9f9560f85e11fc638d3faefa86d1a560,Human,653.0,0.0,653.0
2922672896,27d4d1dc50f40e339eaf770ce02acbe3e5ae723f,Agent,1214.0,0.0,1214.0
2922672896,3e5251a80638c33e89df0e53dce7fe1c88170eff,Human,40.0,0.0,40.0
2922672896,6290d17799e0d195d6faf31f87907ae364992164,Human,15.0,5.0,20.0
2922672896,944549f4227a2138a7273bf22625d90b4d1f986e,Human,52.0,0.0,52.0
2922672896,959c78b3cfab4b51a3d3090ec7badb443e80f719,Human,276.0,145.0,421.0
2922672896,96b0f5ae7565cd3585f35f7110d6411dfa65c571,Human,105.0,0.0,105.0
2922672896,9a49bc2b3d0a769c4f6bdd59abbb959f999d37e9,Human,12.0,7.0,19.0
2922672896,b6ec99dabb966dc62e2f68a13398a46d6a25fdab,Human,95.0,69.0,164.0
2922672896,bf9d548151cf5f115babea722bbc599e3865af7d,Human,0.0,14.0,14.0
2922672896,bfc49d21d7f7749794ee21566313614f5da3f405,Human,59.0,57.0,116.0
2922672896,f52a33e73e125c723f7d31ea730b8424233d6337,Human,18.0,27.0,45.0
2922672896,fac368bb5f4cfa9d669ba44cf94aee2aeb5dcab8,Human,32.0,6.0,38.0
2922676503,0a4c6580fc65e03e0418102d5c58a141767b2e0d,Agent,35.0,7.0,42.0
2922676503,22ac39281ad299a2af75fde47178d4aeee556e65,Agent,34.0,2.0,36.0
2922676503,266c44cc6bc975802f7890362a54608050d04290,Agent,1.0,1.0,2.0
2922676503,47da97a8a16cc3f741a05dd5de2ba0809f542c52,Agent,83.0,13.0,96.0
2922676503,4900fbce38ae3e553def6c049f79874877042efa,Human,4.0,0.0,4.0
2922676503,524787ccc7cd90c08900cbcad6a5f05e4e242a35,Agent,1.0,0.0,1.0
2922676503,729a6432e65074bf95a5fe8f925d8cad3f108b4f,Human,82.0,498.0,580.0
2922676503,7fa44831e73da676e672632e1c907e02b4555b13,Agent,1.0,0.0,1.0
2922676503,8391c67b998810b88720e1acb1d80d979088bfb6,Agent,409.0,46.0,455.0
2922676503,885531034eebe7e8c8699feba98920498e28da67,Agent,284.0,27.0,311.0
2922676503,8e070e3a042cac9b10f60f7758bc1dfb4f7d9bd8,Agent,184.0,0.0,184.0
2922676503,99eed0750ea7c7d276c3c941ab6d99029a58d094,Agent,1.0,0.0,1.0
2922676503,9cec405ec84c72941af38e73b57004347c714e29,Agent,104.0,26.0,130.0
2922676503,9e94a05a84160cd1264c7b564a4d8a427efc460d,Agent,1649.0,0.0,1649.0
2922676503,a058f63cb5458f88700ad77cf406a62d458693ae,Agent,37.0,0.0,37.0
2922676503,a13e3990b54cf819a28025b426b3d4027fc973b5,Agent,2.0,1.0,3.0
2922676503,a346a199f489fab7beef87b372e2c725332be799,Agent,14.0,2.0,16.0
2922676503,b30c6a7101d6f0b32f2b58f7f73231fce7280c44,Agent,2.0,1.0,3.0
2922676503,b854f425a3ac4af5947840eb3e69be14ebb4d29a,Agent,2.0,0.0,2.0
2922676503,c435c4a86a4a80b6071bc818baf299e2f1c72a0e,Human,793.0,18.0,811.0
2922676503,ca33de9a0eeaf006126cd64c7e1d066858694c9f,Agent,8.0,14.0,22.0
2922676503,e2ddf842d2d9a5f8a37f4c3462ea5871deeaf2ee,Agent,3.0,1.0,4.0
2922676503,e31a8dd86cedadf6ad83ddeabb1d696bec46b84a,Agent,74.0,16.0,90.0
2922676503,f7876f5bc3e86ad95e8b9ee3a1641fe2dd4a8209,Agent,4.0,4.0,8.0
2923130106,0d3836d41fa53ddebe3afb7e6f5bbe2990fd65da,Agent,77.0,27.0,104.0
2923130106,13a83a2a4ff21e84c16e908a13952aefbf7b949d,Agent,151.0,0.0,151.0
2923130106,175dfd890b4945513547641884a9e7999e902a94,Agent,0.0,166.0,166.0
2923130106,3a0edfd2dcb94ccd20c54c3980326f1c767ec2e7,Agent,37.0,54.0,91.0
2923130106,5f844b2fb5565f99db50dc484ed0592b20e1deaf,Agent,2.0,2.0,4.0
2923130106,c1adcef01569c22e3bb6de05c9692b9151bec828,Agent,23.0,35.0,58.0
2923130106,c737e5b7461837d5197de0b446ac9c6591693a8f,Human,17.0,0.0,17.0
2923130106,fe5f5340b951877ef8d9d46e93b56b557fcb8562,Agent,150.0,1.0,151.0
2925433850,26b7bf91a4d155f616fded6d00d5a05b35afe390,Agent,83.0,24.0,107.0
2925433850,33b18a9362ef5cb9dd57c4ca45fcec2af1e3b800,Human,7.0,7.0,14.0
2939571603,4ebdc8f2e85bf038ee500a93501604f1aa1ba26b,Human,2.0,1.0,3.0
2939571603,a3bac8c8288569e171edc98adf2b4996a709dfd4,Agent,16.0,1.0,17.0
2939571603,ab3210ffa8478f5cf2c689a140c2ee7fb737bc72,Agent,3.0,2.0,5.0
2939571603,cf79cbe5e7a515422b912c51c159546c4b2f80d4,Agent,85.0,64.0,149.0
2939571603,d926b309e8a3dcb90662ccd32a63c39b86307de6,Agent,51.0,2.0,53.0
2948284040,38f39718a415fe289a610d9d92e3dc91f695e480,Agent,20.0,8.0,28.0
2948284040,46385ddf20a588db5222940ed79ef70ce873ffe8,Agent,38.0,24.0,62.0
2948284040,58001c3137a435aef5fc36fbe758d0ac81e4c10b,Agent,24.0,0.0,24.0
2948284040,c3852bd97681660e676da47123d9cce37772de33,Agent,11.0,8.0,19.0
2948284040,d2e11e940eb908e868a3dfbe0b367b88f4108e67,Human,1.0,1.0,2.0
2948284040,eaf5955998e0d8b3b5b4ac9503cd475eeba71583,Agent,21.0,3.0,24.0
2951230031,074ca1d4acda00221be48ec166c8cf635c5919d1,Human,2.0,2.0,4.0
2951230031,162cb25de3d405328fc3b244c69175abce08464d,Human,2.0,2.0,4.0
2951230031,279eccc55a2960e1bc8aef1f05bbf25083180804,Agent,91.0,2.0,93.0
2951230031,33fea2d2bc66b8a5cd8d2c5d78c29a20a30bf646,Agent,58.0,4.0,62.0
2951230031,35ccd49e99aad14a3c86df89ebc20ce22f11bc6e,Agent,1.0,1.0,2.0
2951230031,66a347c4d74478f6870cacf102ca69fac4b0568e,Human,2.0,2.0,4.0
2951230031,9effd84b79307016ae8c4601572498a769316038,Agent,45.0,30.0,75.0
2951230031,a331963d5fe6c9349c40268dba6a6e6cddc3b4aa,Human,49.0,48.0,97.0
2951230031,ad26e41e4c332480c9c9a8e48fc80e78fedbc76e,Agent,114.0,200.0,314.0
2951230031,b20cfd190a868a3aa76cf8c0686fe72c520a498a,Human,9.0,1.0,10.0
2951230031,c4a058979e6de4eea71ba432dfec84aeb848d01c,Agent,5.0,3.0,8.0
2951230031,c7525e7add6437dc77b5d00599af46ad71e5c01d,Human,14.0,14.0,28.0
2951230031,d94142d74108bda06816d331020bee78294b4473,Agent,17.0,14.0,31.0
2951230031,e402a8dab102f3fb76e457286dc991f110c784fc,Agent,15.0,9.0,24.0
2951230031,f45d7ecf430c09eaa60d1a46cbcd0611411834b0,Human,2.0,3.0,5.0
2951230031,fb599bb06e68dbc28cc69edfdb69b48970f73776,Agent,141.0,7.0,148.0
2957907293,438a50037fa8542dcc80e8a1c6e952a515b40d38,Agent,2.0,8.0,10.0
2957907293,95684066c54776b8b0de795af88f3a905aafe377,Agent,28.0,48.0,76.0
2957907293,9fc121ac9a51cdc41b771a978d1670be39a1e5b1,Agent,1.0,1.0,2.0
2957907293,b4053f0ee0ce22a69d9a6ecf3f2ff10ba7d49f36,Human,16.0,31.0,47.0
2958173799,61d54405b5758281387dcf573b1ab4f3eadb5e80,Human,2.0,1.0,3.0
2958173799,b4ab7d0fa06c755c3100aae8d4195ad6bbfa0f67,Agent,134.0,0.0,134.0
2958175490,03d15e1aa2aefda4f247f382a66e78b4147269c6,Human,1.0,1.0,2.0
2958175490,360b3f5f0b5f67cc7fe4587c9643cb1d7b9fa52e,Agent,9.0,4.0,13.0
2958175490,554226944384ba316cef0afc53732c137d2beb3b,Agent,22.0,14.0,36.0
2958175490,a9bdae93d0663edd004b2754261c8b2731d5478f,Agent,17.0,1.0,18.0
2958175490,b14828666c49794134d3bf3e1b52cc429398f9b3,Agent,20.0,9.0,29.0
2958197114,b52b9febd50d1546f2980afc0821a29b1bf77874,Human,13.0,12.0,25.0
2958197114,d6efe3587afe8f3371168e3e53c64ffcfa0f22ae,Agent,151.0,0.0,151.0
2959039420,14f4ed336291efcef64a03a9d82de769c924151b,Human,33.0,113.0,146.0
2959039420,6da703cc8f97df41bc3e603a8f5ad08a25f89c97,Human,185.0,0.0,185.0
2959039420,76e78f40694f7722c23f1a35ceec343dd3b75c4f,Agent,3.0,3.0,6.0
2959039420,9e39a567aa3bbbe24c270c3061b73c39a0d9ae11,Agent,3.0,3.0,6.0
2959039420,d9078c19af38bea206c7b60249c01348cdb52fe2,Human,1.0,0.0,1.0
2959039420,e427d1dfe7af6341cb91f78eecca37401bfdc858,Human,37.0,37.0,74.0
2959068895,1e94da34168bd57c5d5f61056191120d8c5fe68f,Agent,59.0,18.0,77.0
2959068895,3a35bb14a1a1ed055356f7768e5db4a2b5f985dc,Agent,12.0,27.0,39.0
2959068895,46cd3603d5da34d421424a48b36f0a138aedb964,Human,16.0,7.0,23.0
2959068895,4c68047265e683bb0acabb9ec8090b1220424cba,Human,78.0,16.0,94.0
2959068895,598af6edb03b2f37eaa5b2679afc15060238f2e7,Human,96.0,12.0,108.0
2959068895,5fcfb9214f19913e94889a67966cbb102311af90,Agent,871.0,59.0,930.0
2959068895,61b4622850f8071a5a3cf20631458092abfed279,Agent,5.0,4.0,9.0
2959068895,634f4de83e7147edd73d15e7fc24db1a730a5d3f,Agent,12.0,13.0,25.0
2959068895,6755085dbb2c3ecbe74cf848012e5a410822e83c,Human,35.0,0.0,35.0
2959068895,737c0c0e66b3f1c71eec48a691063dc9492a2e81,Agent,580.0,26.0,606.0
2959068895,82c4c833febe1ccb4f78e30db0cb87659d39578e,Agent,52.0,18.0,70.0
2959068895,88a8895559315f0c51c37b2685d680ebd270e8db,Human,2.0,0.0,2.0
2959068895,8e0cbbabcc4ba3a5a846825ff1fa756486737d98,Human,122.0,94.0,216.0
2959068895,9b788123451fc1bd1f28772d961303c25bfd2977,Human,15.0,0.0,15.0
2959068895,a343634ade3b0283ac1e6830e30857f7813c02cc,Human,636.0,513.0,1149.0
2959068895,a7b925c79242ae06f0db5e7552f641afbdaf643b,Human,590.0,403.0,993.0
2959068895,b9fa5609320207576db3b7ec621ec4a76514e9d5,Agent,9.0,9.0,18.0
2959068895,e25a2238107decf6efa318c434dd2fafd148bcb8,Agent,98.0,18.0,116.0
2959068895,e8696e46d9971ac560f1d60bd536008ea00d7b3b,Agent,10.0,2.0,12.0
2959068895,f2f48fb2ce5d78b3bbf2cc5a2f0525a80bb5afef,Human,9.0,9.0,18.0
2961852805,284e5d62f08ca95996a9712828469e847ef10ea9,Agent,48.0,84.0,132.0
2961852805,435421b283ccfde72742e4157d7fb02e6c0e8e87,Agent,1021.0,1.0,1022.0
2961852805,7de374f7ccbeb9511d1d4550579732ae273b4dd4,Human,466.0,0.0,466.0
2961852805,9699b1eef5417cd0c739993a5946337bd76fede0,Agent,1.0,2421.0,2422.0
2961852805,ab4ae8f85e4dc8fae1feeab1e919795f6e76bb17,Human,503.0,99.0,602.0
2961852805,cf50654e91b5847bdddb0bbb5e83a81981a28b38,Agent,309.0,0.0,309.0
2961852805,d1e80eca49e986f67f3ae6d22691e829cc83bec9,Agent,1271.0,500.0,1771.0
2961852805,ff624a81a8b36c688336135539af0d12be22c59a,Agent,21.0,85.0,106.0
2965108973,17fe022dd3407b6b56697c8cf7822487f6976b97,Human,18.0,18.0,36.0
2965108973,b77a39d8bedf9d1b0a2799d2f5ef628000d13b73,Agent,2.0,2.0,4.0
2965108973,c1bc58df1fc03da70b737fa7963a21efe64a0374,Agent,278.0,0.0,278.0
2970244633,0d673e4e92ca4f761704dc91c043f34082701d6d,Agent,23.0,5.0,28.0
2970244633,1ebd7ac9574ec3fb87e53d8e77fb119a889c5f10,Agent,9.0,0.0,9.0
2970244633,41547f99083db9b6772247dff91909387db36958,Agent,7.0,4.0,11.0
2970244633,65b4445642e922f61ab3e20215db7562d2f2e2d9,Human,7.0,5.0,12.0
2970244633,692a293c3d32da691c07b14464afcf4910c9655f,Human,12.0,12.0,24.0
2970244633,7c7c7162226be217a335434a87e95d85f19e7af5,Agent,3.0,3.0,6.0
2970244633,b82542e8782fdc2bcc28b3e225606823fc255645,Agent,1.0,1.0,2.0
2970244633,d646c0609a8df72f921fda0d1e10b5ebba954d1d,Agent,4.0,1.0,5.0
2970244633,f3e11fdff94f3c69bc8c4b92098aecb7fc12cb08,Agent,4.0,0.0,4.0
2970244633,fbcef36e914339732ecce3df6baa8d5507b7255a,Agent,0.0,2.0,2.0
2971334427,a05935cdf64cdfcbe0a9fb70eb1495ed8c221903,Human,2.0,1.0,3.0
2971334427,fcc1258a9f6753f460f4f4c74164c6ad4800a2fc,Agent,151.0,28.0,179.0
2971914575,11c0dc6a1a3abab2b5b922c892370d274744a48f,Human,42.0,39.0,81.0
2971914575,1367a5d1eb83bb24ceb69b665b54be8b7ad45575,Agent,8.0,7.0,15.0
2971914575,1b6acb9e0ab942b770cffa5dc5ad6a3d558b3a9f,Agent,17.0,17.0,34.0
2971914575,2a985fe97a7bd8b936fc0050d1de298303262583,Agent,5.0,6.0,11.0
2971914575,3611110c909991326a82982f380c65f6b935c1c4,Agent,66.0,43.0,109.0
2971914575,36e290c2e63566caf2012ff841dcc424098bd4d1,Agent,1.0,0.0,1.0
2971914575,4d7bfc40e62eb1445bbafa05d23085062411ab8a,Agent,5.0,5.0,10.0
2971914575,59aa7c1d3040a08c00ce74ff7afc4a3ba7f875e4,Agent,50.0,50.0,100.0
2971914575,92fcab7d9903e1d839f2e38b2350b10adc4987ad,Agent,55.0,53.0,108.0
2971914575,933c20f57989e6c910e13053cd6d9e0acd081f15,Agent,2.0,2.0,4.0
2971914575,94dcbaf42ae2b5132ba42e0918bd77804dba6e7b,Agent,2.0,2.0,4.0
2971914575,96feb3be542d69818d0e9a4c837218be7fd3e5ee,Agent,143.0,82.0,225.0
2971914575,a12fab96997c25512548214465f2f0c97d7d6c55,Human,32.0,55.0,87.0
2971914575,a5e229026a85f975c9337c2016a419698e83c2c5,Human,3.0,0.0,3.0
2971914575,c75a546034591ae580e06a6b4c3a23e86952c74c,Agent,9.0,7.0,16.0
2971914575,cf76dc1eae5cb7d325af124eb73cb64caa8f3814,Agent,1.0,1.0,2.0
2971914575,e059e8f44ae0e94d14cb273f266880751cd9f60e,Agent,1.0,2.0,3.0
2977353844,05658f4f6a25671e7b412ef8c359e30d658d2a9d,Agent,45.0,5.0,50.0
2977353844,2c830e864ca251a6f67d8047edce5af1065f2683,Human,0.0,6.0,6.0
2978281013,0b7101183b0b7793605b225928c2accf942f2b74,Agent,604.0,33.0,637.0
2978281013,0cb99ed930286300b7a10d98b0ea78082576ccdb,Human,32.0,28.0,60.0
2978281013,118e56f5d4a5891ecffcf6ea792e593a54ea2009,Human,565.0,42.0,607.0
2978281013,12989bf6ee5ff8df9b0b0d2c3da51a84372211ef,Agent,12.0,0.0,12.0
2978281013,13132f657e7ece614885dd0f23bb2e847898fa9c,Agent,1.0,1.0,2.0
2978281013,14ba7d7bb54ead58b88f698ee33712925e904cd0,Agent,522.0,0.0,522.0
2978281013,1d3097d16c8a22a26ed622a45f762908ea85e37d,Agent,2.0,2.0,4.0
2978281013,212c00411922d9f9efb95525b75b6cbb38799f29,Agent,1.0,1.0,2.0
2978281013,4410ab965e3d97c3d0aa99c5f990e2d5c468043d,Agent,10.0,3.0,13.0
2978281013,5fef292b692d261207bef9baf1760271d9936b31,Agent,1.0,8.0,9.0
2978281013,6b88dbf0135dbbbee67b6b31d70512787087069f,Agent,0.0,1.0,1.0
2978281013,6dfc721a80d8bf56a1192f9c6e0d70607276528d,Agent,62.0,2.0,64.0
2978281013,7f99655dd0aac69c89769bba7b71c34c9d9e266e,Human,175.0,118.0,293.0
2978281013,8c649a0ee1a5f684de082cf42f5e16239c144396,Agent,1.0,1.0,2.0
2978281013,a80aba80cfc5c2e46f58147fec3751a01519fac7,Agent,10.0,5.0,15.0
2978281013,d5f6ab48aba072fd4ff16ab6c5707c715162e079,Agent,4.0,2.0,6.0
2978281013,e5b02f9b33666eec3c833b46ff2734305e33d7ba,Agent,2.0,2.0,4.0
2978281013,f4f0a95f0f84c568e61b8a74c55d2e68c9be0f88,Agent,81.0,7.0,88.0
2978281013,fc2230cbf52d155bf954589b3b454a65f4614543,Agent,12.0,3.0,15.0
2978281013,fc22ecf0835309ca51ac7566d034222eb36830c1,Agent,2.0,2.0,4.0
2980792619,3f38a62456319c360789b736221d776152865500,Agent,5.0,2.0,7.0
2980792619,543dda84433a9f3e6a133802974fff0c30ee87e0,Human,12.0,30.0,42.0
2980792619,66cd92959096a20b7cbe036538bf4c8d4d1a609e,Agent,15.0,11.0,26.0
2980792619,df5595c2f7ac7325a8a160d8936a3127d30fb2b2,Agent,101.0,71.0,172.0
2980792619,f96da35bf3b6b0f9822739b97cacb52f154c9047,Human,0.0,22.0,22.0
2982545758,19bd4e502c311bc1a34a45102b85965e46a9c0aa,Agent,10.0,1.0,11.0
2982545758,211fe16e46e307843db0c75a8b30627c37e38a9b,Human,40.0,17.0,57.0
2982545758,212f81bf1c9bd01edd9ffc1fa212500674926e87,Agent,1.0,1.0,2.0
2982545758,3a5888a91747482a0ccd8236646fec7d69c15920,Agent,4.0,4.0,8.0
2982545758,5497dc4984534d500822d422af0f36a155baeb66,Agent,35.0,92.0,127.0
2982545758,558591c20bfed05c20f8f4b098d070c27fe45159,Agent,0.0,3.0,3.0
2982545758,643458962b511b01983fb2236ccb7a0d9b1472bc,Human,9.0,25.0,34.0
2982545758,6eea3b9bbfb613467cd50299c302e7c4e91ed609,Human,0.0,1.0,1.0
2982545758,7a451905dd453377c5f2de36a228f4a8a56b7c7c,Agent,18.0,24.0,42.0
2982545758,834e0c5fe27c98335992abdfa68d76b45b23e26c,Agent,0.0,4.0,4.0
2982545758,86018ba1ab6c1fd6cbe4d490239c815796cf9254,Agent,2.0,5.0,7.0
2982545758,87990254754b142a61b6fe6ff911c2f30a30b1a3,Agent,0.0,1.0,1.0
2982545758,8ce922119ece8e1b0d0d5edb9fa5baada28a65f4,Agent,1.0,2.0,3.0
2982545758,8f7922cdc3e59bffedb9deef8dd282f6dea7a207,Agent,17.0,10.0,27.0
2982545758,91a215b26e883e4e71b2b27571f4588245fb0377,Agent,1.0,0.0,1.0
2982545758,94d5952b9735667b24ed56d79fcb6b10bd20685d,Human,0.0,2.0,2.0
2982545758,a5a0273bb87879a292b729175e626a3ac02620b6,Agent,0.0,1.0,1.0
2982545758,bcd6053a9f8f21735ad5ad1fc542f1c5b670eac4,Agent,0.0,2.0,2.0
2982545758,bd32e7b9d95070a14025d557d72cb2a3889a8e60,Human,0.0,7.0,7.0
2982545758,c2e6f095ca4e16501faf8b9603089d5795735f5b,Agent,58.0,117.0,175.0
2982545758,c818b13b409fced81231bfa9fd870f55d9b95640,Agent,0.0,1.0,1.0
2982545758,d521135f462c478c57d708eb3bab3da6ff6b710a,Agent,1.0,6.0,7.0
2982545758,d95cf60bd1f50e4a6d66915984b20e325b65dabd,Agent,5.0,16.0,21.0
2982545758,ed6557233e2c168101d345fca07fc83b659fc5d4,Agent,5.0,9.0,14.0
2982545758,ee760a88f58127c4deb74778bc5242cf43ae8037,Agent,0.0,2.0,2.0
2982545758,f1e9742f238756d8b3aa72f9298b67ff166e8a62,Agent,1.0,3.0,4.0
2982545758,f661d5c5937de573da98bda783e356d812a76bf4,Agent,3.0,32.0,35.0
2982545758,f871162a60127c7d5717801178ce8e01a8387336,Agent,16.0,28.0,44.0
2982545758,fb1309727492195794e8f990d483e5c8a5c2215d,Agent,12.0,45.0,57.0
2982953659,026164575c0edeb9f55bbf90aeb815f3d9f46e0d,Agent,1.0,0.0,1.0
2982953659,080d11297a956f4a0bd20bd42be39b039eeddc3f,Agent,3.0,0.0,3.0
2982953659,236c76afa731e40c6291710e2bb51111170a51b8,Agent,1.0,0.0,1.0
2982953659,2b5a10a3e74bebc0231f56a98e7c65605d445ca2,Agent,3.0,0.0,3.0
2982953659,2b6b9c27cacf536a2a0c216daf1e5a5bf9766663,Agent,2.0,0.0,2.0
2982953659,2dce88d8af242045fc6e7b00bff54e055670a72c,Agent,7.0,0.0,7.0
2982953659,3138378317cc4c8486688f1c31a5218a30028b26,Human,42.0,17.0,59.0
2982953659,4f3a3d9b7bcc65b89d77f3299d8a089ead0f8e93,Agent,4.0,0.0,4.0
2982953659,575702ad78b07b93b51bb5d90d943163624d4348,Agent,4.0,1.0,5.0
2982953659,60980a401ccf282a6a4de6787124b2c7bd5a120c,Agent,3.0,0.0,3.0
2982953659,60a0c9781c04f6c795a570dde93828382b5e9e12,Agent,14.0,4.0,18.0
2982953659,65050e49078168ec5e025a5c3d55ba8f8b77e714,Agent,8.0,0.0,8.0
2982953659,686471a3634819736da3d35893560fbf56dcd948,Agent,1.0,0.0,1.0
2982953659,74e919e84fed87d128a9beeefb328b5ab9bfc337,Agent,7.0,0.0,7.0
2982953659,8c497ffada919f1adb08ac515973ce2d3966d462,Agent,3.0,0.0,3.0
2982953659,9a3a5c32730ddc013e2f95a45f08221cbfc03616,Agent,3.0,0.0,3.0
2982953659,a355151c6b8601445e7774a38fc7d29424822bb0,Agent,8.0,0.0,8.0
2982953659,b2a3d6c73667574b6b71a5a30393a9845f053b70,Agent,2.0,0.0,2.0
2982953659,b46a85b45c19b2ac65751f1b36561b268acb0ad8,Agent,2.0,0.0,2.0
2982953659,b64bce6386cdfec935637b6169728f6395877a6f,Agent,2.0,0.0,2.0
2982953659,c16c42422dda9816f8365b5a5f92464d98aa1d30,Agent,1.0,0.0,1.0
2982953659,c9274bfd489593cc0769f814a814b6711e4f9d5a,Human,1.0,1.0,2.0
2982953659,d28947fdd392b66578a88393a90395f358ca7afe,Agent,2.0,0.0,2.0
2982953659,d9eaee6b365512403c41d74cac6d56b99ded370e,Agent,3.0,1.0,4.0
2982953659,dc7eab56fb959801ca490c6946209eec5574a0e1,Agent,2.0,0.0,2.0
2982953659,e085d6d721147d4095379511bc1c7482a91cf2e2,Agent,3.0,0.0,3.0
2982953659,e46a86178a59dd7ef8d56779514975f12c2410dd,Agent,12.0,0.0,12.0
2982953659,efde5b1980808e1d449b69b1de1d9de8ce5c642e,Agent,2.0,2.0,4.0
2982953659,f3cca0f5324f8150691a62ddb2f691b91039f0ac,Agent,9.0,0.0,9.0
2983029274,193aee8151e2ba2ae99e41c4a668f294ca7487a2,Human,1.0,1.0,2.0
2983029274,4288290cfa241c787c4021fdbdd74bd534376053,Human,127.0,1.0,128.0
2983029274,492f49c7413145d6f9bef804f481b490d8941b93,Agent,4.0,2.0,6.0
2983029274,5a883bcc4db5a2c6dde6c6aad100e65d167d7aab,Human,1.0,0.0,1.0
2983029274,63d046944364a5b51a4a5eb26ee4a2cce8c688d6,Human,111.0,17.0,128.0
2983029274,8a650997bf20d7f7394c418d098827dec4cc63fc,Human,133.0,0.0,133.0
2983029274,c290354ac9625cd97a002ae7cecfefcf62021ac6,Human,126.0,0.0,126.0
2983029274,d059bef6ec2ced51ab54abb7ddf118652b6326be,Human,147.0,0.0,147.0
2983029274,d296a254b2d058203ae0fd6c56331f0ca9b0a04c,Agent,100.0,0.0,100.0
2983029274,ec088427cd0997c96d464a2f8b951caf9c015a2c,Agent,1.0,1.0,2.0
2983029274,feb1d7a3b3b35bc4d06fc8dd022cb788d7906b4a,Agent,1.0,0.0,1.0
2984176493,16ecf0cffe73b0cbe378c530ab738d1b2fa0b428,Human,32.0,469.0,501.0
2984176493,1e25da4e7c0372c7ef31bd2158b2ee695498643a,Human,5.0,6.0,11.0
2984176493,4b31d517c9337fa7e4dccdfae48d68917a037ab9,Agent,112.0,0.0,112.0
2984176493,bfd8260971d9d083ef27103927f839ef0bd7a03e,Agent,16.0,8.0,24.0
2984176493,f32e4dd1c3e7bf91eda94bd631067ba73d4f8a6e,Human,17.0,6.0,23.0
2986941892,1beaac90c9d87d26cfeb1ffe02f474037e6e4a25,Agent,1.0,2.0,3.0
2986941892,1cd36603596d8a0623f1dd9ea4d79486e3f13716,Agent,11.0,7.0,18.0
2986941892,51fe43a40162251edb54efa23dba70b044aed9dc,Agent,13.0,13.0,26.0
2986941892,62c392c9cd1675936504cadf41b12c9c0266ba69,Agent,1.0,1.0,2.0
2986941892,71e8bf3e491f0f9e93b824e9894a958e0081aa55,Human,4.0,4.0,8.0
2986941892,88c7795de7bbf4aaed65976c545581ec63fc1bdc,Agent,23.0,23.0,46.0
2986941892,8abc5bf279ae528d5dcfd45e7c2307a5bfab3daf,Human,1.0,1.0,2.0
2986941892,95aa53b511cdabe30e9a496ba0be67e8bd923ea4,Agent,104.0,1.0,105.0
2986941892,98d199857479297a76a5573f852f289919ca4603,Agent,2.0,2.0,4.0
2986941892,a413e1fff25bee872dbb6ef029a972afb781eeec,Agent,10.0,9.0,19.0
2986941892,a927aff3354819f1aee6b065849e50f765f37c0d,Human,1.0,1.0,2.0
2986941892,b01c78ea55c788b463a477db3171dd0d07ccd54e,Agent,517.0,302.0,819.0
2986941892,b0a946cda7bc40554727c1c118ee5822c9073afb,Agent,88.0,102.0,190.0
2986941892,b4a470529db9ab548362c14fc283469cbf9beba3,Agent,3.0,3.0,6.0
2986941892,c9d750f37544e6125aa6588f7a42d93d6c4f5260,Agent,11.0,5.0,16.0
2986941892,ca674a2f9e7dd4b75dc02760176425d0c18aa196,Agent,65.0,14.0,79.0
2986941892,cfb13dfda78d9368dd724ba71e2b50caf89a42be,Agent,24.0,0.0,24.0
2986941892,d699bfc0609328b71673cc6952ec30029638d188,Human,0.0,83.0,83.0
2986941892,db0fb4e11595f631cce5f9e50afe5d99a68ad794,Agent,2.0,2.0,4.0
2986941892,fb55b0c0eb11b8a218a4e3d99ce5a480510c0961,Agent,2.0,2.0,4.0
2987852048,49b2c00624223db7f50d4ea91c8887ef1c4658ed,Agent,89.0,33.0,122.0
2987852048,be06e2dbc0a0a4c4908415d7fa325d5e5667966e,Human,103.0,71.0,174.0
2988391985,30234538e2bfff93231d71f454bbb1f2f868b29d,Agent,4.0,4.0,8.0
2988391985,32cffce0257c8de0ee4de3c7624ce7f372f8b376,Agent,14.0,14.0,28.0
2988391985,3ba14984bbe8d7dd0d219505ca58c74328f8bcbc,Agent,319.0,340.0,659.0
2988391985,934527a886356bfd392b3252dd5c0a1c6c93c24b,Agent,9.0,9.0,18.0
2988391985,a7f3d98da64995bd23e1ea32472b38518c1af36e,Human,368.0,1.0,369.0
2988391985,ba1939d6d92c0f1257739e9a22839d16d3996aac,Agent,21.0,23.0,44.0
2988391985,d6fdfbdd2e49bf042b6132eb409357343f865bc4,Agent,206.0,211.0,417.0
2988391985,d83432286dcc62a6278c41a34ef87723857660fc,Agent,20.0,20.0,40.0
2989257623,028a3032e0e419859b5cd6b18adfa6cbae9b446c,Human,4.0,4.0,8.0
2989257623,13e795812e8d6700a42a8818bbb2d29568098d70,Agent,2.0,2.0,4.0
2989257623,37ae29dae8c884c8c5f349d54256e9ca5f498bac,Human,15.0,14.0,29.0
2989257623,633712b05c1be626bbc28447cc77c84ee26c211f,Human,22.0,7.0,29.0
2989257623,6c36960ec8da4de11a1d840c0122772aab495de1,Agent,11.0,9.0,20.0
2989257623,70fc58fd711db53ce5bcb53202576fa8740da050,Agent,1.0,1.0,2.0
2989257623,9a3df9cd565d196b78f2b7c6ca863d40cc4162a8,Agent,5.0,4.0,9.0
2989257623,b512d49857e934358d2e8dcb249568098bdcf092,Agent,0.0,2.0,2.0
2989257623,b65af7b0ab239d05e07f1ce223d6ed5bb6349133,Agent,1.0,0.0,1.0
2989257623,c2336c843dce5ffd1bd61d478a349a13d7cf2721,Agent,1.0,1.0,2.0
2989257623,c5c6879b79b79eede1fe4ce02da8ecb68e206237,Agent,2.0,2.0,4.0
2989257623,c85dc3c22b34c2fffeb1ceb7797fb2c49306529b,Agent,2.0,3.0,5.0
2989257623,d0bf6c09feb69a95a0ccc4bb9d41b3aa7bb7fcdc,Agent,51.0,0.0,51.0
2989257623,df6fee2552436a27705c1b8afb9958a7731117f1,Agent,4.0,4.0,8.0
2989257623,f691a4f5d90420ab093384434020c0d4a35e34cd,Agent,3.0,3.0,6.0
2989346716,17b1442b7e43dda74f2dec88a4b5f23df4c0fde6,Agent,454.0,8.0,462.0
2989346716,1beaac90c9d87d26cfeb1ffe02f474037e6e4a25,Agent,1.0,2.0,3.0
2989346716,1cd36603596d8a0623f1dd9ea4d79486e3f13716,Agent,11.0,7.0,18.0
2989346716,51fe43a40162251edb54efa23dba70b044aed9dc,Agent,13.0,13.0,26.0
2989346716,62c392c9cd1675936504cadf41b12c9c0266ba69,Agent,1.0,1.0,2.0
2989346716,71e8bf3e491f0f9e93b824e9894a958e0081aa55,Human,4.0,4.0,8.0
2989346716,88c7795de7bbf4aaed65976c545581ec63fc1bdc,Agent,23.0,23.0,46.0
2989346716,8abc5bf279ae528d5dcfd45e7c2307a5bfab3daf,Human,1.0,1.0,2.0
2989346716,95aa53b511cdabe30e9a496ba0be67e8bd923ea4,Agent,104.0,1.0,105.0
2989346716,98d199857479297a76a5573f852f289919ca4603,Agent,2.0,2.0,4.0
2989346716,a413e1fff25bee872dbb6ef029a972afb781eeec,Agent,10.0,9.0,19.0
2989346716,a927aff3354819f1aee6b065849e50f765f37c0d,Human,1.0,1.0,2.0
2989346716,b01c78ea55c788b463a477db3171dd0d07ccd54e,Agent,517.0,302.0,819.0
2989346716,b0a946cda7bc40554727c1c118ee5822c9073afb,Agent,88.0,102.0,190.0
2989346716,b4a470529db9ab548362c14fc283469cbf9beba3,Agent,3.0,3.0,6.0
2989346716,c9d750f37544e6125aa6588f7a42d93d6c4f5260,Agent,11.0,5.0,16.0
2989346716,ca674a2f9e7dd4b75dc02760176425d0c18aa196,Agent,65.0,14.0,79.0
2989346716,cfb13dfda78d9368dd724ba71e2b50caf89a42be,Agent,24.0,0.0,24.0
2989346716,d699bfc0609328b71673cc6952ec30029638d188,Human,0.0,83.0,83.0
2989346716,db0fb4e11595f631cce5f9e50afe5d99a68ad794,Agent,2.0,2.0,4.0
2989362059,1beaac90c9d87d26cfeb1ffe02f474037e6e4a25,Agent,1.0,2.0,3.0
2989362059,1cd36603596d8a0623f1dd9ea4d79486e3f13716,Agent,11.0,7.0,18.0
2989362059,51fe43a40162251edb54efa23dba70b044aed9dc,Agent,13.0,13.0,26.0
2989362059,62c392c9cd1675936504cadf41b12c9c0266ba69,Agent,1.0,1.0,2.0
2989362059,71e8bf3e491f0f9e93b824e9894a958e0081aa55,Human,4.0,4.0,8.0
2989362059,88c7795de7bbf4aaed65976c545581ec63fc1bdc,Agent,23.0,23.0,46.0
2989362059,8abc5bf279ae528d5dcfd45e7c2307a5bfab3daf,Human,1.0,1.0,2.0
2989362059,95aa53b511cdabe30e9a496ba0be67e8bd923ea4,Agent,104.0,1.0,105.0
2989362059,98d199857479297a76a5573f852f289919ca4603,Agent,2.0,2.0,4.0
2989362059,a413e1fff25bee872dbb6ef029a972afb781eeec,Agent,10.0,9.0,19.0
2989362059,a927aff3354819f1aee6b065849e50f765f37c0d,Human,1.0,1.0,2.0
2989362059,b0a946cda7bc40554727c1c118ee5822c9073afb,Agent,88.0,102.0,190.0
2989362059,b4a470529db9ab548362c14fc283469cbf9beba3,Agent,3.0,3.0,6.0
2989362059,c9d750f37544e6125aa6588f7a42d93d6c4f5260,Agent,11.0,5.0,16.0
2989362059,ca674a2f9e7dd4b75dc02760176425d0c18aa196,Agent,65.0,14.0,79.0
2989362059,cfb13dfda78d9368dd724ba71e2b50caf89a42be,Agent,24.0,0.0,24.0
2989362059,db0fb4e11595f631cce5f9e50afe5d99a68ad794,Agent,2.0,2.0,4.0
2990448084,034d0d941c6c32e4863f04cee9c7563d89cf8825,Human,14.0,9.0,23.0
2990448084,15e152bfb5f8fae06f1042ebdc844ef21ceadc38,Agent,1.0,0.0,1.0
2990448084,1a73e918a8b2edc0c6787f34622d962eaa99dd58,Agent,37.0,0.0,37.0
2990448084,47591c25289ff7bebb93b5d64fad8f14090a9ee0,Agent,110.0,110.0,220.0
2990448084,5c4bae71b5da17e594976b43486ab79339d7d19a,Agent,2.0,3.0,5.0
2990448084,61c8880bc381255b4c28e7a3ef304663ce2a3a1a,Agent,1.0,5.0,6.0
2990448084,61fb7f36262a160c887551c5f9ae9313561bdac3,Agent,3.0,2.0,5.0
2990448084,624f5802a415b836e709facdf9c2aff7705d24ff,Agent,0.0,1.0,1.0
2990448084,6c996973e3dadfbf6de34dab99121e471c86ee9c,Human,56.0,99.0,155.0
2990448084,88f1c9696cdbfacc7d405b7a62c8c32fb11b55f4,Agent,40.0,0.0,40.0
2990448084,af52a9a3eda6b67448c8fd3b833676e13441834b,Agent,2.0,2.0,4.0
2990448084,e3afdfe6a345d02b91a1f1d1bc18443e6bf83112,Agent,3.0,2.0,5.0
2990501610,24422a55f2e71ac43288e7e192d99130a5a92660,Human,308.0,210.0,518.0
2990501610,245549e38bec190922d5e880cb4203f9bb964d37,Agent,159.0,108.0,267.0
2990501610,6140f8a06d93b95a190742c0cb3b2c6359efdb1f,Agent,557.0,0.0,557.0
2990501610,6d4a9d72099cf9b13b7c872cb161488aa7febc5e,Agent,207.0,127.0,334.0
2990501610,cd571631c6fd219dd8944c0bba3c7ec58ff992e2,Agent,83.0,48.0,131.0
2990501610,faabc467c758ed5dc8a3cb3a01aeea110f78f805,Agent,25.0,8.0,33.0
2990759653,7356cf78597f37b86ad1db2e8cfc7034173f5509,Human,0.0,1.0,1.0
2990759653,c28a87bb3cf223dd5f39f5491aa813014f5db129,Agent,39.0,0.0,39.0
2990760074,b665edd9d6fa60439d428da5cc69fd593b087195,Human,80.0,80.0,160.0
2990773468,4929a5c98bd8c3788f2ebaf0dca74577b7a86975,Agent,5.0,5.0,10.0
2990773468,50f9b21b5280860185efc84e7886c3b40c5004c5,Human,11.0,10.0,21.0
2990773468,e142a1484e51d02285bce54e1dacb992dd80399c,Agent,70.0,0.0,70.0
2990773468,fc031a6289aaacf23e80b88db23f0c5707d4b1f1,Agent,0.0,1.0,1.0
2991309203,2a6d89790386b7a48b2d9bace152278187a5d2d5,Human,2.0,2.0,4.0
2991309203,5dad881a105118d253746babf535caeec15d8e09,Human,2.0,0.0,2.0
2991309203,7614e2818f5e8a6cd23433ad979429258b92a576,Human,1.0,1.0,2.0
2991309203,7c1acca8c9ce1e927091bc8bc162195138e687e7,Agent,1.0,1.0,2.0
2991309203,95b657eb0cc137a7429de5029abaab40a834b497,Human,1.0,1.0,2.0
2991309203,a943c91052a824ddb6a4ee257678bc4c876f39e1,Human,1.0,1.0,2.0
2991309203,d19317eb9eae058915efad5eab6e29b828434d0a,Human,8.0,4.0,12.0
2991460590,0651af652c4ea823a52edab3d4ceae8988f7b735,Agent,140.0,91.0,231.0
2991460590,db8406e5f14ca98cff937ad9300d71d58a87e922,Agent,2.0,0.0,2.0
2991460590,dbeca2d1e83454b4582c8c8ca67fb1be1c91b9c7,Agent,210.0,104.0,314.0
2991460590,f13c2fa0c97f04eb7c060b6cdd91b2d188606c9d,Agent,17.0,17.0,34.0
2991460590,f3a9924fb7d49a21757ac0ea89a2f2a53ef5f9fe,Human,49.0,31.0,80.0
2993949800,17e8b911095fbfd3122710158a12244ced95d441,Human,25.0,13.0,38.0
2993949800,1e2662f5c150f1813e87bd81e90e5f318b47915b,Human,2.0,14.0,16.0
2993949800,2424688f5657008dd4b3ea4981f6ffa980668808,Human,6.0,6.0,12.0
2993949800,29b9dc7c74fdefe6ae2c29eabe83bccda58acfc8,Human,22.0,9.0,31.0
2993949800,2fdff9cc45bb8d6d8984a51027d778bb42ec345f,Human,95.0,32.0,127.0
2993949800,2ffde5abc11eec1a550f2aecae54c2d594d1dfb1,Human,36.0,28.0,64.0
2993949800,361f1a615ac36f0ebc8b14b867ea5be28712fb08,Human,4.0,4.0,8.0
2993949800,48590789656d082c2ebcd25bc48b7b2506f5ed42,Human,2.0,1.0,3.0
2993949800,5f48f63ac0a5d1f7108660227eec10702e6ba66a,Human,301.0,135.0,436.0
2993949800,751d684e526af17770a2f62a689aead4d04b735f,Human,3.0,3.0,6.0
2993949800,78b90f6da4be63c3232b54b683904bfc6c5133c3,Human,1.0,1.0,2.0
2993949800,7c78a75abb6bcb64511b9363baca16e1626662ab,Human,21.0,2.0,23.0
2993949800,844749be6e3e9af39c33a03d182abc7fe86475cb,Human,362.0,114.0,476.0
2993949800,9fdbd3e4d6ad506e43e86b906460077ebd44b683,Human,156.0,174.0,330.0
2993949800,b07c8ca64b5ba83b339280e642052ff5db13ccc7,Human,98.0,41.0,139.0
2993949800,b6b5159467d72417a0e3b8bef949b3a9dace8449,Human,4.0,15.0,19.0
2993949800,b9924fd975aadaf02be6df39a07958b3a8427158,Human,4.0,4.0,8.0
2993949800,bf0b1c7ae072d7e019307a60dc1a98f4fc33bb61,Human,480.0,194.0,674.0
2993949800,c0fe7705207e15b79c135a7eff8c8e9dfb71d578,Human,575.0,257.0,832.0
2993949800,c8d5edb1537e75be04e4d44571d4379406ce00cf,Human,144.0,23.0,167.0
2993949800,cca6abb0787d2b872ea1611954bd70a86c604373,Human,3718.0,2383.0,6101.0
2993949800,dac8ec59a4c8d62adfd6e94acdd1d85f8e07d94f,Human,2026.0,0.0,2026.0
2993949800,e11e33947311d71754c0e7821016f61817c41137,Human,14.0,5.0,19.0
2993949800,e223b842a0b8b2b305e5dd749c942aa7886882f2,Human,13.0,9.0,22.0
2993949800,e2dfc94640bfe9af82d12efd9f3c2a2124be6ef5,Human,2.0,3.0,5.0
2993949800,ee53fe22b34d1488c2e4191ba2389afe0a752287,Human,1.0,1.0,2.0
2993949800,f189dfb9d783dca9e1bb4999d6f05e49e2640b4e,Human,89.0,29.0,118.0
2993949800,fd58e782b13a40292933ee3c12fe2b7e182dc6ca,Human,386.0,107.0,493.0
2993949800,fea102dac6f3d8182b7e60848ed137347f071dd4,Human,94.0,2.0,96.0
2994099200,09d2c0fea30061408fc04fb8b40bacb6946377e7,Human,10.0,16.0,26.0
2994099200,0a24a00937798b1f6591aac157ec4aec47f88af7,Agent,45.0,34.0,79.0
2994099200,10194ebf86fa619b7552f61454a669a87918201e,Agent,372.0,0.0,372.0
2994099200,120726a4bd85b16dd28fa22fe21297839f40339c,Agent,17.0,19.0,36.0
2994099200,24081719f591f369cb244b52d61d3e8b6cac2dc5,Human,20.0,19.0,39.0
2994099200,24f7af9b0b8d41585262bd3764452d3beb63f749,Human,1.0,1.0,2.0
2994099200,2c636a29702fb8f8ed19f3b2a784334bd7f96eaa,Human,4.0,0.0,4.0
2994099200,32e6f295a99fd1001e6351061a9fd50430f81ee2,Human,2.0,7.0,9.0
2994099200,40fb5ff4baf0a3ae3b79022bd5230cce28f06612,Human,92.0,30.0,122.0
2994099200,44b03d1d481bd97114f335b6836ec95556973be5,Human,1.0,1.0,2.0
2994099200,56d2ffbfb031bc2213f8105058fc60f3032c9402,Human,205.0,234.0,439.0
2994099200,5bf8fce92a0c43c69f9c6cd4b9514bff2bd5de5b,Human,4.0,77.0,81.0
2994099200,77360329ddd2e54a5f37535db7bacf12a335bef6,Human,0.0,18.0,18.0
2994099200,7a204f58d7ccade30044312d980d5546293773ee,Agent,4.0,13.0,17.0
2994099200,80fe7874eb4905ede62492947bc9f7e0f6e4f971,Human,96.0,57.0,153.0
2994099200,8103f981dbb2b1f87233b6d90592b5cd7117ac5c,Human,28.0,17.0,45.0
2994099200,836ddd0d32099f40da34b1c3837bf14f7df41c2f,Human,40.0,34.0,74.0
2994099200,87c89316d785315af77a672879fda11934767b7f,Human,54.0,377.0,431.0
2994099200,bc4231fac7eb9765c0c30f20434018d50236f2f4,Human,4.0,6.0,10.0
2994099200,c3fec0f8c88e7400c7f2bde0d2b84bf87f7a3c8d,Human,48.0,29.0,77.0
2994099200,c8e80f0aff38a5256b4674d33e24d5a969599b04,Human,1.0,1.0,2.0
2994099200,d64ae215fe758a2f43b7d2062d9a2a5df21fa1cf,Human,342.0,0.0,342.0
2994099200,daf7ab55ba9251548abf28f396cd262c58e52cf4,Human,32.0,12.0,44.0
2994099200,dca2492b7d404dbfb79a919e13bc2ede79dce8ed,Human,12.0,0.0,12.0
2994099200,dd28be94c90f9537bc2967187f951e024c44ea04,Human,278.0,101.0,379.0
2994099200,de4a36233c45fcb700c06ab8ab088805d13a4687,Agent,69.0,64.0,133.0
2994623443,0237566800232281e6909cbf699197ae2b55eba4,Agent,149.0,39.0,188.0
2994623443,1cb711689fada8922687b4b1b1f4ec8a2e4c6767,Agent,284.0,126.0,410.0
2994623443,50bd1d60a441910663997c2049f083819a999ce7,Human,32.0,22.0,54.0
2994623443,5c5b30a9850676b5609cd693b489ca7c795da7d4,Human,257.0,110.0,367.0
3002304521,0d913b8ce3d01573cbf7806d67b78a7851fcf0c7,Agent,7.0,11.0,18.0
3002304521,0fd516789c1ac5b75b62892ab7fdbb6d6e068878,Agent,1.0,1.0,2.0
3002304521,156211861b7049f452c00aceed4dd7d0562900f4,Human,0.0,253.0,253.0
3002304521,186266a7fbb42842fed9c2bbcb78ebc620403e29,Agent,703.0,134.0,837.0
3002304521,33bf51d488873548d2002e5467833f517747f8e3,Agent,25.0,0.0,25.0
3002304521,3a947aabd4c6d30286776935b2fd16cc45d1a1b5,Agent,0.0,151.0,151.0
3002304521,409361a0ecdc668e2c39da8eb35609764a95e029,Agent,22.0,0.0,22.0
3002304521,50b385fb0d37ec71c3644dd02a384eca3a293bbf,Agent,1.0,1.0,2.0
3002304521,53a4e50368215e13ab64bc19853ef0c143962518,Agent,8.0,16.0,24.0
3002304521,60033ea0a33a452fa98d6f35c69d917f52c49934,Agent,248.0,0.0,248.0
3002304521,6028e0d542dfc0d6134493b6e929d5c20601e221,Agent,21.0,1.0,22.0
3002304521,65eeaa508660b64b1b646f8efee7cc8a723bcad6,Agent,223.0,179.0,402.0
3002304521,682e2049f7c1072d26b66bc2a798bd4eeb427a4a,Human,1.0,1.0,2.0
3002304521,7276fdb2be6e2d860503dc1ced6096587e4993a7,Agent,37.0,0.0,37.0
3002304521,77fb10e43bb044eb231ac0059907b77671c3868e,Agent,3.0,2.0,5.0
3002304521,7a9a388c8719a1732ec63333b937b1d164c6ad0d,Human,0.0,248.0,248.0
3002304521,852673eeef30207c362abde8c0bf37bde3c46615,Agent,263.0,0.0,263.0
3002304521,8983b06d78c50ea986a4eecb4a7d1a5302073992,Agent,12.0,1.0,13.0
3002304521,8ce424c1df4f516899b3d054f080fd0862fa3612,Agent,7.0,0.0,7.0
3002304521,b13fc1ec1559e93e079dbfbea51da62b23593aa3,Agent,34.0,5.0,39.0
3002304521,c9de13f36df6c668d601c85a35378dd4a5d7f7a1,Human,1.0,1.0,2.0
3002304521,cf59e7b3b85737e7e7ea6ca95710844a447adfa8,Agent,0.0,6.0,6.0
3002304521,d15ff584a288df1f18872ba3ece55de38077cc10,Agent,10.0,3.0,13.0
3002304521,d7befa967cdd916e815ecba6c02e071d46eb8d85,Agent,7.0,0.0,7.0
3002304521,e07386f6728bd86aa946b0fd94bccb84568d180e,Agent,20.0,0.0,20.0
3002304521,eae7055f5779c9be5ba6ed4259732d0e29e30ee5,Agent,1.0,89.0,90.0
3003414156,2ec043577225a13814c926d95c4cd5e3d3446754,Agent,12.0,7.0,19.0
3003414156,3cbbd2ad192551ee44584368ade74cd0a170ad3f,Agent,2.0,0.0,2.0
3003414156,3e05c3ea0498a2cad5a69006033ccbb724ffb547,Human,0.0,2.0,2.0
3003414156,425bb03dbec17daba0908383feae0bec6d6a9d39,Agent,7.0,4.0,11.0
3003414156,6032b7e9dbfc7626e026c411a1a6e218bf2544cc,Agent,10.0,12.0,22.0
3003414156,6962aebdfc1011eaa2c9bf24834817740b61be40,Agent,2.0,2.0,4.0
3003414156,702be92f310443d20ec574969fed887f2c5bc18a,Agent,10.0,7.0,17.0
3003414156,771c339c87d9325492353c2572c515177df70085,Agent,23.0,26.0,49.0
3003414156,7cc9761f352d895f45f951def4fcc4911bdae3fd,Agent,116.0,201.0,317.0
3003414156,7eb52a70570a36b4ff4524774cea5f982dbc2c2d,Agent,1.0,0.0,1.0
3003414156,d2b9b27b67ea0156f12735fd09c77e4dbfd45090,Agent,16.0,2.0,18.0
3003414156,def94fbfb561d588940171ca2d7625a2b31b28a8,Agent,0.0,8.0,8.0
3003414156,e7f786191689bfb7bde8591cb9a29a8f58a1bc62,Agent,229.0,0.0,229.0
3003414156,ed548bbb7e5fe4ffa6db93fb741212013fec571d,Agent,28.0,9.0,37.0
3003414156,ef33c733c1f2df6cb580a63b50fefe8a7f54d76d,Agent,1.0,1.0,2.0
3007111198,077a85c5866a27fa7d44562f0ceb3de947e840a4,Agent,252.0,0.0,252.0
3007111198,1dbc03d080e0460c9e7316ccdc2dd240eb0f0065,Agent,14.0,0.0,14.0
3007111198,2bfa8c0266412e62d391c0ef5e6f6fda95994487,Agent,1.0,1.0,2.0
3007111198,30720afbfca0ab5f9233717308b03a83a544ac90,Agent,8.0,8.0,16.0
3007111198,3e629b3ed7506903bfde0a9c66ff8c05cc0685e9,Agent,4.0,4.0,8.0
3007111198,4e8202765d0dedcbf2031f15aa87e7e8fb715870,Agent,19.0,20.0,39.0
3007111198,61f6f0e25ce605246984aea6ba3e5360d6300b48,Agent,1.0,1.0,2.0
3007111198,632bc44bef0f2897f1680a20741b3e9b0725020e,Agent,4.0,4.0,8.0
3007111198,68b66e5dd19b27cc31cb89a55b7d231c0b37b836,Agent,7.0,10.0,17.0
3007111198,78eac7959fbbf0fce42914877cfe3981eec37628,Agent,0.0,264.0,264.0
3007111198,7f38d011533eb51861ad08eabc7fc2d98134441d,Agent,18.0,20.0,38.0
3007111198,8ea7f15a767afc6516fb6c10d81b1681c371e5a6,Agent,240.0,165.0,405.0
3007111198,a313fb2d8c01bf1747fc5df700f619f9023d43ec,Agent,200.0,0.0,200.0
3007111198,a907f27f44541e962f640e165d0a272ae73a6834,Human,1.0,1.0,2.0
3007111198,ac251998e3a7cced699c08c6a8eae537bf99118d,Human,259.0,255.0,514.0
3007111198,babf61e7a113fc2c2521a45c8563503b130fedc1,Agent,4.0,4.0,8.0
3007111198,bafca2c7ee8c34224e6dded34b132bd1104dbef7,Agent,5.0,5.0,10.0
3007111198,bf639090f6841f1f5768400f783db057708f8c81,Human,243.0,248.0,491.0
3007111198,c1a74b63249977fe60e43adf6fd4629041264883,Human,1.0,1.0,2.0
3007111198,d63ed499088aed0a286ddd14fee99c5babe40f30,Agent,12.0,3.0,15.0
3007111198,dba0b864a9f06e29b95a7070c0a9f5faf3769f5b,Agent,1.0,1.0,2.0
3007111198,ee7c9e99768e57298410440eb47004b1d9d98d4f,Human,19.0,2.0,21.0
3007111198,fce894b870c1bb2f2f6f5509a9d20d45489b8be7,Human,1.0,9.0,10.0
3007785025,1f70f928e59dd1e64b87767fcbc71396d4cec676,Human,21.0,7.0,28.0
3007785025,3712957f348350a8138e9ab8fc3548cbc0b48f3d,Agent,51.0,11.0,62.0
3015422115,0e02faa82470d0977906e6eb7aeb3e020ff48a79,Agent,224.0,192.0,416.0
3015422115,154452805f020f26cf259955582b17cfe8401d34,Agent,20.0,19.0,39.0
3015422115,1bc00b4d057a1cecf1b85c1399bf8bf1febf77c6,Agent,25.0,3.0,28.0
3015422115,3ce8ca5b1d064627e47eb015ff210861612b9a1b,Agent,159.0,115.0,274.0
3015422115,4d446dc9054dc0c78379b412962be99c5d712a6f,Agent,14.0,3.0,17.0
3015422115,5d3171b1b8f57c9cff594c9854f356940a371e19,Human,62.0,67.0,129.0
3015422115,67e5f1eb93511db2796dc9276ba0361b962e61d8,Human,1.0,3.0,4.0
3015422115,68a3b5ef16a14a7ab6a4773b0a9cb77714fd10a0,Agent,443.0,369.0,812.0
3015422115,6a462cb1d1fdce88b55f4793ec2f5186d0c38a43,Human,11.0,17.0,28.0
3015422115,708ad4b35710d6c9d1150cb440b147723c1e73c5,Agent,104.0,43.0,147.0
3015422115,78b61fa0a2e7643eb91aaac991e3422e4be12c57,Agent,0.0,1.0,1.0
3015422115,824fc7df5a80a2c0ef477a1260db0755dc493383,Agent,35.0,15.0,50.0
3015422115,8585f3eef0d1fcc49c511248706deed99469287e,Agent,74.0,67.0,141.0
3015422115,8ab024e1ccf095e82a91b5dfe59ce970b8e79399,Human,10.0,8.0,18.0
3015422115,96660a47f4266d13d2aa289754acad4aae57fc10,Human,41.0,38.0,79.0
3015422115,ae7fdf9411e10cddce96e5bfc9ab6f38a6e11cb6,Agent,10.0,4.0,14.0
3015422115,b56c70cad26e2b7f3ed8626738c97657011709b5,Agent,4.0,2.0,6.0
3015422115,b73a58c899916adf145b9bec734d57a6b1c8d85e,Agent,14.0,4.0,18.0
3015422115,b8b41a18b979712e822320d9adef1dfdce37f205,Agent,0.0,2.0,2.0
3015422115,d0275ea929f053cfe8ae10f6a1a2d54713a93641,Human,6.0,6.0,12.0
3015422115,d654980af95264e6120970e99787e8b9c1e2ac57,Agent,24.0,18.0,42.0
3015422115,d85fffb14418d33a04bf6b3c027504b370b728d5,Human,15.0,30.0,45.0
3015422115,e062c532d232ce3e25af43e41d4ce8e27dc87201,Agent,14.0,2.0,16.0
3015422115,e2f1b166ddfd839e8069fc9cfe894c36a67ca230,Agent,10.0,7.0,17.0
3015422115,e8d1962d85298e2091ed95caf54bb1c26f64f6d1,Agent,3.0,3.0,6.0
3015422115,ec4d0cd598b66e02e216b677a3763815be8779ee,Agent,2.0,1.0,3.0
3015422115,edec0f462079b45d5a84c4abe0c02d51e4f11946,Human,2.0,2.0,4.0
3015422115,ef7f5a93dcf4cca6cbb6ae82ff31def04d6468b4,Agent,3.0,5.0,8.0
3016881237,0a74ed6f9ec2611f6ba2254bebe4e4a2a55ef8e1,Human,15.0,0.0,15.0
3016881237,105076f12b9a7e87154e6216af49bddf24f50233,Human,1.0,0.0,1.0
3016881237,52937ca78e9eadd57c67941ed692696f8e542ec2,Human,15.0,1.0,16.0
3016881237,9f0538ff869aac34e8729ddebd0a5575a1919ccf,Human,9.0,0.0,9.0
3016881237,aeb1b6fd61e6693818951d8cb6da9fa380052487,Human,2.0,3.0,5.0
3017667755,051a6c47ff2c37634dcf6f893d87be19272413bb,Agent,46.0,11.0,57.0
3017667755,3a644408c83a1638351bc08ecb859818287f88e1,Agent,17.0,2.0,19.0
3017667755,5171efa7845313c950f50947587b979828478bcc,Agent,161.0,137.0,298.0
3017667755,5edcd7bd1da5e376c444bf5c20991427d950eaaa,Agent,45.0,1.0,46.0
3017667755,6669b8683f336a3625d6aec5852ddaa7c1f23acb,Human,0.0,22.0,22.0
3017667755,71bb31f9fde8775541223ef0d4c0503107560e1c,Agent,245.0,88.0,333.0
3017667755,88f2eefada617d99a0c250fc029d00adb831cc30,Agent,22.0,0.0,22.0
3017667755,8c8cde9d5b0d54bfc73d7ff0968a29b03bc0b1a8,Agent,16.0,9.0,25.0
3017667755,910663c0f3129aa1b1b8d58bc57eb025c031ecba,Agent,6.0,46.0,52.0
3017667755,9e4d4a719a1e5303d3fa39bc8844118a078a87e1,Agent,41.0,5.0,46.0
3017667755,a86ed145e2cc96806f8abf0c5f07d4252cd64d60,Human,1.0,1.0,2.0
3017667755,a9f3379f528ab9e7a501b820e7e99c6ed6cb0e21,Agent,130.0,4.0,134.0
3017667755,c184e284a0a49ee4bae1c0a5d34f87356c9825f3,Agent,5.0,2.0,7.0
3017667755,c6130d4b2e195d4759efaa9d98669ef3eb83d73c,Agent,46.0,7.0,53.0
3017667755,da2aedaa60804e151046621a375b6c0b284c41ec,Agent,1.0,2.0,3.0
3018517272,0abfe64b4f0b0340ccc66d67f0b743b8799cc00f,Human,0.0,2.0,2.0
3018517272,13f6d930f51778489ddd98a1db3084a955ae4603,Human,15.0,15.0,30.0
3018517272,5125282e16050de80a4d7d386bab066bb848cfdd,Human,518.0,9.0,527.0
3018517272,5da12f288d48b17ecb2ac0eae35c33fcd2f878cd,Human,22.0,0.0,22.0
3018517272,6c63abdac45fcdb01cb7f180f38b33ccc5109510,Human,0.0,1.0,1.0
3018517272,73400c72f4d64790b03b058a2d1101425b22c588,Human,85.0,80.0,165.0
3018517272,7e0583f183594c4dff680e9c1f86cad752ff41c3,Human,331.0,0.0,331.0
3018517272,a833b09b6aa8fbae5f97da56994d8364a43e9357,Human,2.0,2.0,4.0
3019985000,419e37dd14fdd8fba0d49f24613898fa5c7fe6dc,Agent,42.0,41.0,83.0
3019985000,916cebe93186b562b5335cffd6487d063cadce5e,Agent,364.0,199.0,563.0
3019985000,972eaf51fd4070f87be153c12732c3fa172484bd,Human,42.0,41.0,83.0
3019985000,ab6b83847917a3243d02f1182de74227d5f5b0ae,Agent,7.0,4.0,11.0
3019985000,d9f3ee4891e1633d6fffd99cc8f5a88b0d6d6a12,Agent,1.0,1.0,2.0
3021098408,05b620f682520a6fdf4d0ed34e5e2301bddd9032,Human,3.0,1.0,4.0
3021098408,083fb0fcf43d5913bcc46d1e21999380a2620b48,Agent,1.0,0.0,1.0
3021098408,2cd9d3258a9f1b066cf4134ed42671672c5655a6,Agent,10.0,9.0,19.0
3021098408,2f5c9337dff42a0ccbe43e1d8068a60184f23ca5,Agent,165.0,202.0,367.0
3021098408,531b9317909613e2519e599718b77a839e36f783,Agent,0.0,1.0,1.0
3021098408,59f8e6705fdabd2185188a6035ebe58599d3aa24,Human,5.0,13.0,18.0
3021098408,5ed876d038e4ecb60bbb65be32ab072e036ed37a,Human,2.0,2.0,4.0
3021098408,6728c300ac3676afb27ebb0625f79df751b10e05,Agent,121.0,95.0,216.0
3021098408,bada415c4fa1c5f828a15bf73971e286f3e66ce5,Agent,1.0,1.0,2.0
3021098408,baf53a98e9878d70c5ad5db171d091312e359595,Agent,5.0,4.0,9.0
3021098408,cf27c39039983e5c73f9dbb9a5217a7cc89503cf,Agent,1.0,0.0,1.0
3021098408,ea269c6d788e9ea133587c655546826459de0978,Agent,29.0,13.0,42.0
3022543317,170b2efa20ec0b3af004d4f4027bb28a93c32f1f,Agent,69.0,299.0,368.0
3022543317,39dc04befc209cb83b2e1e33290ba860bf98d84a,Agent,38.0,2.0,40.0
3022543317,68bd5bcb280905650031b66da45af7c8f01ffd0e,Agent,2.0,2.0,4.0
3022543317,e0e1b88d79dd0e64e40b9cc710abf8239fad5a71,Agent,20.0,1.0,21.0
3022543317,f420ddf5437e26be115f088cc51b4e7d33be8d15,Human,105.0,66.0,171.0
3022605131,4b1f717d2da0c315c534f2c1ded940b0188ee438,Agent,1.0,1.0,2.0
3022605131,52d5121b49848c1501498ad9440e331051c71a1f,Agent,16.0,7.0,23.0
3022605131,5c35b38d8ce58de46ea855d06c8fc73116b0b219,Human,1.0,3.0,4.0
3022605131,8c90100db1501331b2836b94881d6835c9a5b16b,Agent,3.0,1.0,4.0
3022955231,1e5e8977cd22caaf10677da04b0c29451d363dad,Human,14.0,8.0,22.0
3022955231,9fbed71c7b709473eeaedb9d52251ad3175eb1f4,Agent,169.0,119.0,288.0
3022955231,e4998946350d1871fcb8623dddb50415cd6c9f83,Agent,103.0,3.0,106.0
3023613188,051a6c47ff2c37634dcf6f893d87be19272413bb,Agent,46.0,11.0,57.0
3023613188,35c32f3ed4fd5352f7bd84936292e296dfb74fc5,Agent,17.0,0.0,17.0
3023613188,3a644408c83a1638351bc08ecb859818287f88e1,Agent,17.0,2.0,19.0
3023613188,5171efa7845313c950f50947587b979828478bcc,Agent,161.0,137.0,298.0
3023613188,5edcd7bd1da5e376c444bf5c20991427d950eaaa,Agent,45.0,1.0,46.0
3023613188,651484206f34d08259b6e4c4bf35a455c19b65a6,Agent,3.0,3.0,6.0
3023613188,6669b8683f336a3625d6aec5852ddaa7c1f23acb,Human,0.0,22.0,22.0
3023613188,71bb31f9fde8775541223ef0d4c0503107560e1c,Agent,245.0,88.0,333.0
3023613188,7e2612ec5bac6ec9307fd25ec58c00dbb85ea082,Agent,106.0,18.0,124.0
3023613188,81a9b4575d6bb9134193cdfef9f4d724cc66a494,Agent,4.0,8.0,12.0
3023613188,88f2eefada617d99a0c250fc029d00adb831cc30,Agent,22.0,0.0,22.0
3023613188,8c8cde9d5b0d54bfc73d7ff0968a29b03bc0b1a8,Agent,16.0,9.0,25.0
3023613188,8ec53c93073179bc3d564e0696a5a9fd3d448f17,Agent,57.0,18.0,75.0
3023613188,910663c0f3129aa1b1b8d58bc57eb025c031ecba,Agent,6.0,46.0,52.0
3023613188,9e4d4a719a1e5303d3fa39bc8844118a078a87e1,Agent,41.0,5.0,46.0
3023613188,a86ed145e2cc96806f8abf0c5f07d4252cd64d60,Human,1.0,1.0,2.0
3023613188,a9f3379f528ab9e7a501b820e7e99c6ed6cb0e21,Agent,130.0,4.0,134.0
3023613188,b5e929846a71d090b53b9aee16d880f38fd54596,Agent,3.0,4.0,7.0
3023613188,c184e284a0a49ee4bae1c0a5d34f87356c9825f3,Agent,5.0,2.0,7.0
3023613188,c6130d4b2e195d4759efaa9d98669ef3eb83d73c,Agent,46.0,7.0,53.0
3023613188,da2aedaa60804e151046621a375b6c0b284c41ec,Agent,1.0,2.0,3.0
3023613188,e01f61993f0f4c8aa08b3649ca486fc745ef4a32,Agent,3.0,4.0,7.0
3029783614,0072096d2e57d6ad556d0946036a948f89443193,Human,3.0,8.0,11.0
3029783614,0573fd31a3300d3c116a990bcdbaf2a9a0a80184,Human,300.0,181.0,481.0
3029783614,0b4e6801ef2f6bed8ff08ab9156fcfe66f502b2f,Human,18.0,1.0,19.0
3029783614,144a727dc436d76ad73ff5479d96832444effa3f,Human,47.0,33.0,80.0
3029783614,27d7838c03de04adac3c117ecaba510c6e17259c,Human,29.0,27.0,56.0
3029783614,3701158f93862e77fde05bbd922dbd783ba5cf6d,Human,4.0,44.0,48.0
3029783614,40c989c17c631cbf085b9c6e9d71d26eab463f1c,Human,51.0,28.0,79.0
3029783614,439ee10fd47c6fe0642febddc31c53a072d2e886,Human,88.0,11.0,99.0
3029783614,495cba62b7b4266675fddd0b3aab58b9d3d7b3a4,Human,9.0,0.0,9.0
3029783614,57ee8d91f76381a2d4e2d46996175b5f98e9d3fc,Human,107.0,108.0,215.0
3029783614,670387b8b7f8d03f22a517607cd1870c1f9ae2ea,Human,14.0,11.0,25.0
3029783614,94df6d52e29fee99103aeb9265504bd7780e97a4,Human,48.0,901.0,949.0
3029783614,9c089319e47363ec4d3b5b7e1a7856d472e4c160,Human,2.0,4.0,6.0
3029783614,a3522524b3b4f3373831e4b159d00100f5bce95c,Human,29.0,58.0,87.0
3029783614,ab5fbefe3a67f396b1c0e58ac24b5f078626618c,Human,143.0,1.0,144.0
3029783614,ac27b2fcd245724e5d033c5dc49b13283cdd4d99,Human,126.0,137.0,263.0
3029783614,c739732f51f91d41171f8f6880eaf22010dc9734,Human,47.0,103.0,150.0
3029783614,e80418dc7d902b8d7ac2a3ed07f1d71857889965,Human,3.0,6.0,9.0
3029783614,e96b08bb6d48daa2435e1af5d0bb1dcec136853b,Human,55.0,56.0,111.0
3029783614,ede4826f37206dce13b7cb9e0a236457c3eca6dd,Human,53.0,35.0,88.0
3029783614,f1fc8c439f6a1c7417b28abecb3e2b19f0c38148,Human,215.0,167.0,382.0
3029783614,faeb9b5437647717121cc6d1f7b3e62728acb304,Human,1.0,0.0,1.0
3029783614,fc899dd99ca923b0054f7fa95a5352d73e246701,Human,0.0,109.0,109.0
3030054309,054d448aec528a9f3e11edd78b1ba7fa82efc4c1,Human,5.0,0.0,5.0
3030054309,06b7f7b99c5b7b5f0dfdf288aaee9d0242d7c1a1,Human,7.0,0.0,7.0
3030054309,0b233b2cec259ec7c070f99aa2e0df52961737b4,Human,58.0,28.0,86.0
3030054309,0c380f244180aab30bdc520b081cc6c50c541dcd,Human,11.0,0.0,11.0
3030054309,10935726f336119df33470371c4fc61b238f9535,Human,15.0,2.0,17.0
3030054309,1572fde01361b953bf97208d81a699beb8de1167,Human,38.0,0.0,38.0
3030054309,2b33e0d8ccc4d00ae1208289e2f1d373218d0e68,Human,1.0,1.0,2.0
3030054309,3bfbaca6c4def519e6e1864cd516ff642ee7e3f2,Human,71.0,8.0,79.0
3030054309,3c8e97bddecb137aa62e044a98be399d2686bf71,Human,11.0,21.0,32.0
3030054309,586002d3bbb29c85ddb7b13675889a844e410208,Human,9.0,5.0,14.0
3030054309,5dc06adf2e4bdd5a25a1ae88b5105c6ccf59839e,Human,1.0,1.0,2.0
3030054309,5fb84773b0d00c6a78c75486779d259f0145135f,Human,42.0,27.0,69.0
3030054309,640a9fb0a4d8fdb887a2c5521b44d8c830a1e50f,Human,108.0,0.0,108.0
3030054309,7319f65b78ee3613bb5395a5b438a6bcc9708a1f,Human,6.0,0.0,6.0
3030054309,7a5cc91150c78260bcfe375c8fb717b577e8426d,Human,5.0,2.0,7.0
3030054309,7eb1f12482e289ae6cb6caa65cba27365652361c,Human,24.0,1.0,25.0
3030054309,8214f40467ffef7e38621800727985875bb6f36b,Human,166.0,90.0,256.0
3030054309,85411470c4b6aa0425b32d217302828b8fff6373,Human,5.0,1.0,6.0
3030054309,85f2c99ee70367bb9b0ff7e3d9646f9eeb85b849,Human,155.0,1.0,156.0
3030054309,86c4dfeefaf701e75a258420a7b93f199624f208,Human,14.0,10.0,24.0
3030054309,9c86dc2e68e1a61115b67daa89c6a50fbce9160f,Human,46.0,0.0,46.0
3030054309,ab6c8542b391bba6afde0eec7d6d5d7b5f6d9648,Human,12.0,5.0,17.0
3030054309,b6ff2a7bb5e3ad107c291e0511d2990bf362055c,Human,5.0,4.0,9.0
3030054309,ca644ce7ea6a906f4732e0a2857c098b01e8a9df,Human,18.0,0.0,18.0
3030054309,e97ea90dd987a0bf6827c27ac21ef77b7c4a5e84,Human,2.0,2.0,4.0
3030054309,ed505b90abfb2af232466a1cad27a6c0ee00b6c8,Human,5.0,5.0,10.0
3030054309,ede63d0b4b4828b6434c2e6af477ac047cd07252,Human,86.0,16.0,102.0
3030054309,ee3fa3daf4d8c5a600fb2dd399cb5cc49db583a4,Human,11.0,10.0,21.0
3030054309,eec4d3f5e22056fa6c14664471167a27cf235192,Human,3.0,3.0,6.0
3030054309,f2057ea06c408e996d75eb0967322ebfe6fbdbd9,Human,31.0,1.0,32.0
3030073254,0b6951e6d814722809d1ca5b04bd34599ee0a25e,Agent,29.0,17.0,46.0
3030073254,225d993a924487feaaf70005dce2f699f52bc613,Agent,1.0,4.0,5.0
3030073254,29eed7861cd1a210d470c957c762c94954721abb,Agent,7.0,7.0,14.0
3030073254,2bbcf47dfc9541594bee10c48396411586b2e510,Agent,8.0,8.0,16.0
3030073254,2bc0866b5590169c979b123d082ee3fab16e0955,Agent,48.0,63.0,111.0
3030073254,30bb4339bc4d1822b869d84a1602ab80539a84bf,Agent,29.0,0.0,29.0
3030073254,39bb31297e8c35c1bf0e037626c24472cd24cf34,Agent,10.0,6.0,16.0
3030073254,517a5d391cc4c1407bffeaff6db2fe0864cea263,Agent,52.0,19.0,71.0
3030073254,61b7dd738acd971ea25883b3ea72c1794b9e86da,Agent,8.0,4.0,12.0
3030073254,656c20f3ddc901befd0659a4b5d6e0d0ee5bd966,Human,1.0,1.0,2.0
3030073254,6d59b8ceca05f43024751d05247d127efdb737d5,Agent,6.0,13.0,19.0
3030073254,7762841372b9551fc4693479604001421282f20d,Agent,4.0,1.0,5.0
3030073254,79700964c2e671a2ab09096d9ba617ce1a08a4bd,Agent,14.0,9.0,23.0
3030073254,91441b59436d11f13e5ea56c75cef008ddfaffa2,Agent,4.0,1.0,5.0
3030073254,91bf77983cc2d67e0548cb8daf04959ebec9983f,Agent,1.0,1.0,2.0
3030073254,9e52ecf2a3ea137ef7482451d611100bd74a0ab3,Agent,8.0,2.0,10.0
3030073254,a085d644a6f4eed99db9911c7983aa56b88b74fa,Agent,1.0,1.0,2.0
3030073254,aa8f5e9853b5c9a551a3c6cf48a5b88bd68b2cde,Agent,9.0,8.0,17.0
3030073254,b91af4fd19962ec53558fdfbf2ef368ea5862f1b,Agent,1.0,1.0,2.0
3030073254,c5bed4e0ed3db5f23a6d9766a7fcefe10b017e24,Agent,5.0,6.0,11.0
3031284848,054d448aec528a9f3e11edd78b1ba7fa82efc4c1,Human,5.0,0.0,5.0
3031284848,06b7f7b99c5b7b5f0dfdf288aaee9d0242d7c1a1,Human,7.0,0.0,7.0
3031284848,0b233b2cec259ec7c070f99aa2e0df52961737b4,Human,58.0,28.0,86.0
3031284848,0c380f244180aab30bdc520b081cc6c50c541dcd,Human,11.0,0.0,11.0
3031284848,10935726f336119df33470371c4fc61b238f9535,Human,15.0,2.0,17.0
3031284848,1572fde01361b953bf97208d81a699beb8de1167,Human,38.0,0.0,38.0
3031284848,2b33e0d8ccc4d00ae1208289e2f1d373218d0e68,Human,1.0,1.0,2.0
3031284848,3bfbaca6c4def519e6e1864cd516ff642ee7e3f2,Human,71.0,8.0,79.0
3031284848,3c8e97bddecb137aa62e044a98be399d2686bf71,Human,11.0,21.0,32.0
3031284848,586002d3bbb29c85ddb7b13675889a844e410208,Human,9.0,5.0,14.0
3031284848,5dc06adf2e4bdd5a25a1ae88b5105c6ccf59839e,Human,1.0,1.0,2.0
3031284848,5fb84773b0d00c6a78c75486779d259f0145135f,Human,42.0,27.0,69.0
3031284848,640a9fb0a4d8fdb887a2c5521b44d8c830a1e50f,Human,108.0,0.0,108.0
3031284848,7319f65b78ee3613bb5395a5b438a6bcc9708a1f,Human,6.0,0.0,6.0
3031284848,7a5cc91150c78260bcfe375c8fb717b577e8426d,Human,5.0,2.0,7.0
3031284848,7eb1f12482e289ae6cb6caa65cba27365652361c,Human,24.0,1.0,25.0
3031284848,8214f40467ffef7e38621800727985875bb6f36b,Human,166.0,90.0,256.0
3031284848,85411470c4b6aa0425b32d217302828b8fff6373,Human,5.0,1.0,6.0
3031284848,85f2c99ee70367bb9b0ff7e3d9646f9eeb85b849,Human,155.0,1.0,156.0
3031284848,86c4dfeefaf701e75a258420a7b93f199624f208,Human,14.0,10.0,24.0
3031284848,9c86dc2e68e1a61115b67daa89c6a50fbce9160f,Human,46.0,0.0,46.0
3031284848,ab6c8542b391bba6afde0eec7d6d5d7b5f6d9648,Human,12.0,5.0,17.0
3031284848,b6ff2a7bb5e3ad107c291e0511d2990bf362055c,Human,5.0,4.0,9.0
3031284848,ca644ce7ea6a906f4732e0a2857c098b01e8a9df,Human,18.0,0.0,18.0
3031284848,e97ea90dd987a0bf6827c27ac21ef77b7c4a5e84,Human,2.0,2.0,4.0
3031284848,ed505b90abfb2af232466a1cad27a6c0ee00b6c8,Human,5.0,5.0,10.0
3031284848,ede63d0b4b4828b6434c2e6af477ac047cd07252,Human,86.0,16.0,102.0
3031284848,ee3fa3daf4d8c5a600fb2dd399cb5cc49db583a4,Human,11.0,10.0,21.0
3031284848,eec4d3f5e22056fa6c14664471167a27cf235192,Human,3.0,3.0,6.0
3031284848,f2057ea06c408e996d75eb0967322ebfe6fbdbd9,Human,31.0,1.0,32.0
3033233392,096910c2ce5944b436f6cd98833217af0eecdb3a,Agent,15.0,1.0,16.0
3033233392,1d2cb257287e4b7322b265bf042b776698252f48,Agent,50.0,31.0,81.0
3033233392,2a82e13c5bac0fb83e8e349712153ccab0c0783d,Agent,27.0,8.0,35.0
3033233392,555012391addcd076777a552a6c5d2d12b358efb,Human,2.0,0.0,2.0
3033233392,5872f09b87cdd4578b26f6f18e77bcf7f555d737,Agent,35.0,2.0,37.0
3033233392,6f7f0078353d5f9f730825f2679972e9698d440a,Agent,16.0,33.0,49.0
3033233392,7aed207aec7f0688a9ff4aef4bcedd05d02e5571,Agent,59.0,856.0,915.0
3033233392,a9a085c2b1f38d4d4e07713fdd63a42fb6a2261f,Agent,2.0,2.0,4.0
3033233392,b512031a528e67f7ddf09d075cd513aae1a1be67,Agent,148.0,26.0,174.0
3033233392,b935b3159dfa1b5b3c119297ba3a5e361730faca,Agent,86.0,8.0,94.0
3033233392,b9eca84061d9db24786a445d41b484a22fb45f62,Agent,0.0,18.0,18.0
3033233392,db735117dcb8376e6f0adb09aaa395f60e12c945,Agent,2.0,1.0,3.0
3033233392,eda5bbfd8f1baf5798f11fde65e5bdfd037631ec,Agent,32.0,15.0,47.0
3033233392,f03c851a94840c11e205674450987ee52dd7e9bf,Agent,9.0,4.0,13.0
3036245532,149146d1e6d5c10b970548804ae1a883d713c83c,Human,14.0,14.0,28.0
3036245532,34c1dfc819a046239faab5d753c05df3de935709,Agent,53.0,0.0,53.0
3036245532,364eec1fcc2f2f4db386335cb81579a9f5c912b7,Agent,9.0,3.0,12.0
3036245532,3b0b0bfaa260af76082e08e6b2fcf647e2e14370,Agent,231.0,3.0,234.0
3036245532,b0ba111f262051c17035703098b36fe20ca95589,Agent,4.0,4.0,8.0
3036245532,ba63f80caf68c44bc83463e187af6f94e8d3fc17,Human,20.0,20.0,40.0
3036245532,f1f3092476d06e0c889d00761bd075965a66af7e,Agent,29.0,0.0,29.0
3036425780,40cde89ef200ab195c09c26a5e7fdd97459c7bfe,Agent,56.0,19.0,75.0
3036425780,6171ec6751ebcfcbb58ff6e20f99368653efbd50,Human,662.0,794.0,1456.0
3036425780,d050be520e55e044d335dec8139ce38d0c5c2d74,Human,4.0,4.0,8.0
3039633986,07e98fd9ca89a19482a8726dd8ee6bf677bcd62f,Agent,0.0,57.0,57.0
3039633986,17652a9898a10ae23bdced457da9c8b645204782,Agent,7.0,9.0,16.0
3039633986,179f7339f5218eccd799ddbfaefb02669a6e1fe4,Agent,28.0,13.0,41.0
3039633986,1e54777fb93a62b3eb2cb78a921131a0eb2e2914,Agent,13.0,13.0,26.0
3039633986,2103e2c078165ad389882fe3ceccc548749e4937,Agent,18.0,4.0,22.0
3039633986,4bb2bb11aaeafe54caa47f6b673e3c2caeec5a5b,Agent,52.0,31.0,83.0
3039633986,5aa6abf9f8b751d79dbf2f8cc34d66d5fc0963b0,Agent,6.0,1.0,7.0
3039633986,8dd69d9847b4001254fac5348439fe8ea0a23799,Agent,5.0,1.0,6.0
3039633986,91c47d54b10b5f37fb69e9a75318d36c7a04beee,Agent,29.0,29.0,58.0
3039633986,9b8b3cd617a52f1720fb763f4f908faab1134e31,Agent,1.0,1.0,2.0
3039633986,bafd0037b72cca0b7b10d6b81e0758cead4fe284,Agent,74.0,9.0,83.0
3039633986,bc1258b45c88bc909f3c1dcd8e0bc48d61a1dc81,Agent,1.0,1.0,2.0
3039633986,bf553547709fcbf7d572e89eb2c7c888c74b69bf,Human,147.0,164.0,311.0
3039633986,c8c4bc3804bff2a9d85c09f320a3bd4d7554bda7,Agent,29.0,0.0,29.0
3039633986,cb95c9600fe3fed751c7a71eb889c62faf1014a6,Agent,6.0,6.0,12.0
3039633986,dfc32d5f09e3e72e2e78e30cc409c494757b47b3,Agent,297.0,30.0,327.0
3040980236,134735ebf94ad46720ced4d6e8717c43b9d0e1a3,Agent,39.0,0.0,39.0
3040980236,1a5c76bbd15e08c249fbbd4260ff68e526fd118b,Agent,3.0,1.0,4.0
3040980236,3ab1f5cfd45b9be8799a7e196fc2e51cf02a1414,Agent,5.0,5.0,10.0
3040980236,53c3665141926d314a901e9e6932d1fbf886ff80,Agent,103.0,159.0,262.0
3040980236,53e3129d027c9218b390156e831f8f9d63b7a37e,Agent,1.0,14.0,15.0
3040980236,5dd2a3a93fee8fa38392752c0fef40db6c17f9d7,Agent,0.0,4.0,4.0
3040980236,7f471ea0847b266b830e49790a84155e9650e44c,Agent,70.0,82.0,152.0
3040980236,90177f800b8e0ace60a8fd7980a83d2be0f1fd21,Agent,279.0,1.0,280.0
3040980236,9e1c7742ec58fafc66518960e0f3f7998049d069,Human,0.0,1.0,1.0
3040980236,b224f70fba447789ae95f7085a4ec3020aeda823,Agent,192.0,0.0,192.0
3040980236,b882fc0558902039e4394668c335689d1a77126c,Agent,115.0,4.0,119.0
3040980236,d807043ea781e0c19c6129f8a12715fa23b2adea,Agent,122.0,226.0,348.0
3040980236,da4a9fc01b749bcfe73a18103cb75fdc43647566,Agent,72.0,12.0,84.0
3040980236,dc9c6414f01c22060b47bfefdc35864941ed07cb,Agent,205.0,155.0,360.0
3040980236,f9d4e2d349846d2dd69ab3ed4333645cc980fe48,Agent,3.0,0.0,3.0
3046545060,47b252b8e20e334264a64db2322577e2cac82d00,Agent,55.0,0.0,55.0
3046545060,9a6f48a89d987e3dbb94aa20791453fb06c29222,Human,11.0,11.0,22.0
3046545060,c8f28784cc16798c64c9aea0b838f7968193ebb5,Agent,0.0,1.0,1.0
3047718524,0408dd8be335ee28a81fe3d76805a76705aa9f06,Human,11.0,2.0,13.0
3047718524,113525c851c91781839a4ac337746167deed3b20,Human,1559.0,664.0,2223.0
3047718524,25c142b3d81192b17df65d1e2b5ab38e2792393d,Human,8.0,8.0,16.0
3047718524,25f1fada3fc29ad0f3d7c2ac0cfebad418f54427,Human,86.0,79.0,165.0
3047718524,4358951f7e6c2337d5c08a0c40d6b38cafaaba4f,Human,10.0,0.0,10.0
3047718524,4675c58fd03df38d90529e57f90e4a9104613904,Human,3.0,0.0,3.0
3047718524,4fdca81ee0ce28abc57c7ec3ae4e241fa1eeb4eb,Human,744.0,801.0,1545.0
3047718524,5715a545376dfe0475eb7b93fd2ac687d2641097,Human,265.0,204.0,469.0
3047718524,67248a304b7fa193487a17dc023b05da17e9ced3,Human,3.0,0.0,3.0
3047718524,6bc4cd84e0e84e7cfe4e5226dcb804f8285ef8be,Human,56.0,55.0,111.0
3047718524,738ba8b63f393e2277b442a719c74f0f0b91a400,Human,14.0,9.0,23.0
3047718524,78b52548c95409da3cfab3f5bbc8df7984497d9c,Human,9.0,3.0,12.0
3047718524,8411fe9e19ceeb6566e92fe0297b0a38ea497386,Agent,62.0,3.0,65.0
3047718524,874a083ddc21dc6ef426c96f2495e557787ea670,Human,1.0,1.0,2.0
3047718524,8cd331bbe763d20d99be6b5ae2db59fa56851eaa,Human,6.0,6.0,12.0
3047718524,90298ad798e97879110faaf55be0cd1ab8c06fa1,Human,4731.0,441.0,5172.0
3047718524,910c404b740ee6e11ba1d8e96ac660f0e01dae0a,Agent,367.0,260.0,627.0
3047718524,a2e7f7eea8efcc17d5d79cdeef216f794b95fff5,Human,3.0,0.0,3.0
3047718524,abb7d3b04317c2dd178f4d733aa59d76eb041c9d,Agent,144.0,81.0,225.0
3047718524,b0c999eb940a36a2a0d85abf90a810e55c3261fc,Human,525.0,576.0,1101.0
3047718524,b7b7b9ec10a1b681c7beb0c2cf589706bef2d0dc,Human,34.0,1.0,35.0
3047718524,bba429811d646cf303a3b23874e8f66dcaae2cf1,Human,1381.0,39.0,1420.0
3047718524,dd9daa5b79cc0218a8bd9f4a0d202db008c05f3a,Human,0.0,20.0,20.0
3047896344,0b233b2cec259ec7c070f99aa2e0df52961737b4,Human,58.0,28.0,86.0
3047896344,0c380f244180aab30bdc520b081cc6c50c541dcd,Human,11.0,0.0,11.0
3047896344,0d327cee5cd0b84b617686721367514fb3110253,Human,4.0,4.0,8.0
3047896344,10935726f336119df33470371c4fc61b238f9535,Human,15.0,2.0,17.0
3047896344,1432ca2432c5ec3c63de480cbed19baa3d14a8d6,Human,3.0,5.0,8.0
3047896344,169652a84e4d9b56e939022872bb25d1efc04198,Human,54.0,0.0,54.0
3047896344,16ccce8e9f064fc839ededa1527d8d101b9a7ce2,Human,56.0,52.0,108.0
3047896344,180236ded463eacd51041d32b856b4d07c460312,Human,4.0,24.0,28.0
3047896344,3202f4df352e230b76cb75e3662dfcdf96a63577,Human,10.0,8.0,18.0
3047896344,3a093eada5c4e8701ab3c8ebd9f7d87a739135ee,Human,76.0,0.0,76.0
3047896344,3b994b33154281f47fae0341525fe0e6e92f6920,Human,20.0,16.0,36.0
3047896344,3f8e3c490bf67ac3d925f9ab87ae91c08ab5ebda,Human,5.0,0.0,5.0
3047896344,469b2483300f3dbe8cc492c05ed28aaceb57d992,Human,1.0,1.0,2.0
3047896344,4e95b92c9272ec7c99cd6708baf41509b8305e4f,Human,5.0,5.0,10.0
3047896344,5dc06adf2e4bdd5a25a1ae88b5105c6ccf59839e,Human,1.0,1.0,2.0
3047896344,5e835b8751ae858327b58f3ed2b7a00e8426a18c,Human,2.0,2.0,4.0
3047896344,6ca4adf9e5b239e26fde27b327020cfd4083f22e,Human,2.0,2.0,4.0
3047896344,74f47d1a5c1f6b5640ce825ff52d09d9efed015c,Human,4.0,4.0,8.0
3047896344,7b5dfe0aed83dfbf029b30d29399066f4cdbcddc,Human,14.0,14.0,28.0
3047896344,7c19e21d70c53afc7cd72caf9a6d616eb9283042,Human,8.0,2.0,10.0
3047896344,95a4ce6c6bd7fb3e8d6ad96e43ab7361359735d5,Human,4.0,4.0,8.0
3047896344,a19d0e9c2d03ae705ce289515446e5f52983f98e,Human,33.0,0.0,33.0
3047896344,ac6bfb40c6ca223067516cfdb077cab4913acdfc,Human,25.0,20.0,45.0
3047896344,c09d7a5428fc7ed599a05b1b1d21f3742c361991,Human,53.0,4.0,57.0
3047896344,d9a6345cecba844480c4e4b4cb5bbbdf5685cefb,Human,3.0,1.0,4.0
3047896344,e4f06865be644b22ed0b16b8e4e8155f606006be,Human,1.0,1.0,2.0
3047896344,ee3fa3daf4d8c5a600fb2dd399cb5cc49db583a4,Human,11.0,10.0,21.0
3047896344,f824f3ec0f21efc3b4c28fb5ed46fc2e3b100475,Human,8.0,2.0,10.0
3047896344,fa379591b031c0e289980a8dba0296cc60b5edbb,Human,8.0,6.0,14.0
3047896344,fd01b5a441cd99a4555026591981924908076288,Human,1.0,1.0,2.0
3048475288,45b79aaa89db888513c1312b4444340843091bc6,Agent,287.0,1.0,288.0
3048475288,934d2aa181d6217607a5f393e1ebf34aa2254e1c,Agent,1059.0,32.0,1091.0
3048475288,bc9aafc2c699b9bce7cb596c0f64de2dc2a326d2,Human,724.0,309.0,1033.0
3048475288,c4ff540313c98e56cc77fd7f640e37a215d9292d,Agent,26.0,25.0,51.0
3048475288,cad6e5cc2880ff6f4c14848210bf577f86b98078,Human,6.0,0.0,6.0
3048475288,dabca3633202a15f3a053a8c72c928c3479ddcad,Agent,65.0,1.0,66.0
3048475288,fec5a0dd89a314b425e0b1363607d0f0be404ded,Human,315.0,733.0,1048.0
3049002345,1d33785706d8bc5d17581b37ce55e5662c7d5cfc,Human,74.0,190.0,264.0
3049002345,35a2df9d4aeeb6a391003fe3b9f195f3a7cd2dbd,Agent,45.0,45.0,90.0
3049002345,ab6f89dfc93d2e2400e89f854dd45fd033b9f205,Human,19.0,18.0,37.0
3049002345,bdf77238840db4d1e60e622452a72980d8497c64,Human,281.0,0.0,281.0
3054396306,2cc3099c6ac3f37fa89c4a579d612f75c09b446c,Agent,146.0,36.0,182.0
3054396306,3d67d5807b99f562785db77196e03bebe4c0cec6,Human,145.0,191.0,336.0
3054396306,4e33d6288a49c3a72a6ef69bd0c8d0929da5e7a1,Human,6.0,9.0,15.0
3054396306,6b1e48c097c0489fc1a5cd4e3a19bc6448daa965,Human,7.0,7.0,14.0
3054396306,74dac018ed6ac175fbe62092fef9700ba8df9c8b,Agent,3.0,3.0,6.0
3054396306,dd1f4f1b1d007b124d6bcb2f76974eed950fdf1e,Human,3.0,1.0,4.0
3054396306,e438c12e854cb34d80c0ff61416afbb178b1ecfd,Agent,0.0,2.0,2.0
3054396306,ed4193d863814e8f5c0d98022ff074f51386f84f,Agent,183.0,55.0,238.0
3055008281,2b9b2cf03e19c01f5cc882c9b925c176b39619cc,Agent,3.0,1.0,4.0
3055008281,30cc188ea2b1b51a87b496e4cc3a6594eb518b95,Agent,100.0,157.0,257.0
3055008281,6111d3dfc0001c2450d66a027f9d2631e507bbd7,Agent,1.0,1.0,2.0
3055008281,67d3b19ca90aa4b62e85bc4ebf0c7944d58a07af,Human,7.0,7.0,14.0
3055008281,c385dc4e522743fd001bb8863c1f7c83c25b9097,Agent,22.0,30.0,52.0
3055008281,f17a2a9cd5c354cb8c8263ce9982c62c8ab70086,Agent,31.0,0.0,31.0
3055717125,3ca8b153fb5c9a815f2dfcb34f93b81c4ce20b8d,Agent,16.0,0.0,16.0
3055717125,865c8a725e3dc22f66874ed8f6bbe8778e9d9a16,Agent,1.0,1.0,2.0
3055717125,974623df4dc32c0cf647cb3beb08f50c76775c61,Agent,1.0,1.0,2.0
3055717125,cfa298ed275d3787b35ee29967c0007fac6e9bd4,Agent,5.0,0.0,5.0
3055717125,f7eeb35bfae89f720e83b67da5af0904b13e7de6,Human,127.0,267.0,394.0
3055717125,fe247bbd47962a70eec1c7e1b8ac4610d5528d45,Agent,22.0,0.0,22.0
3056690965,0bac2379ab82805e173e10efefff4f9bd70edcbd,Agent,16.0,3.0,19.0
3056690965,139792fb881167e27bd1ac6f7bbf6c1df75a4338,Agent,38.0,8.0,46.0
3056690965,2c736e1f07a67b2d988976cb6ca2bfa6241db408,Agent,13.0,2.0,15.0
3056690965,65f3ae1b4c4324b708414effd835d4d515240b47,Agent,117.0,8.0,125.0
3056690965,99368a45542ed053106d13e781089074a12812e9,Agent,2.0,2.0,4.0
3056690965,a64bb82d8232ef492bfbb4d23b0dfaca28263836,Human,2.0,2.0,4.0
3056690965,ad490829277a80bfb5396da719632d9be7964f90,Agent,40.0,36.0,76.0
3056690965,ae384b594abc938813b43cc96193e91c68430a69,Agent,10.0,10.0,20.0
3056690965,af8a3c4b572e5fa6ae7464f8cd045c4c9dd52d8b,Agent,66.0,18.0,84.0
3056690965,b0aaf01c1e06b1f0e3904ccc0ef96cad890f061c,Agent,441.0,12.0,453.0
3056690965,b86880c3ae80cf30d7a724caa11454ef7d21926b,Agent,1.0,1.0,2.0
3056690965,cdbe044b47756e9dd2a05e24cd2ecde7a7ec4cc5,Agent,7.0,3.0,10.0
3056690965,e90063f033e7fe8be9c168b507380457a0e9f472,Agent,5.0,5.0,10.0
3056690965,fefc4b94d356ec1c2b894fee1b453af6e5815383,Agent,1.0,1.0,2.0
3056993511,01c2bb906c2413f0d6ebc3645a70f566c2877bed,Agent,15.0,0.0,15.0
3056993511,0dc79775575a875e09ddcf1db42d57851418aa1d,Human,3.0,2.0,5.0
3056993511,192225dfc661d4b71839a108f0bbb62234861134,Agent,15.0,1.0,16.0
3056993511,229d2ca7c575ec40bd86ecd46447b6dfd17e67da,Agent,11.0,11.0,22.0
3056993511,513e7885659ff16ad84a91ca69d393b207ea5359,Agent,3.0,1.0,4.0
3056993511,5a225591a1d5dfd6238983db95af3e6cc306228a,Agent,2.0,0.0,2.0
3056993511,5d5b3c6ccf957926f9fa4227197295e371d9c145,Agent,5.0,4.0,9.0
3056993511,678e1be898579c6535560d2c3c929fbc534531aa,Agent,217.0,88.0,305.0
3056993511,6ca6e0fac5f1ad8aa8c60db87b22475cc406ff32,Agent,15.0,13.0,28.0
3056993511,7e6fc036dfbe27151bdf48e09ba5d91986358934,Agent,1.0,1.0,2.0
3056993511,99fc45e9bfb57ededd026ae21df459ab3d1d117c,Agent,7.0,15.0,22.0
3056993511,aa60edd17f3902c54dad0f4bc03184f620ad15f5,Agent,3.0,3.0,6.0
3056993511,aa712eb84cb39a92568383c8f4ea0fb94b3d2c9f,Agent,7.0,0.0,7.0
3056993511,ae5f552609e8f0c3ead89cd480794b5d9ea1f645,Human,236.0,17.0,253.0
3056993511,b550d833b95886ef44511ccbb9f4b989db2117c1,Human,5.0,16.0,21.0
3056993511,bb9e07f2898e6637aa74abfe7200530a28fb68c7,Agent,56.0,30.0,86.0
3056993511,e9737b7cad0d8c39b06334fa2ad421a08afafa54,Agent,15.0,0.0,15.0
3056993511,fff43062454c520c41d41067d89f185df2192efd,Agent,3.0,3.0,6.0
3058482399,0278d6347cffc79cd1624edcb2ec49aa669522e3,Agent,6.0,5.0,11.0
3058482399,02851b6953e4553fe080a5e15180f90f48db097b,Agent,73.0,1.0,74.0
3058482399,1485c5272cc500ffcaff594d6cca5030a13f0cf5,Agent,132.0,1.0,133.0
3058482399,1ac4b45a32aa4518a7c1c4b030982695f9ce75d6,Agent,3.0,3.0,6.0
3058482399,21ca8e0c0538c9c2171f08d589f4f57d8bc6e4ba,Agent,1.0,0.0,1.0
3058482399,2f5c0a6e79212ec8713e0af30b94ca7e5d06ddf0,Agent,37.0,27.0,64.0
3058482399,4154db281068f14ea086bc6b169045e4912cd4d4,Human,2.0,3.0,5.0
3058482399,4ab7499ac7aeaa601b891961a912265449183016,Agent,14.0,10.0,24.0
3058482399,4b7883ed9604482dae32a17c2a2a1c6df334a52a,Agent,3.0,2.0,5.0
3058482399,4cd91a3302af237a26a3e7864c318cea1559e5a4,Agent,35.0,9.0,44.0
3058482399,4fcab77508ea3dbfe914e9f0c0246f4bd85bb096,Agent,6.0,6.0,12.0
3058482399,5a05cc1595f4c187b6f1098df2bf4b8def8c6ca8,Agent,5.0,5.0,10.0
3058482399,6c1271124e069876a99033777f9d9e121d347760,Agent,3.0,0.0,3.0
3058482399,7672a064d061d73729dbb2fdc4177697ec10cbae,Agent,4.0,4.0,8.0
3058482399,9217fde3a84def9f003462128476793495e73749,Agent,149.0,1.0,150.0
3058482399,983360c68d8a720b36167536335f39e0c116a527,Agent,5.0,0.0,5.0
3058482399,99838a6bb604aa48a834df1951bd624fe6852c01,Agent,27.0,16.0,43.0
3058482399,a0498bad8d0684f18b8f83d0d1e326c87a365885,Agent,1.0,1.0,2.0
3058482399,b35153ea67ef561a4e18a1b151fb2610cbfd5cae,Human,4.0,4.0,8.0
3058482399,cf61bcc47f7389b9589d7a193032b14669af7ef4,Agent,1.0,1.0,2.0
3058482399,eb709a73ab9bb8b312746e0cdc8aa8525ba976e7,Agent,2.0,2.0,4.0
3060575393,00ef297cc5e27fc3f0aabfc2d6a8790a8408c32b,Human,569.0,287.0,856.0
3060575393,04ce8888a966307b21f566192013f3b3231031c9,Agent,50.0,15.0,65.0
3060575393,0b831e1ba6817d10f0ffa477329f1ac89a3ab1b6,Agent,181.0,9.0,190.0
3060575393,0c0ba7d5994837dc636116d5a69cbf4a06a38834,Agent,73.0,12.0,85.0
3060575393,105e22a59d4b0df09b8f9dc8d3df894f32a805b0,Agent,6.0,6.0,12.0
3060575393,13ec8e426dafc5d595d9b732c4a92316e8840638,Human,14.0,5.0,19.0
3060575393,20fe0ed58a163527b8852f6f568d9b7e7fdabdf5,Agent,9.0,66.0,75.0
3060575393,215159399586278a38faf00c3953be2d31f428fd,Agent,33.0,1.0,34.0
3060575393,3317c0a1fb753b98d1d59528fdc75462d7a95d54,Human,13.0,5.0,18.0
3060575393,43f720e14b979ad80e967bcdf599aa85f7379bd6,Agent,21.0,1.0,22.0
3060575393,600fcd74584234dcf85c04ab69b09d2c93d8b494,Agent,68.0,2.0,70.0
3060575393,651c5521aaf11c582c4094dbf9b160293a017ff0,Agent,3.0,4.0,7.0
3060575393,6e50495cb9fa6aafc4bb5f9ac882c05c9b522805,Agent,16.0,18.0,34.0
3060575393,9af93fe56f565b2894862df062b9151a7ee8dec5,Agent,2.0,8.0,10.0
3060575393,9efd5765c5b0472fd1243289a84e5ec8104278f3,Agent,0.0,1.0,1.0
3060575393,a092d444a18829e8d2c6f02d882b622b457796db,Agent,34.0,20.0,54.0
3060575393,a80737af5ed40383c77477630885238e771ac39b,Agent,24.0,8.0,32.0
3060575393,b61f1919439ab6b09fc78962f292cdfcf5c41477,Agent,3.0,3.0,6.0
3060575393,c32d05908d4652ee139e7368c8fc78bc786541c0,Agent,573.0,0.0,573.0
3060575393,c9df4d9e430b41fb91e9eb5aaa458e4f0d60316f,Agent,4.0,1.0,5.0
3060575393,cf56dc4c8f98b325e5732d5dbff06a01d1abb029,Agent,11.0,3.0,14.0
3060575393,cf80148a662173a980d4cef69005d5f67e888096,Agent,362.0,8.0,370.0
3060575393,d06eea31ea64656bee12360d02ecbb9d60c06e4d,Agent,16.0,5.0,21.0
3060575393,de522b58809d73c6ed93a2d92e502f133bb0cac6,Agent,52.0,53.0,105.0
3060575393,eaeebe3f58a778e407657201e6e1615455f7f773,Agent,52.0,33.0,85.0
3060575393,ebe0231f008972cfa98fc03a996e1cae36a3b753,Agent,3.0,22.0,25.0
3060575393,f736a74366b2384bfc675da07c378d25596c1549,Agent,2.0,2.0,4.0
3060575393,f74c1345a14356a84dd172a2e50c72c17c00d83d,Agent,30.0,2.0,32.0
3060575393,fa702068a84fe88eae15d3fbc68efce9129f620b,Agent,436.0,0.0,436.0
3060575393,fb51f95ed7e9ace22b4b561e9525c9452355f63a,Agent,28.0,26.0,54.0
3060701727,155f4cec3e48ce1a695f3b5280c69a3eb7049c6d,Agent,1198.0,0.0,1198.0
3060701727,25a406076579c699600f10d6c29760de66d45bbb,Human,2.0,8.0,10.0
3060701727,34988be17bc2d6bc85acb5c8825c0bb297dbb8d5,Human,2.0,8.0,10.0
3060701727,4c3ebefa826989a7182494e6ebb1ab024a4b8abe,Human,506.0,3.0,509.0
3060701727,82a05f946e6a1e3a186d09cc31b261fabc640dfd,Agent,1198.0,0.0,1198.0
3060701727,8ac186d7b8b1ec45c6abf4bf6188a041800f8a30,Human,16.0,24.0,40.0
3060701727,8b482dbd95f465528db79ad23403a70c645b57a0,Human,21.0,36.0,57.0
3060701727,9aea3a990e2610778e57b85ada6263661625f578,Human,21.0,36.0,57.0
3060701727,c2c7346566fb631945c2c02306e2772cceb2a854,Human,2.0,2.0,4.0
3060701727,d81c5ab20d564141c0d275a3c6362afb37a1526f,Human,25.0,8.0,33.0
3060701727,ea6314edc57ca036a911bc2aa64bc55ac0ac0c93,Human,506.0,3.0,509.0
3060701727,fce95c64ecf76c6d3958124bc5958c60eb839537,Human,2235.0,789.0,3024.0
3060716964,2c4d1b2e525ff6e12ae885fced5a2cf4934d4389,Human,3.0,5.0,8.0
3060716964,62953368d3b17303c81b7eb3f44643369a01456e,Agent,3.0,1.0,4.0
3060716964,ce3aed8b061d3366be3707d72720b3ea62441a47,Agent,698.0,0.0,698.0
3060716964,d78e48b469e097779e74e5fdc25cb74e3939be7e,Agent,4.0,403.0,407.0
3060716964,e2c604c4aa98c3bc12b3c4e61276b6aa296e74b8,Human,404.0,606.0,1010.0
3061189699,245a4661d78b705be3669407a13a20e64d0b06bd,Human,8.0,2.0,10.0
3061189699,3b8b3def851bb74410e11a4d4022763f23f84b93,Agent,48.0,1.0,49.0
3061189699,4ef9b942ddb7170146287960a8de03c6507dcb39,Agent,28.0,11.0,39.0
3061189699,6a961b20939ffe16c837688cf87d6435542018ca,Agent,1.0,1.0,2.0
3061189699,8a69edd935cc4bec80c978ef1eddaf4474b9f338,Agent,3.0,0.0,3.0
3061189699,8b0612cb4c4bee74a5f4f746dbfe454f92ba517c,Agent,0.0,20.0,20.0
3061189699,9ab19a13af69a6d1f390a1098009cc3e23ef94a7,Agent,1.0,18.0,19.0
3061189699,a1a7d188d1504ab77e268e39e79e9320db37dd77,Agent,39.0,29.0,68.0
3061189699,a6a6f12b55a0b2794934b7d5a1ff75184a321386,Agent,18.0,18.0,36.0
3061189699,b21cf4885b81777e952674aae42420d76ff91a8a,Agent,1.0,1.0,2.0
3061189699,b76a47ade6138f59dac0b842196c6cd3ab72996f,Agent,19.0,22.0,41.0
3061189699,de5912361c48587ebb674a2d1882794e5cf2a567,Agent,4.0,0.0,4.0
3061189699,fdd0b80b0924ae1a5001e5597a1bc8048b738a3d,Agent,8.0,1.0,9.0
3065400643,06236bcc8f6c55ecaab58e182a98e684784010b0,Human,2.0,2.0,4.0
3065400643,06597d0560c6e80c9197c14cd2ada6b76daf2cd2,Human,1.0,1.0,2.0
3065400643,065a33301573b9ca83af53f67fc822060f827bc9,Human,1.0,2.0,3.0
3065400643,3771185825c54e1cc0a60ad4baa68027a11d9d60,Human,51.0,22.0,73.0
3065400643,6148fa447443fdfca74d763f9e2e5d38f6d0c1eb,Human,1.0,1.0,2.0
3065400643,673e32135f89ff7f1b342ec80f15a2a00763bf36,Human,13.0,15.0,28.0
3065400643,6e0072669fbb1a2f8365bb93c0cdcb9ea844ed16,Human,1.0,1.0,2.0
3065400643,7322260cb45faef267afab485fd452f7b20d0cdd,Human,4.0,2.0,6.0
3065400643,73dbefe20e5e5a8b1f7bc364bc016583ae1b0733,Human,6.0,7.0,13.0
3065400643,7a18d0495799db30c16f6a58b91ac38e6f08196f,Human,2788.0,148.0,2936.0
3065400643,862c0b66277ffd7206738e9b43b58ff3a4624fe3,Human,2.0,2.0,4.0
3065400643,bbcc239456b8a6ef5810fb238d7ad83b0d7f6b36,Human,1.0,1.0,2.0
3065400643,dc4d21e5484b7685dfb9bcda70396ae22c08ff63,Human,24.0,34.0,58.0
3065400643,e68798c42e142b4fdba669a5da1435d4f845900a,Human,1151.0,906.0,2057.0
3065400643,f06a332904702d9d3de1ea7c55ca143d01688585,Human,1.0,0.0,1.0
3065400643,f3970a1a14f0727eb943edfe19ab998d3851964f,Human,1.0,0.0,1.0
3065400643,f7c7f76e6a8076f2f6e6e146ceba6ba58f45e893,Human,5.0,0.0,5.0
3066776078,1aa3f5d6b308c35c8958867b6afbc1b37d5aafd0,Human,45.0,57.0,102.0
3066776078,c0992c1265be9a51dea5e1aad551d21a029303af,Human,131.0,71.0,202.0
3066776078,d8c8a40e2b33ddfb320dcfc4e817b30fa402c4cd,Agent,2.0,2.0,4.0
3066776078,dacbb8675576d559839fadd56b1d6d94941ae904,Agent,27.0,0.0,27.0
3066776078,f27dea7d5b9926e76d7e9de75c5d6995a9b4ea72,Agent,53.0,29.0,82.0
3066776078,fa66f3d1e1773c6da0ba6c3c438ab9ef381c994a,Agent,24.0,9.0,33.0
3067770211,6746c93486a420fa0c2e27a5ddc645073451ba17,Human,15.0,15.0,30.0
3067770211,729f016f9ba1d789e16ef7891c9a5401fc0f0523,Agent,31.0,18.0,49.0
3069714308,075c167ea91c2c151df92f12513f21002c0fa24f,Human,29.0,10.0,39.0
3069714308,0c69677588958ae3e1729ddcb4268ff551b08d2c,Human,0.0,1.0,1.0
3069714308,0cda9720196ff607b09fd4e22c7cea6b32634e52,Human,11.0,0.0,11.0
3069714308,1cc3ee1b3d7e4b900bdfda4f0a4ff18cb92fad1e,Human,8.0,8.0,16.0
3069714308,20f607825e6a251d0a2c503895087e21b7e7023b,Human,118.0,54.0,172.0
3069714308,25e3efaeadda05d8223b0c5ebf1b9d9c062d80b6,Human,1.0,1.0,2.0
3069714308,25ff2769a3792d529a3f4b0a76a0c682fac13f0b,Human,42.0,3.0,45.0
3069714308,3ee29498a813e57fdc2e9fea700bfe07e4ccd5f2,Human,0.0,2.0,2.0
3069714308,43488b388c2b682031e3d9d47a2199261d683999,Human,32.0,1.0,33.0
3069714308,4b3d963c097a29fb9905af90212350b2566eba06,Human,94.0,9.0,103.0
3069714308,5153bb5ca9c13b1f94e165cb005ffa8800fd504f,Human,28.0,1.0,29.0
3069714308,8ef027d4b70e744f6e8ba1a71dafd3ec4d6d841a,Agent,3.0,5.0,8.0
3069714308,a472639a54fb7e54c7bf0ca1acbb982c07082eb3,Human,102.0,13.0,115.0
3069714308,a7a1e5133a93b0825e534f8d98c710c0e0606706,Agent,18.0,282.0,300.0
3069714308,afb174fcf8cd2b15085a6e4b1819556fc7d7cae6,Human,17.0,1.0,18.0
3069714308,c500b116a3251f90972b4c807ce2cb322e3487c5,Agent,72.0,0.0,72.0
3069714308,fa2dedc2669f09bd651d2d0b54e76f10d93e493f,Human,28.0,15.0,43.0
3071085732,09f76feca522f3f799b28507b5e56218762778e8,Human,56.0,1.0,57.0
3071085732,27734e135041f5c0d8b7008834c87e32bc37a8ed,Agent,0.0,5.0,5.0
3071085732,412434294d3da95f0c541cc3454fa5260eb3911f,Agent,196.0,0.0,196.0
3071085732,bfb5b7c92046b31f31a622e6c81324c2723933f1,Agent,2.0,2.0,4.0
3071085732,e7f179dc802999a60828c20b9eafd8314dca9ea6,Agent,62.0,44.0,106.0
3072107233,01aae9117b3f34dd8a218771fa9bccf9a1471e8a,Human,0.0,14.0,14.0
3072107233,aff144da275e8b5a1266dca9e59e7f23d289b2bc,Agent,4.0,4.0,8.0
3072107233,f3ea92103bc2e47826a5998db1928d53a3791061,Agent,93.0,0.0,93.0
3072374938,002cfedc155a98502bb88a43030800b9dd1bd652,Agent,8.0,1.0,9.0
3072374938,0163d4a82870934766a6ebcdd05d80058c86f2b5,Agent,17.0,15.0,32.0
3072374938,0645aa4aaef56686276658904a9228b0e0733741,Human,3.0,3.0,6.0
3072374938,175a30348a3d6c3c53593f957108e3afdd7eb1d4,Human,24.0,21.0,45.0
3072374938,1a432cca4b96a8f24f5a5831bc3dd9d912ab2708,Human,2.0,76.0,78.0
3072374938,1aaa2b6fd3d4c434f71b83cf61ede29711d93654,Human,502.0,107.0,609.0
3072374938,291cebddb63c6db2532a763faf76b9a18a98e711,Human,1.0,1.0,2.0
3072374938,2c37d6a4348b219a86f3874e9d3a77af05e9ecc5,Human,315.0,40.0,355.0
3072374938,3d33a614d3f998f76d4caf6be8166de4be701370,Human,33.0,29.0,62.0
3072374938,4f96d22e41e0cdc9a5293f04772b87e6bda3b03e,Human,181.0,436.0,617.0
3072374938,57d84cb0a348dae32d57e3f9c701d6760473aa3d,Agent,142.0,92.0,234.0
3072374938,62208350d5945b2f065734c63cd3eb9a761a95e4,Human,426.0,50.0,476.0
3072374938,675cc9c7ec4e52e0fed968ebc8c9d6336ff4a9ca,Human,32.0,33.0,65.0
3072374938,6c7036b0f2a689b9a222f758b324fbc2760b6c70,Human,1257.0,1086.0,2343.0
3072374938,848283b5c9223038f6bf549ba220b17a988f090b,Human,51.0,84.0,135.0
3072374938,95f6031984e69046a28413a0f22764b8f85f71c2,Human,0.0,104.0,104.0
3072374938,967c97c0c3b45583d2688ff4d73539dfc418bda7,Human,692.0,381.0,1073.0
3072374938,9820a1d022785611a19f3676682c92cca0eda2e7,Human,66.0,19.0,85.0
3072374938,ac649298ebad04035548a3482ca22e21d2b2a180,Agent,27.0,23.0,50.0
3072374938,b67e8178de973b4081190835b44592133512669a,Agent,100.0,60.0,160.0
3072374938,b7c75c31dd19c5cfb814a2c868b51cdc74a94daa,Human,245.0,244.0,489.0
3072374938,c0ddebbaa39afdd27d34b5996a513953f4c1fd8d,Agent,37.0,33.0,70.0
3072374938,c3745e9b1ccf8924324a72d865781f2b131c76b5,Agent,43.0,47.0,90.0
3072374938,c8c1d5bde77a7948f25da0557ec24e1ae403a445,Human,2.0,1.0,3.0
3072374938,d86a6a1d0b6f5410d27331daa155f6f900b6cce9,Human,5.0,1.0,6.0
3072374938,e1749aac9b2afd6818a7d9dce82f52a02c479e59,Agent,10.0,6.0,16.0
3072374938,e25816bb28de4f1ec1afb8ef4bffb3f91335c553,Human,3.0,3.0,6.0
3074542976,3356e4b0bbf29b5961005d5b4a7f844cecc56f4d,Agent,1.0,1.0,2.0
3074542976,58f321b5b76f5b5020e5533ed7cb9daeca935811,Human,189.0,21.0,210.0
3074542976,93ec5eefe3b97d03c74013e7bbb21a7fa85aa631,Agent,3.0,0.0,3.0
3074542976,b9e1d0e8645e8ead6c7880e08e12bd51d3c9ac52,Agent,267.0,1.0,268.0
3074542976,d172e1bccb74460ec2056c2370b36f6e1b83345b,Agent,57.0,0.0,57.0
3074542976,f616f730ef80c4f2d97227874c23cf75394e4403,Agent,155.0,0.0,155.0
3074699489,42ac494c28dddcd8991444b62aabac1c7ecb77a9,Agent,1.0,1.0,2.0
3074699489,6475608157c30ce982b71e85c80c16920c2894d5,Agent,3.0,3.0,6.0
3074699489,7decb2fcf2eb952a6efdc9e9b7561ae12170c604,Human,0.0,25.0,25.0
3074699489,846157193b8c3eac0f6545eefca7ba35dac3139d,Agent,29.0,1.0,30.0
3074699489,8bf440be9cc23a19e79fbeb991b5b7c98719ea18,Human,2124.0,60.0,2184.0
3074699489,b184fb2a27af728fd5c61f3fd0ac0b1a5d2b5644,Human,0.0,3.0,3.0
3074699489,cded7248b3a2a82b7987623d3aec51a3cbb10960,Agent,5.0,0.0,5.0
3074756019,00595148375ab952be65ad5a0f163185c8bb9ab9,Agent,3.0,3.0,6.0
3074756019,2f697988bc31c6364ea37cfa8c6d052a69bc1f59,Human,2.0,2.0,4.0
3074756019,4db9590198931e94f1075cbc3e5603f4970fbecd,Agent,172.0,0.0,172.0
3074756019,86bac9c264611cf73ca80473e689c0d3cd6d840c,Agent,79.0,0.0,79.0
3074756019,884fa38cf9610032acbdafc37881e9862cc0b0eb,Agent,1943.0,1.0,1944.0
3074756019,9d67f97e53b9c152e90c62c355a8ea833e5e2d15,Agent,6.0,8.0,14.0
3074756019,cff9970efe8302a0e18e7dec863d1846f88150e6,Agent,0.0,1942.0,1942.0
3074893038,0cc77ff0401211d1e561a09e604aece8bbe0e72d,Agent,2.0,2.0,4.0
3074893038,339f1cc9f30036910085b50c0fe1c93cdc28e761,Agent,4.0,4.0,8.0
3074893038,3f2ebba8cfcae013cbf82db67ab98eef7b850b78,Human,7.0,7.0,14.0
3074893038,41c0aeeffe0073dbccb0e8d2480f5bf39e78132a,Agent,10.0,6.0,16.0
3074893038,552e36eea935d6782ee0d5a9da3562998a1b85f8,Agent,6.0,3.0,9.0
3074893038,645cad713ee672dfa1160ac1284435b4dfebf470,Agent,8.0,2.0,10.0
3074893038,6901a82db493ea45c512d9560ebb47db83a0d83d,Agent,1.0,0.0,1.0
3074893038,774567346c9cb6fb36b64dca1b7eeec7d24c8a60,Agent,3.0,3.0,6.0
3074893038,bd0aa477a55d87b6611f6393df9d2508e1f28fc8,Agent,0.0,1.0,1.0
3074893038,f191c83298c4058a7784b360dcf579f6a7cda41a,Agent,9.0,4.0,13.0
3075019704,2ed44dad622fee7a1001bf87a67e932910225876,Agent,52.0,137.0,189.0
3075019704,36241373df8a39803e194a800d5ce980d8ace199,Agent,681.0,120.0,801.0
3075019704,41b7ec55248d77e0df3ea38289c4c760af878a32,Agent,921.0,0.0,921.0
3075019704,4490a20dc6d1d7391fca596ca0d039d428b1c5d4,Agent,145.0,0.0,145.0
3075019704,5aea8ccdd45d7391c43b386e6fe998e4178a139f,Agent,686.0,9.0,695.0
3075019704,5fe2a6061584df7107aff2b19966f9fea53e2fc8,Agent,54.0,167.0,221.0
3075019704,8ae0e7b1e74c40f3dbaaa830de1f322d34a1fd40,Human,4.0,0.0,4.0
3075019704,b6598af40dcdfd2e54933458ef849e5339ad8006,Human,34.0,41.0,75.0
3075019704,d3ec1cebe54fb6420b24f34cb10972d9abd6fda5,Agent,12.0,3.0,15.0
3075019704,e99f5b8df08e777011aae10f731c3962e5568ffe,Agent,0.0,76.0,76.0
3075019704,fd51b15dc6f6e4a8dad0c2ba5ac2129954e34d1d,Agent,146.0,0.0,146.0
3075790811,09fc0544ed4a98f545cc315f54429f50d3a8769b,Agent,1.0,1.0,2.0
3075790811,2e5dd3f61a93adaab4fc2c499fb30c8bd19b8787,Human,1.0,1.0,2.0
3075790811,42856fca118ebf627b635063324d855ef60e9f49,Agent,9.0,2.0,11.0
3075790811,7e0f0626bcc876017226e9d751b82b86c7b835f3,Agent,7.0,1.0,8.0
3075790811,c3dd5cd05d9c486aee4f869a47f427d51070b96f,Agent,19.0,8.0,27.0
3075994560,4b68edbcf497bf240d84503f5e65969631b47bf2,Agent,4.0,3.0,7.0
3075994560,4f72518c6b70ffa20bd20f94ad34d01693597d9a,Agent,93.0,7.0,100.0
3075994560,50ad7d0b0f760f9bb7a79f2541fc3357361df63c,Agent,49.0,102.0,151.0
3075994560,9b9c300c297aa27c26c9fb36471a72e5cfe7506a,Human,50.0,51.0,101.0
3075994560,9ec0e5ff957a84e4e4409defbb3ac303c70360c7,Agent,19.0,2.0,21.0
3075994560,a73e1cc127c21798ce66d2238519cf7cf39a4656,Agent,12.0,14.0,26.0
3075994560,dea81a6c31510b8775bd38a1f9b2146ce9c9c84d,Human,4.0,4.0,8.0
3075994560,fc07052d57794d8c1940ac49bde8c6c43fcd2f4d,Human,32.0,27.0,59.0
3076030480,0b587e2066d2569cfbd0f454fe094914d54a1c2e,Agent,4.0,22.0,26.0
3076030480,0ef0d9ee41f057df458531360eb577d3d5572c73,Agent,49.0,0.0,49.0
3076030480,1c48b11b8275b29f152edc50df528a009f303ef0,Agent,8.0,8.0,16.0
3076030480,5b2b831ea4a6481bbf267e3fb11da6a072a0b036,Human,26.0,26.0,52.0
3076030480,8c9c0b48b3bb5206eb2c408321ef4f79277945fb,Agent,1.0,1.0,2.0
3076030480,bee35f3ac90be108ffc4cdaf1e13b94e354a4058,Agent,4.0,3.0,7.0
3076030480,c2b96fbf98b6931edf8175e42233f4f7acb6d24d,Agent,65.0,0.0,65.0
3076030480,ea12c3f7e083979415b6fe7a563c023aa49c9f52,Agent,13.0,16.0,29.0
3078352984,138cdc810eaa68ce518f35b8409f15afb336ecca,Agent,0.0,297.0,297.0
3078352984,3b640438c5ddccb7057ca440ceadee924a07f6ef,Agent,78.0,131.0,209.0
3078352984,4412263855240136b1c01de92e0ce6958127acfd,Agent,31.0,60.0,91.0
3078352984,4eb3a8f71f76c0a5da3a16f83c546d37ea5bc982,Agent,297.0,0.0,297.0
3078352984,7bfd744e7ab9e8e86da2bca13b767cb241e0c41d,Agent,31.0,23.0,54.0
3078352984,7d51237720c102009bf95bd99248ead8325b258a,Human,1.0,1.0,2.0
3078352984,82b6084e8a8cdfa00a13815e848c6d53a1f434de,Agent,239.0,78.0,317.0
3078352984,b9a2951484e638890bd454c8d73cdc623c07d86b,Human,98.0,107.0,205.0
3078352984,d94bc00c3b2a8e67fb95500710c62d985f987f68,Agent,31.0,34.0,65.0
3078352984,f7555bffff346545e0267b3bd3c9b80cd6b99bc3,Agent,44.0,2.0,46.0
3078439427,03af06c12000f82b47cba124a65db9be1e9b8d00,Agent,592.0,11.0,603.0
3078439427,0900cedfc0f0744bd5b8e9e1ce65e2a1b4401c90,Agent,396.0,40.0,436.0
3078439427,193c6a75b0d0c71fd8a399204aa6924348242d1f,Agent,7.0,7.0,14.0
3078439427,216406ab96fff517fdfeb919ff93d722f5bf17df,Agent,15.0,218.0,233.0
3078439427,22b1d90a2bd08b6a40c714b2557d1c227012b1c3,Human,4.0,5.0,9.0
3078439427,2694d90a5605d7d82924b3f4afa8589bb2a394bf,Agent,4.0,165.0,169.0
3078439427,28b6aa12a699dd97e81afbb7f09488922766f21f,Agent,144.0,17.0,161.0
3078439427,2f5b55396cb4d8a25042a1438bb2212139e4e2b7,Agent,1.0,1.0,2.0
3078439427,3cab762d57e8794955944f35b8901569178239b9,Agent,1.0,8.0,9.0
3078439427,409bb346d8dd2e93b93cef30ed581f8db98a5088,Agent,45.0,16.0,61.0
3078439427,59069f705853d7a396540f3e5b709e2b439625f9,Human,187.0,129.0,316.0
3078439427,9db960a3263f8d9326afeabb8b69fd3a2ed15b24,Agent,73.0,35.0,108.0
3078439427,c1cfc9e46f77778b786d65246f70262f8f011ec8,Agent,59.0,4.0,63.0
3078439427,c9da7168cf9674f54fcd0574572be18963055eff,Human,165.0,71.0,236.0
3078439427,e94aff2464ef7f1c3d532580e49be2e057459a9d,Agent,3.0,3.0,6.0
3078439427,e9f9a2efc51774786d8b9805a9e8090008b7ba10,Agent,16.0,87.0,103.0
3078439427,f035b35809ca2ecbbb9f0717d02d846e7cb96874,Human,19.0,354.0,373.0
3078439427,f45c25a2635a11ed29fb640239875c08eed12007,Human,4.0,4.0,8.0
3078439427,f7e9eea8edfbe136d61c3ffb0bd43e34e501ebc4,Human,12.0,12.0,24.0
3078439427,f92b43ee3148fbb3ab65ca52418448d3c611f12e,Agent,33.0,13.0,46.0
3078440447,15eb8743f2f1e68cd6c08a2708dcd1781c23113f,Human,1.0,1.0,2.0
3078440447,3c8126cb2622942fec3b7976de63c9a6a8b788ec,Agent,1.0,1.0,2.0
3078440447,57a6a8faa3b60aed77b90e7e4692d3329b41d0bd,Agent,83.0,15.0,98.0
3078440447,5e242d54298bad480122a58441805f2c99d9089d,Human,113.0,8.0,121.0
3078440447,891f68a862e61f372de9da3fc4828aaed32afdae,Agent,20.0,0.0,20.0
3078440447,8ac5e1e601ba3a55585dde38cc6f8f35248847dc,Agent,65.0,90.0,155.0
3078440447,8c370316fc795ff7ff00939f68b9877e2cad1f1d,Human,1.0,0.0,1.0
3078440447,ad7ed5c179f25377406c157c6ae16b3ce0d7e25c,Agent,185.0,1.0,186.0
3078440447,b029232b5837289dbb3f43e82b13926b42028e2d,Human,1.0,1.0,2.0
3078440447,b61d2b8f817e96953df5070f8923a5f4bfe73f2b,Human,1.0,1.0,2.0
3078440447,c805e1e34024f4389d64f32f7219c02b8cd4c4c9,Agent,69.0,3.0,72.0
3079015881,00931ff2936f1b615bb7a299e3fc8208c7fd5609,Agent,174.0,390.0,564.0
3079015881,76bafc3b6fccde11fa6df1be4f924de8e5a9e187,Agent,5.0,2.0,7.0
3079015881,99d94bf17d57ec9ad5de6d258ee8fab4d62ad9d1,Agent,1.0,2.0,3.0
3079015881,dc4f30bf713c9bf17333aa09b240db8bc4fa8bd5,Human,1.0,3.0,4.0
3079015881,e005e28d0138f95a9daea750b3bb7503aaff4099,Agent,180.0,636.0,816.0
3079303421,013c393ccb9b4818793bdd4af7489f8b5677ed9f,Human,63.0,6.0,69.0
3079303421,020d7078516037ec936d89060796a4f5bc021e64,Human,28.0,3.0,31.0
3079303421,04e96cd3324e59ca10734ecbed18f1c79708951a,Human,4.0,44.0,48.0
3079303421,05d6658a0948c0ab35d80ea3fe5feaee7877a153,Human,29.0,0.0,29.0
3079303421,08bbd369bb69a626ac33932b3591761af78a186b,Human,94.0,24.0,118.0
3079303421,241611bfc8f67d9fb06c743d97db1f38954a03d6,Human,173.0,4.0,177.0
3079303421,35cfa7c9cf3b08a062bbcd047519c57c8a7ef208,Human,42.0,1.0,43.0
3079303421,38021abc32b7253f95eb9187c01dde653b6dfc86,Human,149.0,149.0,298.0
3079303421,39fdd67c2cd28b0e5e251b69eb104d712d19b2a5,Human,514.0,148.0,662.0
3079303421,3a985b5557641ab1998d6a989772b8f9eaa98d65,Human,164.0,34.0,198.0
3079303421,40e756f24e4c02a5b2714dd459502670e28bb4c7,Human,68.0,4.0,72.0
3079303421,4a86fb36bf4cdb3bc07514c53820545054d77331,Human,59.0,1.0,60.0
3079303421,841049f4955d5de5d66e41de139eaa19dcb5084b,Human,2.0,0.0,2.0
3079303421,88348c54729c8da5bfe701bf387f7e46cd1f394c,Human,60.0,1.0,61.0
3079303421,8a81ce6b3cfa31ab5524b7b219c8544c2ebd5101,Human,68.0,0.0,68.0
3079303421,8aa30ace139ce8bd91159083418070b1612aff53,Human,2.0,2.0,4.0
3079303421,94a5666e7eee4b73c0b5c066f61be6bf818c4c98,Human,96.0,0.0,96.0
3079303421,9606e1bf0ea99ee3b07ecf0792feea69a4aa320e,Human,981.0,0.0,981.0
3079303421,98504c89067809d841af6b9386fb4bf25084e85a,Human,13.0,4.0,17.0
3079303421,991e16ce4f732ab94ea5c6edfd3ec396ecc4d224,Human,142.0,11.0,153.0
3079303421,a014b7f0cb76f208faf0de7c8c9a9de3e07376f3,Human,11.0,11.0,22.0
3079303421,b32b376f7c3e53e7b5238af39283deebbd03572f,Human,149.0,149.0,298.0
3079303421,bfc6b802e18fba50698ac72d20bc8c8c095e6bd6,Human,149.0,149.0,298.0
3079303421,c369635706945abfecb64c37221f26f1656890dd,Human,56.0,0.0,56.0
3079303421,c897f9ae3f0aaf6da0881aa388cf31d480d9eb5d,Human,203.0,10.0,213.0
3079303421,cac45042303e8906a1050ac6adc4a54a6ea703ec,Human,72.0,52.0,124.0
3079303421,cec631916df07fa01846cf08b7a28a3158cc7bac,Human,71.0,4.0,75.0
3079303421,f12a25ed23d811a34231887a14a8e6802a43eca3,Human,149.0,149.0,298.0
3079303421,fbe93831b6ff1036d2567d9d4bc39caa62024672,Human,147.0,4.0,151.0
3079303421,ff80026f78153505d647ba1e02710f683f0fac95,Human,89.0,3.0,92.0
3079628682,14b6af59d82dd310620fd7d8e71dda4f9cdd25c3,Agent,16.0,3.0,19.0
3079628682,3eb2a3e5b7f2f0f49ccdb465bb97ea6bf15d290a,Agent,1.0,4.0,5.0
3079628682,68286198211e3d8c55eaeca049c4e91370081a69,Human,12.0,1.0,13.0
3079628682,98f4c0b55ed7e5ee1f074db9d214d962309ac00a,Human,1.0,0.0,1.0
3080019917,0ad79a4364d21e6472c8c5a27d53a3463156f2c8,Human,176.0,1.0,177.0
3080019917,0f9447122207b481bafb1fc7f3447d54b5813370,Agent,50.0,13.0,63.0
3080019917,1249ae21f3fd1ab33a971b30dda4a79fa35b7bea,Human,6.0,1.0,7.0
3080019917,1621aef4313ed56cdf6c4985b84184bdf3695199,Agent,2.0,3.0,5.0
3080019917,23a6ec3243544ab7f191a9f2f894620054107080,Agent,3.0,3.0,6.0
3080019917,2af29135929cd28fe52aa1494401233fe539dd2f,Human,46.0,0.0,46.0
3080019917,2c0b22ab86647b779661c67037d17d2fd49ec3b3,Agent,7.0,0.0,7.0
3080019917,2d3b1367d367d76ebe9272c45e8ff04d69c69e15,Agent,8.0,9.0,17.0
3080019917,31b0a307d9990bb2ac6fb7e3909f922fbbba760f,Agent,92.0,0.0,92.0
3080019917,4835d72f57cb157c63cefd3701191ef6fd84c13b,Human,5.0,5.0,10.0
3080019917,5b3d51fe471aaad006096d81dc15911f78cb3ed3,Agent,20.0,46.0,66.0
3080019917,5c9e41820af5fc5cd4f14278f04a566bcf8665d4,Agent,31.0,5.0,36.0
3080019917,67f2418007676023905a4a09de7847e344f5000d,Agent,26.0,44.0,70.0
3080019917,6cf5b2a2d51ec02ac1c1d17df33988cb2805bd1e,Agent,175.0,65.0,240.0
3080019917,70c11d04a00db865f26a0edc9dc3a0cf2d5f4f66,Agent,2.0,4.0,6.0
3080019917,71344ed13ff21a8c2fefee3c8dc7895f49fc0fe7,Agent,17.0,4.0,21.0
3080019917,7252930b6836fcc3dd6f354725b2b9fd5a8b5f01,Agent,83.0,1.0,84.0
3080019917,7ec67fe18a4810c49788225c9ec94cec30cf5692,Agent,9.0,18.0,27.0
3080019917,82e8cd696b0ae4f0a64284e3c84f2251879b3dbc,Agent,495.0,8.0,503.0
3080019917,99a618378acc3f8ac3760bb9f844f52724e83e72,Agent,2.0,7.0,9.0
3080019917,9e16202da9ffd63d6d90abc8c6a7934f8c24db17,Agent,1.0,1.0,2.0
3080019917,a67ec9adb25ea8212e3eac3162e52e9a2afe3a2f,Agent,0.0,1.0,1.0
3080019917,b4a95e15f70e1345ca84a49e6d5a3a0d06b9f519,Agent,169.0,0.0,169.0
3080019917,cd24f013e53cc63d7607859bf0870ab9903f2aa7,Agent,1.0,1.0,2.0
3080019917,da799e89ad1c11bd3a9c40cdfcd9127b27df2754,Agent,27.0,15.0,42.0
3080019917,dea710c115fb0ebd54471ff9366b973da69086d1,Agent,0.0,1.0,1.0
3080019917,e2c3344b0be35e73ebb904525534bd3ed5c5d9ce,Agent,3.0,13.0,16.0
3080019917,eb97f38decad960093680b084f2d9ad04bf32a7f,Agent,2.0,5.0,7.0
3080093279,21802630f08692d4c6608585fce0d2b100e495b7,Agent,2.0,1.0,3.0
3080093279,21f2a3410c4e7441b77c116ba242b571a3c83bd4,Agent,2.0,1.0,3.0
3080093279,3a97b5fe5adcdc69a3a82237a5edd0fec3902792,Agent,2.0,1.0,3.0
3080093279,5e67dccdcfde156f1ed9f96099e7470a35de5bfa,Agent,4.0,4.0,8.0
3080093279,82b9cacef48063687896925ab0bc8e572e11c531,Agent,7.0,6.0,13.0
3080093279,92a89b4b731a42fc4222f8b652a5e8e04a77e070,Human,6.0,2.0,8.0
3080093279,96220b7d333f5c4f44257f374340fe0067433d1e,Agent,4.0,4.0,8.0
3080093279,eb11d50f3be2a70699a188752e1997d842195be8,Agent,14.0,8.0,22.0
3081057621,1deadce596e09bf45c5ad217bf192a34104afbe7,Agent,93.0,89.0,182.0
3081057621,2856c76a7aa0a1dd086d3ffe4169e55b89cc7433,Human,45.0,13.0,58.0
3081057621,4759fe0d069d18a04ddd7140f15822c1d803b6fb,Human,34.0,30.0,64.0
3081057621,563940a3a3efe501283ef4b6b0dfe9b8199b8437,Human,15.0,3.0,18.0
3081057621,5fa2fefa03b1e2cf16ef9998676de488d6143ee3,Human,2.0,8.0,10.0
3081057621,8dd19c2fcb0055efa2c33f0910adc1de21b74fbc,Human,35.0,19.0,54.0
3081057621,9c0bdc8c00878dc05872c6222c77525a975be166,Human,168.0,59.0,227.0
3081057621,9efa59692f00cea12d45ed9c525c4f56f8cb78bb,Human,72.0,35.0,107.0
3081057621,b04beb86258bf7b2e6ef58e0f9bf9f576f0aaffb,Agent,667.0,26.0,693.0
3081057621,b7e95b6e7558fd076ecc903bba91c4b6fae22c82,Human,35.0,6.0,41.0
3081057621,bc64345513ccea9dbd0de2fadc45cae126fa76f6,Human,130.0,24.0,154.0
3081057621,d1495b6a3b5e64050ff63e2a5b0750fa22b734a2,Human,17.0,17.0,34.0
3081057621,d7b89b7e861bad8aa23ee472e1e395bad2da419e,Human,140.0,20.0,160.0
3081057621,eefa27c339182af3b3db382fb7ff148a54ffd1e2,Human,115.0,33.0,148.0
3081657945,092d9c749a06b479a6f047796fca386d996f7329,Agent,28.0,4.0,32.0
3081657945,0a1cb3a96b21da57f5bd1689b99dda2b837a76e1,Agent,8.0,26.0,34.0
3081657945,34436030db8e88506d4e262fb3af8502e8a2656e,Agent,120.0,9.0,129.0
3081657945,62d376cd200401747692fd51e7fd88602f801a22,Human,1.0,1.0,2.0
3081657945,6af5c917ed16b659b02e2bfba8bb18673f3b5f2b,Human,2.0,2.0,4.0
3081657945,9c1faee80e5d2b5cf139b6572227717af22d92a2,Agent,48.0,3.0,51.0
3081657945,df97206c4ce96da77e861be2e0fbd77500dd1bfa,Human,36.0,39.0,75.0
3081657945,f5b2cfa21315ae264e2cee83cce98ae681b7f9a6,Human,4.0,2.0,6.0
3081657945,fc278f0b14aba26785988a97eccc56c25bed184d,Agent,63.0,6.0,69.0
3081657945,ffb886d90f6c5feb9a170eababa95b65ec4c3656,Human,14.0,14.0,28.0
3081736371,8adfb321016d03162ba9b7fc50c0d6b405ec4243,Human,6.0,1.0,7.0
3081736371,d5ae6b4bcd15f13dab483ea60703a0ea97cf6877,Agent,7.0,3.0,10.0
3081736371,ea6bb062377af91745e2218ceeae553e573aa2c6,Agent,3.0,5.0,8.0
3081821271,0ddc15c5226da86a22f87d0240a34f63d1b3060a,Agent,4.0,1.0,5.0
3081821271,3ab0adefa1fe3067d288357b2f283a8b515f5f44,Agent,386.0,0.0,386.0
3081821271,58307a8c8a51c10bf18845fad9c9104dd9808f1f,Agent,400.0,2.0,402.0
3081821271,590852504fef1d5160f15fb233b9a136724e3772,Agent,30.0,6.0,36.0
3081821271,74f6c8a451de3ee02ebb327a2fb691e4fddd3e05,Agent,450.0,229.0,679.0
3081821271,86f14c9ea704468c1f40bfa795207e2ec0f09d38,Agent,9.0,8.0,17.0
3081821271,8c62008db028aeeeaef360e2e9c4e7db91c72398,Human,6.0,30.0,36.0
3081821271,8e5f1803da5301a87e4ad0d6a99cf99770eaf881,Agent,39.0,31.0,70.0
3081821271,94cd3d5df50e6d0c9dd2fb80270fe6e5624e34c9,Agent,16.0,8.0,24.0
3081821271,97f896747056c29c00fae25a0fb5f27c7cfd0acf,Agent,19.0,17.0,36.0
3081821271,980c2464d3617173e41b91bb477c020e9751fe9b,Agent,5.0,3.0,8.0
3081821271,a563f4cf329a6f532813a2305d8b7663660dc94c,Agent,83.0,172.0,255.0
3081821271,c29b4cad93356ad0a884b13c533cb36bf7756dec,Agent,11.0,16.0,27.0
3081821271,c37c9b64b2250fd0b282a5db3fd8edbf3e1e1be6,Agent,155.0,49.0,204.0
3081925002,79a515ade7300871a5f65a03c3b1a7792bdb2f71,Human,25.0,22.0,47.0
3081925002,cafe9c789beacb146354196fc6e8913554c9ccbb,Agent,36.0,9.0,45.0
3081925002,eb4c4e8d37920530e362d3a974eb871e21e74ff0,Agent,289.0,0.0,289.0
3083352446,06a3144e6ccbce98a5ff510b1f18f090eb94d006,Agent,0.0,171.0,171.0
3083352446,2a4b43b280193bfc07f22a1e440033ec3471d5e2,Agent,244.0,0.0,244.0
3083352446,2ca3838c842d0db85ac75e4828c40c9cc0ec1161,Agent,1.0,0.0,1.0
3083352446,2ed1ae27fde96a9ccdcedfda6dee1f7d511f7560,Agent,23.0,0.0,23.0
3083352446,31efb9994726dd1f1c9c08cd5bb537e7e367ef86,Agent,39.0,17.0,56.0
3083352446,39f3b21c3501ab48c6be5482e2676b31aaaed9df,Agent,14.0,75.0,89.0
3083352446,51b687f2b6325b03a12d7978cada44ba860f0da1,Agent,6.0,0.0,6.0
3083352446,73e9ff227fced9724435d379e778fa1336cc3072,Agent,1.0,2.0,3.0
3083352446,88a9a83d2da61bf24d559224c3466a13edd68745,Human,39.0,70.0,109.0
3083352446,8cb8db293ac407267a7bcf8addae122218d5e650,Agent,2.0,1.0,3.0
3083352446,903389a84830c379df579d38823614acb20c8ebc,Agent,22.0,7.0,29.0
3083352446,93dde67a2fcd81edf03d0e05e8b58f6539522039,Agent,124.0,12.0,136.0
3083352446,9eaaf2a4f1488d8ffdaa662c3eba4b0abbf97a3c,Agent,0.0,9.0,9.0
3083352446,ab2c7f9ddef4ade951d27ebb9609b962b94a0fb3,Agent,46.0,368.0,414.0
3083352446,ae66fed03a93b6fcc902936a1279c0f7652b4afd,Agent,46.0,0.0,46.0
3083352446,b49c5ad4350d723f51957b54d4296e312bc1abdb,Agent,0.0,2.0,2.0
3083352446,c23b6a6a07b0e95ef07647faa6d7c64ead5fcdaf,Agent,251.0,299.0,550.0
3083352446,c3c31cbde82ce00543304f15dadba23004a03609,Agent,0.0,173.0,173.0
3083352446,c4f908943a5c100d05b7b0b2d40f250e8334fd92,Agent,1.0,9.0,10.0
3083352446,c81eb47b80a91dd1c0a9b3aacf90f8942d803b90,Human,9.0,2.0,11.0
3083352446,c98ba6ff859182333dd440332942ffc3f3f2d4b9,Agent,410.0,2.0,412.0
3083352446,d21a90032644fada4c9dd253eba1834b1c7d2652,Agent,139.0,0.0,139.0
3083352446,d7d399f981f64da3b69b1dc23e222f098d0c2045,Agent,262.0,65.0,327.0
3083352446,d7d5696a97bceccc5e80163d3ae08724702bf07c,Agent,8.0,8.0,16.0
3083352446,da956c8f155cdc7c4b063b99e2a640e23e0dd213,Agent,1.0,0.0,1.0
3083352446,dd87b17dad6d0809d4c517e418d87e7b4fc154c8,Agent,9.0,17.0,26.0
3083352446,f0ed8734b92b30434f715b8f90c7afb1cd1666ce,Agent,97.0,22.0,119.0
3084073522,0386474b6c287aef70aee70f6bf0af3a0b2b04e5,Human,25.0,16.0,41.0
3084073522,1c1c0fb1ff7b50f5cd0b6855664a2ec7c65804fe,Human,52.0,44.0,96.0
3084073522,23ed1fe707ae6019ffdb8f4a29e7375b56948b4e,Human,10.0,2.0,12.0
3084073522,34624e24f2d3cd0e28073f9bee5e9878e51b1689,Agent,40.0,0.0,40.0
3084073522,404d1fbfffbe9315af95c9c93683adc5ea8edda3,Human,0.0,64.0,64.0
3084073522,5669302b3ea42e75c588752df67763dc1c6d7b08,Human,2.0,10.0,12.0
3084073522,660bd93ace8180503fca3b4e69522eccb5b4d1f6,Human,45.0,0.0,45.0
3084073522,729c5752d20cdc4eebe6b4477b77d8647bb3348a,Human,3.0,3.0,6.0
3084073522,7fb1d82ed4c3f7e6ce3eee90d97de4d8cb1a759c,Human,62.0,90.0,152.0
3084073522,8397a8327f04d1de2d691b98b99f747a958537b9,Human,14.0,11.0,25.0
3084073522,8bc29fb23354ec7fb8deae4676bfd160de7dc7b8,Human,4.0,5.0,9.0
3084073522,8ebcdc843a6529579cae55a175e2cd7c5ddc68ec,Human,46.0,0.0,46.0
3084073522,a2222aee9bd86fc05f2133c26a3734f1cd4c1bc0,Human,17.0,2.0,19.0
3084073522,ab57b6951b601973047cd341ca90458725c2bd63,Human,12.0,12.0,24.0
3084073522,d09cddc238ecef8f5e3603eec72089ec62d688df,Agent,16.0,0.0,16.0
3084073522,f08995b100fbfe2eb042c1adcb87f297aba1a05a,Human,37.0,27.0,64.0
3084073522,f21c2b59eb78eaa0128d618e715b5a9f93a2ead5,Agent,714.0,0.0,714.0
3084116517,043efec8f9cb08232e6f2a332ce4df931e23b6a4,Agent,36.0,4.0,40.0
3084116517,1013fc6c4742feaa26ad7ba684f99a00716876aa,Human,1.0,19.0,20.0
3084116517,23c7822c863ca61ee01600cebb684bfc543aa6c2,Human,255.0,265.0,520.0
3084116517,2ff7c813143e35488d5cbace43eaa4fa6cd1a527,Human,30.0,15.0,45.0
3084116517,41b2b257f34f1317c3aba032ff626692320237d5,Human,11.0,10.0,21.0
3084116517,4297e21dbfab62d50d21eddadaf1cb7b71029d7a,Agent,14.0,2.0,16.0
3084116517,634bd4fa54e6fe492fd4f47f9d5244d9248f653c,Human,145.0,88.0,233.0
3084116517,75516c9f313b3a1262d12e7e3cf2816f6b441e87,Human,87.0,31.0,118.0
3084116517,78499a8ccbaddaa7f780b82447a49863af20a69b,Agent,27.0,18.0,45.0
3084116517,89bec04a3daebdd4c84cbcd5a7515b45f9abca8b,Human,85.0,80.0,165.0
3084116517,8d8b931ce4590bb9644f77249c76aeb497affe55,Human,124.0,167.0,291.0
3084116517,b76f26d9ccade0e04cef221d3f303ec5d8501611,Human,45.0,30.0,75.0
3084116517,d119242598fed690fd34241575cbf6b106273560,Agent,1.0,1.0,2.0
3084116517,d3f4859e6f50caae9548c13c62c66e9e0998bad5,Agent,2.0,1.0,3.0
3084116517,d76da538c844c5f0d3247f247e5f8d39ffee1edc,Agent,6.0,4.0,10.0
3084116517,e135b8eec2eae0467a231d665b175dff18b86f90,Human,1.0,1.0,2.0
3084116517,f893487bfd4d135f453f37e3e07ee028521f7a6c,Agent,3.0,1.0,4.0
3084733635,2f62d68063da94ff92cd0dd0910a03189e0ff433,Agent,24.0,6.0,30.0
3084733635,3a1e33339428a8655d76908211461d00eecafda0,Agent,8.0,1.0,9.0
3084733635,4d048fafaddb7a4ac1854da0d5a6772ed4d526d5,Human,29.0,81.0,110.0
3084733635,f245b34bd2dd1f0aca3c384ee97825aaaeb48db1,Agent,27.0,3.0,30.0
3084733635,f376a8aa483fa7dba63e3ba4510e29f9c6957367,Agent,97.0,0.0,97.0
3084784509,2311293a0bd6b19259dba1af3b168c529f0b9fa9,Human,7.0,2.0,9.0
3084784509,73752a7bcf52c9a274319053ed04105788eb06d0,Agent,10.0,1.0,11.0
3084784509,b36893b94417a1fc746ae8dd965d4322baf75de5,Agent,113.0,16.0,129.0
3084784509,bc2acf00dca17572b7fdef657370c3d574840813,Human,8.0,16.0,24.0
3084851925,097da2dde244a47e9720dccbdbaeb2cab8f52f9b,Agent,0.0,25.0,25.0
3084851925,202c87621b0f72993bf70b6c2f3084f358b5c783,Agent,176.0,2.0,178.0
3084851925,56987729bd569198c62e64a4e1067d1c25af1312,Human,18.0,18.0,36.0
3084851925,6d2e4288c31d5d2c29a357c22025fb9bc414d024,Agent,2.0,4.0,6.0
3084851925,8ed74f27c1fb7fac8700cf5d3ee26e73e1eebd15,Human,4.0,4.0,8.0
3085403262,06d9082b14d8b505e6ab6fed34ba99acaa554c53,Agent,3.0,3.0,6.0
3085403262,0a367599d703fb4f043bb77e434b3830bef7c142,Human,8.0,8.0,16.0
3085403262,10426b1d1e0ee4a5120a7d696a9301a12f4eddb0,Human,0.0,1.0,1.0
3085403262,110386fb3ecd84352e8dc1c0a431395b450c4cf0,Agent,3.0,2.0,5.0
3085403262,1b1f796b3041c47169ad9bb61f369fbef6855353,Agent,6.0,6.0,12.0
3085403262,44af239282e8f368003ee053a67bf08fe01b7187,Human,1.0,1.0,2.0
3085403262,47d72878ea2567af0e5ef47931079ea23f2b66c0,Agent,40.0,40.0,80.0
3085403262,490a673fbbad06b9d803b54dcdd2da1eb24ba6fa,Agent,0.0,35.0,35.0
3085403262,50e51b562738f990606698756b473dfb8bea933a,Agent,0.0,1.0,1.0
3085403262,572b126fdc863cb17760ac14d3ddfdf21005360d,Agent,2.0,2.0,4.0
3085403262,699b3323cd1090eee59c14052ed1a865bed1f371,Agent,9.0,9.0,18.0
3085403262,6b7688523c52cfc4b90b96d6d035771409f44815,Agent,39.0,39.0,78.0
3085403262,760a4e2fbd69e9f7b127577bc807cf7245fb55c3,Agent,1.0,5.0,6.0
3085403262,99f3c33689ab1f53ca40ba4bf93a57907e659753,Agent,34.0,34.0,68.0
3085403262,9b946efd8dca496804d29dfe6944a6a12e8e9f3a,Agent,4.0,4.0,8.0
3085403262,bda67d191bfd377131257b2ffec3fd589bf2f3a4,Agent,4.0,4.0,8.0
3085403262,bfb7b0cdde9c2905ca798552e60229fb17655d52,Human,6.0,1.0,7.0
3085403262,c50d9c339caccae2afe8f4e4bcc21190854764bc,Agent,35.0,0.0,35.0
3085403262,d1917f950caa105e8ab5db65c911c79780c60448,Agent,9.0,9.0,18.0
3085403262,e562b589c1c8a7a58454f25d81758b5b983964f5,Human,2.0,4.0,6.0
3085403262,ff1d869f26f4e2b845d09f216d90e9e45d0f0711,Agent,1.0,1.0,2.0
3088173646,05d0d1bb3710fd5a0ade4fe2d051fb8e0871b173,Human,108.0,207.0,315.0
3088173646,0ad528f249efe459f2e72cd570e1320d55eec14e,Human,58.0,42.0,100.0
3088173646,12b10e370f82de8249c7d1f9864f96103faaf111,Human,32.0,7.0,39.0
3088173646,150b6db14f657ad75ff7c96131c9b07c9c537f06,Human,631.0,8.0,639.0
3088173646,18f926fc310053a38e1e89989df3f9794b7cf915,Human,2.0,2.0,4.0
3088173646,1b41a83c9c7c83fb08408d49d5884d81d52ae867,Agent,2.0,22.0,24.0
3088173646,20b963fc53c55f21550a211e240068b0329ecca8,Human,363.0,257.0,620.0
3088173646,2f9019ac846e8a5ffb4209b626c9709faa8aaf99,Human,7.0,314.0,321.0
3088173646,32286387334e112ce5edeee808de752b8e6cf36a,Human,0.0,40.0,40.0
3088173646,3929d8728731d5821b0de51e82126f3db5a5142a,Human,33.0,33.0,66.0
3088173646,39991bea842a7dd868d66abddf1d7197e9376a89,Human,4.0,3.0,7.0
3088173646,44c5ddb1f7817715493f8c79c77788976ebbb829,Human,63.0,8.0,71.0
3088173646,46fc29a608afa3a421fc2ddcd676595b18166f48,Human,477.0,0.0,477.0
3088173646,4a4e6d4b73d39211d09140e6e12ca3352d3a2347,Human,841.0,9.0,850.0
3088173646,5cb9fcafc5f91f248fabe7d8276778b88a4d9f70,Human,76.0,3.0,79.0
3088173646,63ba809af629a8df4f0450255adf6d3957b12941,Human,41.0,41.0,82.0
3088173646,6a9b9c3e2a8a14e781655ed9bfb08702c79377b1,Human,764.0,245.0,1009.0
3088173646,6ceed894d8bc13b8e66eefb59240413649c9ba39,Agent,672.0,103.0,775.0
3088173646,87d6f93271ef7195f0a7598828abcdae8781bb58,Human,3308.0,643.0,3951.0
3088173646,a3561b42fdd1a133774267aeeebbbd8f6cb2b1ce,Human,67.0,35.0,102.0
3088173646,ad418d91fd7a4de1c8b3900f3b43ec688b5ee76d,Human,55.0,6.0,61.0
3088173646,af6063b74dc785e8877ca806c99263ccc2f37356,Human,37.0,23.0,60.0
3088173646,c061ed900c54f596e2b6d24078a2ed037b6afc72,Human,26.0,1.0,27.0
3088173646,e9a695b001be486a03d4fd1067c56b21d3cbd07a,Human,79.0,152.0,231.0
3088173646,ed74f879ed064c411b51a59d401ebd0af76a4bef,Human,4.0,1189.0,1193.0
3088173646,fcf62e4c9e42a2751a61846fef0eb2ab6119bbab,Human,2.0,2.0,4.0
3088173646,fdb9730af395527482c0fa9fd3dbe382557833cb,Human,1321.0,55.0,1376.0
3088176007,3e3516c9402f1142aac7b8a2775211b31ec1bd92,Human,452.0,0.0,452.0
3088176007,4eb8f1333c5494fbf552aba9dc97b24f7cab338c,Human,0.0,10463.0,10463.0
3090515437,2d6cf566acfb4ad854ff365bbfeb5b7bf285a5c6,Human,2.0,3.0,5.0
3090515437,b3e829f72c4c38f1f4a133172d02c3781cc32f07,Agent,92.0,1.0,93.0
3090515437,c0d0c48c2d0843c4c7e5460f46435d76fe6f71ce,Agent,20.0,0.0,20.0
3090574134,120912040021012960feceb145cb29e50ad69c23,Agent,18.0,8.0,26.0
3090574134,43b39f75a2f60552dd80e8cc4d1d266e3223fa72,Agent,101.0,9.0,110.0
3090574134,4f95aaa5dd84e2ebd73ce78ad7e31b6835a947fb,Human,3.0,4.0,7.0
3090574134,b8e85411a16dd5d86afd2cc9579965625b324562,Agent,17.0,9.0,26.0
3091245303,146d3f421b039d244e1b8af9bd612dc8465d5994,Human,40.0,19.0,59.0
3091245303,2c79e60ef83a2632ec333d5ab4945edce1d55c27,Human,3709.0,591.0,4300.0
3091245303,30bb48808fd97abf9bd7c90fafa353731d6e4e72,Human,775.0,349.0,1124.0
3091245303,39278f8da3f72d99eb53d987c5ace48ea71bea7c,Human,1563.0,61.0,1624.0
3091245303,3a066b74340b7535952d5e8d80dbcd8f71018960,Human,2969.0,0.0,2969.0
3091245303,3bd3b845198a80ae7f811bc3ee8af1a9b352a405,Human,896.0,548.0,1444.0
3091245303,3e45fae2e64cdabe5ce3cff26ca259163f1126aa,Human,397.0,568.0,965.0
3091245303,4a00ea7cd08aef7cd8516b00cdaff02706f56a82,Human,2210.0,901.0,3111.0
3091245303,55878ad4a1d1d3ac00545ebf7153d4296759f0a8,Agent,1.0,1.0,2.0
3091245303,562f6f40cc0251e22915dd8d6598c932f3b0e372,Human,851.0,105.0,956.0
3091245303,5a26f23c9a5f7edf437740b5b09968beee458368,Human,424.0,296.0,720.0
3091245303,5c8e05982d59d2395da4d8b3b9700c92c50e7c5b,Human,7.0,19.0,26.0
3091245303,5cb05dd125bec713c8b038ccf1ea70fac0356eaf,Human,816.0,1841.0,2657.0
3091245303,6c0a0e609cdfd19dd4640cb8cb787f61437d5727,Human,1775.0,808.0,2583.0
3091245303,725faa696ebbe90fc3fe188ef8bc79f57f6d59e3,Human,2797.0,95.0,2892.0
3091245303,73d1a9d248148bc0bffc0abaafe7169635792363,Human,40.0,48.0,88.0
3091245303,7d7626f8f329fa27c8a228ee3d149bc8e24cc795,Human,861.0,249.0,1110.0
3091245303,a42eda1b6c7f86ab29e030cfed0b1701cb3d1dcf,Agent,3.0,3.0,6.0
3091245303,a6216502049b5020df40ef2e76056877efef37e5,Human,1691.0,599.0,2290.0
3091245303,d4131964a35a3e813a5e7b68d012ead315ca7fb4,Human,979.0,109.0,1088.0
3091245303,e65f7206544dae2e0bd637d6e326a7a1095306fa,Agent,40.0,2.0,42.0
3091245303,eaf2bd8b4678286ab889a17bebb442c7cdbc09a2,Human,639.0,478.0,1117.0
3091245303,f1dd171237297310c1509328f7bb49f0f65e42cc,Human,6.0,0.0,6.0
3091245303,f469abbd435410c754b5cb788b189f1021d2f1f3,Human,1064.0,51.0,1115.0
3091750708,0383aa1f276cbeb110659c6b761a103deb5ae76a,Agent,66.0,31.0,97.0
3091750708,138ac95b0988dbb6c33330e4d0a5a0618a5eacd4,Agent,41.0,7.0,48.0
3091750708,203faa6a77945565a615ccd2b52a3f6de72aef06,Agent,155.0,21.0,176.0
3091750708,224ba1fb697d8f151ee6cf12b19d0e3e331c4236,Human,89.0,0.0,89.0
3091750708,286958be4f13a53ad363d624da9e79cfa468ffd2,Agent,12.0,20.0,32.0
3091750708,36fc2365d3d292c217a8f5a5926f396edec471cd,Agent,3.0,2.0,5.0
3091750708,3d5668e988fc058ab688a2aaf8d69a6a228477d7,Agent,9.0,14.0,23.0
3091750708,572d8043eb5f4f7870157bb005917c904aeb0193,Agent,59.0,42.0,101.0
3091750708,5868ac71dd530f219f110878ac52b6197615e74b,Agent,108.0,120.0,228.0
3091750708,88721788e9d10c89e01396ce004fafcb1af80d61,Human,2198.0,70.0,2268.0
3091750708,9a2ddb39ce4796442182ab79cc6e9483a2d5b187,Agent,595.0,1.0,596.0
3091750708,acabaee48053ed5e0310f97d9bedd9840603a05b,Agent,102.0,67.0,169.0
3091750708,acb1eac2acfc81d11bd20f0dbd8e5a6a4ceb1b71,Agent,8.0,5.0,13.0
3091750708,b74ee4e98b7190772bc75233c45cc298d6ad75a2,Agent,32.0,23.0,55.0
3091750708,cb5116a21db55fa88a216e8795e3c78a3ec0e9a9,Agent,0.0,1.0,1.0
3091750708,cbc81ecc068c3e93db4ac564ca5cd9582549d33a,Agent,24.0,31.0,55.0
3091750708,db6b831c667bd2e1ec43f9b3f46378c9154192e5,Agent,3.0,5.0,8.0
3091750708,e0cd41e9f9548d9b419b47b37b2c378768ee0b87,Human,305.0,112.0,417.0
3092211446,1fe8bb19d6e280e1edb6387f3dc732fb8b299bce,Agent,21.0,11.0,32.0
3092211446,32a5b38c4a9bed0aa6a584a22311a3624ab79496,Agent,38.0,1.0,39.0
3092211446,5fada20e4bebb417804e514483becb9b1111820e,Agent,30.0,2.0,32.0
3092211446,6dd58191a1d922520918b596e79280ca7716fae5,Human,5.0,0.0,5.0
3092211446,8f721cea8f5e40e517c58a9b34610c47904f4996,Agent,12.0,12.0,24.0
3092211446,9029ebce5a6ce699dd79819b0c3be4435c56c191,Human,87.0,33.0,120.0
3092211446,9515a4936eac3c27809e99a0d6a70a79e269971b,Agent,25.0,43.0,68.0
3092211446,9ab5bf7fc74c8005d74a0457f364d8e9c477b01c,Human,2.0,2.0,4.0
3092211446,b43c387140845e1a115c0d129ff810eda0261a2e,Human,27.0,19.0,46.0
3092211446,e0223738d3de2a8f97fb732ff9b2a9cdd2f26491,Agent,0.0,27.0,27.0
3092211446,f32bfd37b302a8e979d34bd03f849096dbcf72a9,Agent,1.0,1.0,2.0
3094661465,bddbfd6cb47f40ce686203190f3d4cd528b054a0,Agent,570.0,0.0,570.0
3094661465,d6fa1cf25e64003bf94be01ba1c62f19259c298f,Human,171.0,0.0,171.0
3095400567,3eb292791f5ba9849c9f826dc04e4fd98dd04ddd,Agent,263.0,254.0,517.0
3095400567,415a405001afe9a6c4e40374c99c3ba834711878,Agent,16.0,39.0,55.0
3095400567,93105ce8d192f13d3502a16f1edb412df08f6fb2,Human,136.0,209.0,345.0
3095400567,bd279fdba0c69ea942bad594ed85251f1be4a495,Human,4.0,2.0,6.0
3095855033,1863b3f20b2d3836eafb031b0c6e51f11c603746,Human,2.0,2.0,4.0
3095855033,645f44325f7498d9a102ca081fe1ea72abfd5d95,Agent,0.0,2.0,2.0
3095855033,a01dfd7d725e407c0b3d70b78bcea2c6e1b7dc44,Agent,24.0,3.0,27.0
3095855033,d3ec85cf0e8e7d39b3dd747f647787d3b86f1c88,Agent,20.0,3.0,23.0
3097466678,080dd95f5202d1a1ddc8f51d7a8c3838b97de080,Human,140.0,147.0,287.0
3097466678,2f394ae1c4cccb5854233bb652720b0fb9074763,Agent,57.0,47.0,104.0
3097466678,49d380c8f74f9f1be88d5ecf90e1e65adabb7462,Agent,17.0,19.0,36.0
3097466678,57a0b4002ed7c3aaa970c07dff3064763389b61c,Agent,222.0,2.0,224.0
3097466678,67a48ee6c81bfed2e0a19444a657c83c2073623f,Agent,28.0,34.0,62.0
3097466678,8a9ee72bce89bb56c2b7c112e4df78136d473d2e,Human,98.0,70.0,168.0
3097466678,93b96567c703e29eef98c2a95d18926a254db678,Agent,124.0,22.0,146.0
3097466678,a7179b0a6c13c75476e28a71f98935509d659054,Agent,40.0,25.0,65.0
3097466678,ac0aab9679125a3f7df4e55f776d1f0df71e4052,Human,52.0,9.0,61.0
3097466678,c6fd9a289b71d24e6c3b4eedc19e331ce70257cd,Human,121.0,3.0,124.0
3097466678,e5ecf95a468c5ea34aa4445a610b8b4df36cfc44,Agent,103.0,95.0,198.0
3097466678,e92ec5594362be98ab742d47901877f62e45fb51,Agent,1.0,0.0,1.0
3097466678,fc4bab763e7a38e38750865794dd418d90c76f7d,Human,304.0,188.0,492.0
3098089485,59a0318b5ba6f453fa7aceb32bb5cf9496023912,Agent,25.0,4.0,29.0
3098089485,5f8cad6d150f5bdf788f02d73dc25c4faa70f231,Agent,47.0,29.0,76.0
3098089485,66e1aaa460be58f93929bb8feb32873cfc2c2dc4,Agent,131.0,94.0,225.0
3098089485,7fce6b0d2973954db6c08a7a1f0f9b136163e600,Agent,28.0,16.0,44.0
3098089485,f2cd40751c436fdb623ecca942660ba754991d53,Human,4568.0,0.0,4568.0
3098580258,12febdb304f086d603dca31ea2f27be1426c5fc0,Human,1.0,1.0,2.0
3098580258,4c87420cf3d973be31a422e8b06ef9fb4131bb04,Agent,5.0,39.0,44.0
3098580258,51ca4e5d52d677f3fc92ef7084490c62f64d382b,Agent,51.0,9.0,60.0
3098580258,97795ebb2a18291a8fb6b8e2fdd8e8c96101a2bc,Agent,1.0,2.0,3.0
3098580258,b8ca8788c509ff2f80a0aa16b5ea78816fd86f03,Agent,1083.0,0.0,1083.0
3098580258,f3cc4c15f6228071f086427a144f75bc7b4d83a6,Agent,23.0,3.0,26.0
3098589362,05500b8b5d64b324c57a28b9b991ede079df03f4,Human,634.0,69.0,703.0
3098589362,087ffa2d42579baec3b6adcd9b8f568c7dd14ccb,Human,361.0,219.0,580.0
3098589362,0c942613dd6ac5169551e898af92743124805784,Human,40.0,25.0,65.0
3098589362,102c517d95535b187f35a6adb8eb90ff51a711b7,Human,32.0,3.0,35.0
3098589362,172dc31e21548990663cc371915c3cb81875a6b5,Human,267.0,1.0,268.0
3098589362,195e7232ff5d6e45ce3b17bf425d60ac30863d0d,Agent,56.0,6.0,62.0
3098589362,1a76355d413133b7cd3a8c63cc755b9f84d68942,Human,3.0,6523.0,6526.0
3098589362,2188ac94533d3b1c97146668051946f6d7529738,Human,1.0,1.0,2.0
3098589362,264a54e197671311bc8cbf7111a43307c46456f2,Human,6527.0,7.0,6534.0
3098589362,29bcaf10b50912fba7f87be28a534ac58957cbc7,Human,9.0,9.0,18.0
3098589362,2e40a2308b24b2f747cda82baed9dea5ec08efee,Human,3.0,3.0,6.0
3098589362,34dbfc17eaea59e08286ccfb7d9b28b6b35269e2,Human,92.0,34.0,126.0
3098589362,54fb3da711680b99e3323c0616b9f14d63b495ef,Human,74.0,11.0,85.0
3098589362,5a239f61f6f25909b8458d36877d9982cf5c3533,Human,3.0,3.0,6.0
3098589362,63dd8cae6a2f5e32b4c56290de05781b855546a7,Human,7.0,53.0,60.0
3098589362,66e16371e6a592293597e5a3a97a53189de55a81,Human,2128.0,957.0,3085.0
3098589362,7aa39f38d80882ead337ae0d30107bc28f26fdaa,Human,182.0,105.0,287.0
3098589362,8b7bf60d712eb673586231f1e94fe254c3cb0b44,Human,836.0,1.0,837.0
3098589362,9995898e73a174fbe094cdedbde11423ec4e33db,Human,511.0,38.0,549.0
3098589362,9e74c0eeac1491cede0a95612d964aaea16d24f6,Human,38.0,50.0,88.0
3098589362,a82b23db31c3450141d142b6cf366d99fe23ae6c,Human,143.0,11.0,154.0
3098589362,aa4550ebdac1cb4099ea1c0f03fd3822a5561056,Human,1.0,13.0,14.0
3098589362,abffd375fc32cc23f01e02ceca9cf56fd7146722,Human,102.0,43.0,145.0
3098589362,c4ed80c4466dcc7dbecb369d997c354835bdcece,Human,799.0,578.0,1377.0
3098589362,c77db373104d62b80e1f42320e9891135694686d,Human,4.0,4.0,8.0
3098589362,cf6b53e8f3aff1a79e660ad2cdf84564dd0ff1c3,Human,83.0,34.0,117.0
3098589362,f78ce10d707b23ae8384a00de05d66e49df1338e,Human,30.0,1.0,31.0
3098589362,ff1ca8a2f78ff1375998421ee423e2b36b9343e6,Human,3.0,3.0,6.0
3098602377,03fba55fc8131a40cb41ed7a4de0f069aaf44adf,Agent,21.0,4.0,25.0
3098602377,218f772887c01cb438bc2615360e0f107aa395bb,Agent,40.0,2.0,42.0
3098602377,ade9e218ad4e7b724fb76e73a5bb54d52fcbea27,Agent,83.0,23.0,106.0
3098602377,c264ba6f9af0c125587ff8451867daf2abad353c,Agent,196.0,1.0,197.0
3098602377,dbb39f08d200804c65030c22bdcaf10254801b51,Human,6.0,6.0,12.0
3098602377,dda3a2aa3a966ea6693ae44cbd9dcbe59456309f,Agent,92.0,102.0,194.0
3098890364,059248a851d1c5fddffbfa7b78c1d2b838345976,Agent,398.0,46.0,444.0
3098890364,c9a58caa84c9f47f1f780573c7e72f46241c6d80,Human,0.0,142.0,142.0
3099517900,0cc5b9a71cbdd1ddb75d04b51f6810bbfbdc9b20,Human,29.0,20.0,49.0
3099517900,6e27ac2870a486ba2b5afbbf821fc45a037037b0,Agent,140.0,13.0,153.0
3099639511,05500b8b5d64b324c57a28b9b991ede079df03f4,Human,634.0,69.0,703.0
3099639511,087ffa2d42579baec3b6adcd9b8f568c7dd14ccb,Human,361.0,219.0,580.0
3099639511,0c942613dd6ac5169551e898af92743124805784,Human,40.0,25.0,65.0
3099639511,102c517d95535b187f35a6adb8eb90ff51a711b7,Human,32.0,3.0,35.0
3099639511,172dc31e21548990663cc371915c3cb81875a6b5,Human,267.0,1.0,268.0
3099639511,195e7232ff5d6e45ce3b17bf425d60ac30863d0d,Agent,56.0,6.0,62.0
3099639511,1a76355d413133b7cd3a8c63cc755b9f84d68942,Human,3.0,6523.0,6526.0
3099639511,2188ac94533d3b1c97146668051946f6d7529738,Human,1.0,1.0,2.0
3099639511,264a54e197671311bc8cbf7111a43307c46456f2,Human,6527.0,7.0,6534.0
3099639511,29bcaf10b50912fba7f87be28a534ac58957cbc7,Human,9.0,9.0,18.0
3099639511,2e40a2308b24b2f747cda82baed9dea5ec08efee,Human,3.0,3.0,6.0
3099639511,34dbfc17eaea59e08286ccfb7d9b28b6b35269e2,Human,92.0,34.0,126.0
3099639511,54fb3da711680b99e3323c0616b9f14d63b495ef,Human,74.0,11.0,85.0
3099639511,5a239f61f6f25909b8458d36877d9982cf5c3533,Human,3.0,3.0,6.0
3099639511,63dd8cae6a2f5e32b4c56290de05781b855546a7,Human,7.0,53.0,60.0
3099639511,66e16371e6a592293597e5a3a97a53189de55a81,Human,2128.0,957.0,3085.0
3099639511,7aa39f38d80882ead337ae0d30107bc28f26fdaa,Human,182.0,105.0,287.0
3099639511,8b7bf60d712eb673586231f1e94fe254c3cb0b44,Human,836.0,1.0,837.0
3099639511,9995898e73a174fbe094cdedbde11423ec4e33db,Human,511.0,38.0,549.0
3099639511,9e74c0eeac1491cede0a95612d964aaea16d24f6,Human,38.0,50.0,88.0
3099639511,a82b23db31c3450141d142b6cf366d99fe23ae6c,Human,143.0,11.0,154.0
3099639511,aa4550ebdac1cb4099ea1c0f03fd3822a5561056,Human,1.0,13.0,14.0
3099639511,abffd375fc32cc23f01e02ceca9cf56fd7146722,Human,102.0,43.0,145.0
3099639511,c4ed80c4466dcc7dbecb369d997c354835bdcece,Human,799.0,578.0,1377.0
3099639511,c77db373104d62b80e1f42320e9891135694686d,Human,4.0,4.0,8.0
3099639511,cf6b53e8f3aff1a79e660ad2cdf84564dd0ff1c3,Human,83.0,34.0,117.0
3099639511,f78ce10d707b23ae8384a00de05d66e49df1338e,Human,30.0,1.0,31.0
3099639511,ff1ca8a2f78ff1375998421ee423e2b36b9343e6,Human,3.0,3.0,6.0
3100789352,17ccfb6072db5267663788f343ff3b6d9ac6f6bc,Human,36.0,36.0,72.0
3100789352,4a342adef5c88701eeea4ca769c6249a3d2a2730,Agent,784.0,2.0,786.0
3100789352,627f7f75508f4b88691aff1da11bbc4289eded1e,Human,36.0,31.0,67.0
3100789352,6c76e17f520085c4daaa26b8e8b31008e418630e,Human,34.0,44.0,78.0
3100789352,7f1f5e83981df8c86da34a9bba4d5d6aec36deaf,Agent,6.0,6.0,12.0
3100789352,8f2d4e6f1956802fdbed390c46c0fcb1ca68ef54,Agent,2.0,2.0,4.0
3100789352,9bebb3dd3f0598569771d07ae916524683e9ba13,Human,5.0,5.0,10.0
3100789352,cd528b5d31b35ff9fc69ef3a482f9141312eddb5,Human,2.0,2.0,4.0
3100789352,eabe7923144469c8dad82e0b50249e01e5cb164c,Agent,255.0,11.0,266.0
3101402347,45fbce8dee0836895f0e5e0bb9e808b218834cd0,Agent,51.0,5.0,56.0
3101402347,55b9034369f8d409262ea84b5b9bdad67b319fc3,Agent,41.0,3.0,44.0
3101402347,630a05cc21fbf86ce6973559d11c5b3ddae68281,Agent,94.0,0.0,94.0
3101402347,6c1244f7eb48e067a0d0acf11939765ab4456268,Agent,140.0,51.0,191.0
3101402347,9cfe40bbc54a66c6550eb8b18f5e800253d6218e,Human,0.0,1.0,1.0
3101402347,c4f48b648fa3c153536309b2ca446a6e1fbacba2,Human,0.0,1.0,1.0
3101402347,dbd9f49a91eb2950c1b1bc59a4c5a08066eae956,Agent,103.0,0.0,103.0
3101454770,25d9b8fa21fa2282c4441270ce388e06d8a5a1a2,Agent,2.0,0.0,2.0
3101454770,3502fecdd0cdc10b70174ba294dcc8c6ea208a6b,Agent,35.0,4.0,39.0
3101454770,366bc88df537146f71110e3a7e20dc367b260b7d,Human,28.0,25.0,53.0
3101454770,4b4e7147a75e30baf4ddf064dad6f6d6b175118f,Human,2.0,2.0,4.0
3101454770,710fccd1c689a3ac0438dbeab71bfefb2e75c448,Agent,125.0,11.0,136.0
3101454770,7807308bbdf78559238f01d742c59f07dd17ad5b,Agent,5.0,5.0,10.0
3101454770,992fcf03d121377a4fbc27c5d8df5704705def51,Human,9.0,5.0,14.0
3101454770,ad4ff3f9a3e908f8cd6237ed69ba367e7486136b,Human,1.0,4.0,5.0
3101454770,f319ee2a30b24235816237b4282bf86b110b8f59,Agent,26.0,11.0,37.0
3102790603,07cb215ee753cfcdba7e73deacb2df43f86b3d53,Human,271.0,2.0,273.0
3102790603,0cf8e63a5650e820751b94fdeebb20dd10aacd00,Human,441.0,224.0,665.0
3102790603,20cb76c94ed4b49924c7c9648cf907205b639b2c,Human,1424.0,0.0,1424.0
3102790603,2ed06cbded0050c32cf2fd60362115ce0e932e7a,Human,56.0,5.0,61.0
3102790603,3a87e34c1158fe21145c7c84c2552ceb09e0ff3d,Human,1.0,0.0,1.0
3102790603,557c8e522ec4c058fdf81c2dae4275906a18587f,Human,1050.0,16.0,1066.0
3102790603,69e68ad01bf9ccc899c39089ec0bb4e7f66facfa,Human,138.0,0.0,138.0
3102790603,7980c809d87c88f7d3e907b741dc4c731ee12d43,Human,456.0,281.0,737.0
3102790603,879c8ff701d2cbb32015a79b751458ad65be4d5b,Human,271.0,411.0,682.0
3102790603,ad97c021cc67a510656e4459772b5aeb5319a6ea,Human,11.0,2.0,13.0
3102790603,b36878e7140b7618585782463009a2eb6851a1be,Human,11.0,5.0,16.0
3102790603,c9364cf3e92656088de6651f705d43d17a510266,Human,248.0,71.0,319.0
3102790603,ca0b46fb762d7b5549955bbe48ae8879d17aa7a0,Human,4.0,0.0,4.0
3102790603,d08c7fd8cd1b99fafb9303eadcfbe2f16e408209,Agent,9.0,5.0,14.0
3102790603,d72cabca7ba71c3ff4bf9302cc01880a88e67a4a,Human,51.0,8.0,59.0
3102790603,e9213cf6a82225becccc385a553d7ac7155ff5bf,Agent,141.0,5.0,146.0
3102790603,f2069bda0196b6ecc72e0b4eb4a83aa130020cab,Human,158.0,3.0,161.0
3102790603,f2d16d377697971a3fc43bdd524c1f501891550d,Human,64.0,1.0,65.0
3102876964,29562547ddb2e5344154c202da963e1565757141,Agent,7.0,6.0,13.0
3102876964,5061f619da0a023267274323f4128e0e256a10af,Human,4.0,1.0,5.0
3102876964,6419bd4cf4da7db21d3399f3192602c448f791f7,Agent,1045.0,499.0,1544.0
3102876964,75be9b954f9a8cfb3e2782e56961540a627560cc,Human,0.0,14.0,14.0
3102876964,fb502aec1689a41ae53887d539b676a7416f813a,Agent,146.0,0.0,146.0
3105247377,11c05bcadbda97981db3d7f4bbaa9f7db92c7675,Human,1.0,1.0,2.0
3105247377,5f655feea98b614a1492c8439d4439c5b0ee673b,Agent,17.0,17.0,34.0
3105247377,707134358445908a2730dfcf223c78154e3d6111,Human,43.0,0.0,43.0
3105247377,80e4d00e0a29cab4b38a4d8b8af645822e59aa05,Agent,188.0,69.0,257.0
3105247377,8166ff1a83bfd1847d560482359f89fb09070e46,Agent,0.0,30.0,30.0
3105247377,a20233dca9f5dfad7ac8b75d68d592b5532dbb7c,Human,22.0,2.0,24.0
3105247377,c564fe8e5628a42164d4e86f6a596750de168ec3,Agent,357.0,53.0,410.0
3105247377,d5d3f33617a8ceddaceb86a8d1e7e5295b8d5af8,Agent,35.0,32.0,67.0
3105247377,f8f9a3db8426d8f796bdbabb19228b30ffce54d5,Agent,32.0,24.0,56.0
3105305807,58b44abba2250ccd67c945c9c2c5e4e14cfdd022,Agent,0.0,29.0,29.0
3105305807,832fc9729a69aa12b630c86a35c491ddb562f1b7,Agent,160.0,0.0,160.0
3105305807,9b513b341356398f3a3bd58a1071474252793876,Agent,10.0,16.0,26.0
3105305807,c654b64d23101a4d6b816b93767a1b52f146def1,Human,24.0,31.0,55.0
3105305807,f21f87644107c276f0eb5ca6f352dc0a2a2237a0,Agent,7.0,7.0,14.0
3105926969,00c53032953e4a5b3eb70d90b78933bdd76f4e25,Agent,18.0,2.0,20.0
3105926969,02ffbe57785ec7bdda2f503efeac1a9de07ee73c,Agent,25.0,18.0,43.0
3105926969,0d35084a9fd745065cc4f98d04d5ccca2fcce183,Agent,407.0,85.0,492.0
3105926969,15666b4b7f67d692f19823808be2c7a0c379277a,Human,1015.0,176.0,1191.0
3105926969,15ba41279be0cbd82f494f8c7de4d416e518141d,Agent,588.0,204.0,792.0
3105926969,239b3f470c10557ed60d4393ef165ad9bc84cba5,Agent,180.0,28.0,208.0
3105926969,27464ee7b1fd8224a3237aae447811d72a190eda,Agent,123.0,41.0,164.0
3105926969,358810958ba05212ff8071cf85d385f66ebff2f1,Human,1.0,0.0,1.0
3105926969,43776830b55f3a72e9f84dd7a4d9e73542bd48f2,Human,9.0,0.0,9.0
3105926969,49eb27a85417c3bddc6259b1791e62e27e34afeb,Agent,85.0,42.0,127.0
3105926969,4dad57fcb5dc5eb90595e4eb146d060a43209d45,Agent,51.0,6.0,57.0
3105926969,5178ad4b471059f2717ec356e9f31d29e1046d45,Agent,248.0,33.0,281.0
3105926969,5b3c4874670c3cfa89946d15acfb4c4439a57a55,Agent,112.0,154.0,266.0
3105926969,5bdf6e0c8018ff5ad1694339841b79c1dbbe847f,Human,15.0,8.0,23.0
3105926969,65ca5867663ad254d78779036f30dcff19471b9e,Agent,30.0,30.0,60.0
3105926969,80da3d3995e84fe6836fc6cebcbcd1fd2e610a2f,Human,1.0,0.0,1.0
3105926969,87dd124e263bcc23912434cd410321d219ddc76c,Human,1.0,0.0,1.0
3105926969,b1623e70c5018ff566028011ce05ab8d12de5734,Agent,439.0,1.0,440.0
3105926969,bfbb747ef574cfe7bef7d6efb67b1a1db6798bfb,Human,16.0,6.0,22.0
3105926969,caba5a97dc51a1694e6159aca3791ec1914477f9,Human,29.0,26.0,55.0
3105926969,ccdf3567dd6bd69810b6e4f2301d1470deaf1166,Human,13.0,0.0,13.0
3105926969,cd62938744af77fd0d773c747cc2204ad6b3bee5,Human,19.0,82.0,101.0
3105926969,d066e773b4656b2e93f7d1c19a337f3aad933c8d,Human,295.0,40.0,335.0
3105926969,e3539e86528c6ddc802b5d32d810c7bb5163bf69,Human,87.0,8.0,95.0
3105926969,e58cd64eccbb279ef7373d5d0d5ecae412f3ca51,Human,1.0,0.0,1.0
3105926969,f34c582637e6d0e3db4ea98dad354e91f3075f9f,Human,166.0,3.0,169.0
3110905940,30961140e4f8e3cdcbc929b6007230370adda3a6,Human,38.0,10.0,48.0
3110905940,472847ece4311663e5238b0721334f088ff9f353,Agent,1.0,1.0,2.0
3110905940,872ba704c54014651f94c71a13c3609a779c3389,Agent,2.0,2.0,4.0
3110905940,bbe5b0e7dd266e0ab7a85461cd63f6cc8f20b40e,Agent,164.0,277.0,441.0
3110905940,c1993ad4cd82b925477061d688940fe584c9da0f,Agent,52.0,8.0,60.0
3110905940,c4c64149fe2074c55f757a294bc2b1055a4953da,Agent,258.0,194.0,452.0
3110905940,e9c0c28a2c1a6a0f8d21794c0ab3987066987cab,Agent,311.0,0.0,311.0
3111004034,23dcb0c5621f4e11cb3152886621719ff76a1999,Agent,28.0,26.0,54.0
3111004034,94f53be782a4d3e7b67fd37afaa9c4dce0c63967,Agent,38.0,73.0,111.0
3111004034,b441be5674a516069274dc7618cdff271580d566,Agent,3.0,7.0,10.0
3111004034,e33ec92c4ab1384e9a0ef5deccf0d23bf3b904f1,Agent,2.0,2.0,4.0
3111004034,efa34ff231f5e8c97f013c9f778dd561ceaa672a,Human,0.0,2.0,2.0
3111420697,018edeb251e4c9d1b9e3b1142a246e294645f2d0,Human,109.0,1.0,110.0
3111420697,0e355886a773c05833aedde150ac176b720641dc,Human,65.0,1.0,66.0
3111420697,23f1b2472f57efe0a8498cc49a5e3a3023f35b4a,Human,103.0,0.0,103.0
3111420697,2a3cfcfc957c56549dd69fe5196f3a7849cfc5eb,Human,103.0,0.0,103.0
3111420697,2d8e2791d1fb398cea8b53b53ae6dbc282021077,Human,205.0,0.0,205.0
3111420697,33de8a455e7fb32e4d563a004524c2ae43e10ade,Human,273.0,1.0,274.0
3111420697,35c3142782358a9e4538b2da696c8b4341618f58,Human,57.0,1.0,58.0
3111420697,59575a07d427274a37e18572077ee25852ce294d,Human,335.0,0.0,335.0
3111420697,61fd2bc7bfd3250922e2a3d54fc81864262cffb6,Human,94.0,6.0,100.0
3111420697,acc50beae6c32a79649c7854748b06d713cc661c,Human,153.0,4.0,157.0
3111420697,befa2677323adc403835170eacfa2bf463fea96f,Human,201.0,23.0,224.0
3111420697,c73e4a500b0d12f101654d4d25efb62ca58d83fd,Human,57.0,8.0,65.0
3111420697,da4d6cf17f92a9e535926a36ff7a9b4cd1a3a110,Human,58.0,3.0,61.0
3111420697,e855db7fc9e76e34726dc316db9912f71260fa9b,Human,117.0,11.0,128.0
3111420697,f474854c1428341a2299d54d20e98ee8f0f7e5fa,Human,20.0,0.0,20.0
3111420697,f55c4c55b52da4ee67fd7aa7a9536983762e50f7,Human,179.0,37.0,216.0
3111697033,01c7c147e337b56d727eecf445e3dcc9ed4ce97b,Human,12.0,7.0,19.0
3111697033,2943a026fb14c06daa269ea9ddff453b2b64f4dc,Human,5.0,20.0,25.0
3111697033,65b582fb6610146b828404ea463f53fbc299cb36,Agent,20.0,5.0,25.0
3111697033,6a36572d325a149bf53feac3e35e3db9e871dda0,Agent,71.0,0.0,71.0
3111697033,6b8d7da9975a05d36f741dcc00e080c1a467515e,Human,1647.0,188.0,1835.0
3111697033,7facc8a488bff49fcc66f153254d30c88c4fa133,Human,7.0,7.0,14.0
3111697033,8f84bc3bbd22e6ae48480d5719afaeb1777ce133,Human,1.0,0.0,1.0
3111697033,f98940b1d011baaf58da47e146c28105d4a428f0,Agent,1.0,0.0,1.0
3112065698,37e16b7748ca702351526a4657a61a7fde305350,Agent,2.0,2.0,4.0
3112065698,4ce1a6440e412f29548ac418df4f28d72f548362,Agent,1.0,1.0,2.0
3112065698,64999c037b296bfc1d3068eecac6855592f946b0,Agent,26.0,5.0,31.0
3112065698,74a0937159bad8053af0044f422385a997bb7e38,Agent,0.0,14.0,14.0
3112065698,872214a066f7cd25f2919ddfa48318e8a3c2aa00,Human,0.0,2.0,2.0
3112065698,8f98e684c6dd9100313c27176cf7338336ff5f14,Agent,5.0,10.0,15.0
3112065698,961c357e99834099bec200258e7a356a5a872a68,Agent,1.0,1.0,2.0
3112065698,a8c7cd3927d5264ab748d1dcbbbdcd27d078eed9,Agent,8.0,7.0,15.0
3112065698,e336c9ece265c1ff1abd3444f078bc25b026122e,Agent,6.0,2.0,8.0
3112065698,e7f96af47950131111f40bd64126a3eab58ae865,Human,0.0,1.0,1.0
3112065698,f306718f8a59c1e682e786e4d826c11681c21d32,Agent,50.0,137.0,187.0
3113346977,1e07d4c851984be8c59006cce7a281768ed25f78,Agent,17.0,30.0,47.0
3113346977,554ac2703aa94caf66f1ac32a0a460b5970950d4,Agent,1.0,1.0,2.0
3113346977,56addac2c100550d9ca13cf11dbe2e3ad078d4a9,Agent,18.0,10.0,28.0
3113346977,809763352def4e8e44e643b338aa940af17eecae,Agent,101.0,15.0,116.0
3113346977,86376e9c884841eeb9ae61f3371babd068953495,Agent,0.0,2.0,2.0
3113346977,9d3e071ac6167bd3627b78b82b3a85f884dbd244,Agent,1.0,1.0,2.0
3113346977,b6ca7d57ccb25a1735ce383b92866a1856b16a96,Human,1.0,1.0,2.0
3113346977,d5586fd27998c795b3bce195ab98e6909907fab3,Agent,51.0,563.0,614.0
3113346977,e2b9f86d39b094d00c80af7c5391c9605219809f,Agent,1.0,1.0,2.0
3115627844,26360632220e9ecd40dd193f4d26fe49f6c29d21,Human,0.0,52.0,52.0
3115627844,485b58ab6e3592e3ddae31c1c3a95116e1e64849,Human,1.0,1.0,2.0
3115627844,9e39b945527edfc65d6688734a41eb03c5842eb2,Human,1.0,1.0,2.0
3115627844,ac23c9931a4991db671a05ce4856f1bdc2e00ee0,Agent,1.0,1.0,2.0
3116826149,14e6ccafbcaf5eff5bef0f55cce02338716826a5,Human,6.0,6.0,12.0
3116826149,1ddbf47b43721a70bf4178b2a664611632e35527,Agent,4.0,1.0,5.0
3116826149,77a42c4559ea06863cdf5717761b27752ebfa027,Agent,79.0,86.0,165.0
3116826149,b1bac0c391d77d7d0a0ad674ae94a65f513133b4,Agent,8.0,8.0,16.0
3116826149,c4d9339fd837c8a4cf38c562278fb36e289b073a,Agent,142.0,63.0,205.0
3116826149,f01dc96535d0428d91c00c37c0a670413ff71be4,Agent,329.0,72.0,401.0
3118221358,0dfc6b929c99b77a75f16bc6aefc3d5af6b8f74f,Human,103.0,26.0,129.0
3118221358,4295fd66e26fc88d7b29acf268037c827785c33f,Agent,28.0,22.0,50.0
3118221358,725ea71566305064ce00e42529d6783d1a425566,Agent,6.0,3.0,9.0
3118221358,9cb3e7731e3c153908e954be9b3cf2d33366e2e7,Agent,4.0,0.0,4.0
3118221358,a3bc52f743163f54a9f9f6ff13185d2b5f1602a8,Agent,3.0,0.0,3.0
3118221358,bdc70f48306924bcaab12cbfd3559adefb0006a0,Agent,0.0,19881.0,19881.0
3118221358,c70f566599164149bceb7b13e121900c8024fdfc,Human,3.0,3.0,6.0
3118221358,e9a9cb4a0c550ccb29a7a330a11219a9bedc8f44,Agent,19790.0,9.0,19799.0
3118221358,f041136934794ee028080890d3c6717dbded703f,Agent,175.0,2.0,177.0
3118432145,7dcdea67c35a219f2118086bf5b6b2e70e84685c,Agent,20.0,3.0,23.0
3118432145,ee7c711bde87e099cc12b2ef2219c12a8ec4aa01,Human,385.0,12.0,397.0
3118854425,55d9646df096364bd283e10c9bc4a1cac9420454,Human,1.0,0.0,1.0
3118854425,64ee46e98ab11add196a5fa77a5035d4699f11ee,Agent,440.0,0.0,440.0
3118854425,7f7129a67c63b1305b477ddd14116839aba5e7b1,Agent,1.0,1.0,2.0
3118854425,8e60e842bcf5c07de23fab8107aa07d01253ae49,Agent,7.0,7.0,14.0
3118854425,db00a859d668062cbc6193f8cad421600a2fbcc6,Human,1065.0,4.0,1069.0
3119354820,01aba37bf908629d35fa4c07b3eb4bc8a2b80a5c,Human,1.0,1.0,2.0
3119354820,02e22ad03428d6d2ad73de91d4bbd909800544f4,Human,23.0,10.0,33.0
3119354820,1e880d7c621d728027418988df9f9373d04da82d,Agent,101.0,2.0,103.0
3119354820,331d55ea9ed3aa982fc4451d75c6a2d44ae07866,Human,10.0,8.0,18.0
3119354820,3fb2a0580645c7dbb9b5bebd96a00070274b94c5,Agent,1.0,5.0,6.0
3119354820,47972265397bb7a4fc532e8d7068b443defbfa71,Human,4.0,4.0,8.0
3119354820,49c9ea80f5ec9a19e18654284d7aad244155cf50,Human,1.0,1.0,2.0
3119354820,49d9b8f04fb5499e3ee72e4511828d40e5394529,Agent,14.0,15.0,29.0
3119354820,5e71b5fa3e5d045dca9a8e9873d3bcbb806910d0,Agent,1.0,1.0,2.0
3119354820,87952991ca717c5b388530b3e5ba01d3dd407a00,Human,1.0,1.0,2.0
3119354820,8e2a7cacad00e37a4cf48b69f12eab3a4e75905a,Agent,52.0,2.0,54.0
3119354820,8e2ca54915b2bb27b080f766fbafaa0cd69bb192,Human,2.0,0.0,2.0
3119354820,9942ce6950d80fc1f587f5137ac1ac3f6f8b4d34,Human,13.0,9.0,22.0
3119354820,b5a6a3d312959ff387e2ee8f6f82389ba2964adc,Agent,5.0,7.0,12.0
3119354820,bfe57d30f33007291149b316811edaac9bdf284d,Agent,8.0,4.0,12.0
3119354820,c6bd5daabcff5d7f746c02cc53089388639a7ffd,Agent,140.0,0.0,140.0
3119354820,c7732a5672b4911f0107ca000b323b06331cafb4,Human,39.0,26.0,65.0
3119354820,d2d56417f7dc3e142b38dc6b4fee7e6351fd7127,Human,1.0,1.0,2.0
3119354820,d30ea31debe8f78f7413e8ea307feafe06c1bc69,Agent,12.0,19.0,31.0
3119354820,db9b58ccd51fd209b4ff71a109c10eb6755c82b9,Human,1.0,1.0,2.0
3119354820,edcddc5e3b1b2bc662226750f395db9911485362,Human,7.0,0.0,7.0
3119354820,f2871787ce3f825e5e7582acafc95746624e6663,Human,24.0,6.0,30.0
3120774449,87177f37ada609ce8a564ecdd4b7dbc522821d91,Human,134.0,0.0,134.0
3121953999,3ab73504189052464fccd03fcddb61ed97f9a6b6,Agent,33.0,37.0,70.0
3121953999,b6a3f720a38ab39db3354009984814508eb4a897,Human,2.0,0.0,2.0
3121953999,bd16450fd5ddf45f0fc6f383cac57553ee0bf055,Agent,3.0,5.0,8.0
3121953999,c30daf3078b0396d0fb38c84f302c34c84e9f237,Agent,69.0,2.0,71.0
3121953999,e29d8efaa1bf015a9f9a7fb02f031e87f9493add,Human,121.0,69.0,190.0
3122593764,42ef7ca08333c22f220fdf176c47d96ae93dcfcd,Human,0.0,46.0,46.0
3122593764,485963aeee157e9e743a540d3182fcd5f48b30e1,Agent,57.0,1.0,58.0
3123400194,b2a3b12cf32ccc4303de20ba4b219c4cbb9359b6,Agent,1.0,0.0,1.0
3123400194,befdda87d0ffe720fa70f18fab4fd404e9d1d734,Human,6.0,0.0,6.0
3124595999,0e8f6eaee8d726fa59e8e9fad710d4504dab49ad,Human,944.0,719.0,1663.0
3124595999,45373766f94f47fdc309c1c55ff1f76a1a589a0f,Human,886.0,2.0,888.0
3124595999,f8918f428c372c1900c5e2ebadff0f34c43e2093,Human,103.0,13.0,116.0
3124835441,1563d17ae0ca4806b104ad21b798e74fde5c2850,Agent,85.0,0.0,85.0
3124835441,4094c0c122cf5e45cde925898a2d4f06401a9d5d,Human,4.0,4.0,8.0
3124835441,66cc6181f3ca8dae4c9f87cca7f687e650be8106,Human,0.0,1.0,1.0
3124835441,7cb27358c6e51ac7c68fe61cc2e6a688d9e034ff,Agent,81.0,87.0,168.0
3124835441,8c3519becd73da83d8c001847bca9d22c741e96d,Human,64.0,111.0,175.0
3124835441,b35409a1c8d61a9ad9d2b4cc6da26e407116b277,Human,4.0,2.0,6.0
3124835441,c5e2ade6ea98fbdbb1982731bb87423c71d5fc39,Human,16.0,14.0,30.0
3124835441,e4f7bf27c03586621e6c5de16c82d4fcfae63b7f,Human,55.0,118.0,173.0
3124835441,ed3416351f66c6e9a9766c39cbe812590b37f660,Agent,9.0,11.0,20.0
3125187340,18f1d9e5cec8824a22b151d7dac4dd99f069f82e,Agent,266.0,0.0,266.0
3125187340,19c13819973ce192a0a3ddab52fcc108063206b7,Human,0.0,6.0,6.0
3125187340,1edc9845de56653c821aeff6adc292fa4c02a7fa,Agent,0.0,275.0,275.0
3125187340,20fbb1aded10da07c9551d2a2667ad4b9e27f47d,Human,10.0,4.0,14.0
3125187340,2c235896f8b0a8fe822bffad5200a605a19a211c,Agent,92.0,2.0,94.0
3125187340,4be50f4ffdc0cbd197ecc77260f08d91cbd5a219,Agent,119.0,0.0,119.0
3125187340,4c46e321bb13e8b8b1c207139c7451976565b145,Agent,77.0,0.0,77.0
3125187340,84604a0e4614bd124c1a0a8eec4e441c39a6b8dd,Human,1.0,4.0,5.0
3125187340,bd3713cb69b4264aa09937142739fe959bc24a9b,Human,0.0,260.0,260.0
3125459043,066e0aa072ce9fdf2d07c209d79ba2728049c4bc,Agent,16.0,0.0,16.0
3125459043,0719510ec3f256ed53f279c9a3b153b041ab8746,Agent,25.0,0.0,25.0
3125459043,0e6203691fe651fd7cdb5e62884f44b36558c8e9,Agent,115.0,0.0,115.0
3125459043,158eebc455aeca721b727fb93b7d9f45f8b21a1a,Human,0.0,5.0,5.0
3125459043,2b42ec536c48382f63fb8d8b349ea2aa89a6557c,Agent,45.0,16.0,61.0
3125459043,3018f953319dde7eee39084da283d5e4315f44ff,Human,8.0,5.0,13.0
3125459043,3cfba9e193bfab2bf4ce6d48b4272754a3ca0670,Agent,46.0,49.0,95.0
3125459043,4421daba986ba4acbc76d5b9a771e8b2a6d83ec5,Agent,25.0,11.0,36.0
3125459043,59dcbab6de5c01b90a77e23eca0871271445ad3d,Agent,3.0,2.0,5.0
3125459043,93f5176f70615976317a49d81973d7c62b69cf0c,Agent,27.0,10.0,37.0
3125459043,962a6ace545d92c2f18b9891ab37c871b2de4f8b,Agent,31.0,3.0,34.0
3125459043,a1ffde7d30e6c90a307ef6c036de7dd81fe8f9bd,Agent,20.0,0.0,20.0
3125459043,c0858438f82d0beb59ce2f7cca5a170560b67155,Human,1.0,1.0,2.0
3125459043,d2e1c7065307afb89687a25ef0b7ced2ca58db46,Agent,4.0,4.0,8.0
3125459043,f246c6902bbdbccb1fd07885bdcb797cc2f0a8ec,Agent,6.0,4.0,10.0
3125459043,f58fa60177c70f25187b5fc35c700b9de695b55f,Agent,60.0,8.0,68.0
3125459043,f9b1347e3b96cdcac0f5e1aeb551fb1acd88b2a9,Agent,3.0,3.0,6.0
3125459043,ff710d77c5ffefdb0668cc52a8fa43abe95e74fe,Human,21.0,16.0,37.0
3125782567,1477d49af44968524ddf54c194d4a8304046ce9f,Human,65.0,36.0,101.0
3125782567,6f491c44d6866ff012d1f1b840d492cf4048267e,Agent,49.0,24.0,73.0
3125782567,a83990ad8afc18fb8c3c6c86daa1919026d5c2e8,Agent,211.0,418.0,629.0
3126061276,248741150e6d117d16c3677cf6c040a86f003bc7,Human,3.0,5.0,8.0
3126061276,2ac57eb7a0e51ffb678d6b2cc13a2c75f4be0cc6,Human,52.0,0.0,52.0
3126061276,497920617216b4cc6df5b8315e4e909bd88d5d80,Human,6.0,6.0,12.0
3126061276,4ffef5f7ef393ec065fe3807f61534d924e2c348,Human,2.0,2.0,4.0
3126061276,61d50d8c1ce0b22a4297434e1c72faf6f50ec5a6,Human,2.0,2.0,4.0
3126061276,6b6b841a54ea1f1a5c957e52c6d06696a21e381e,Agent,406.0,1.0,407.0
3126061276,6d0c03399fbbd99e6c078fdadd7a7130dbaaf035,Human,1.0,1.0,2.0
3126061276,6e34f5b6102261b78c8c7072ca9fa086881f2c1d,Human,90.0,0.0,90.0
3126061276,a4dc230327386efaf6f3bea6a684266bdc9ed779,Human,18.0,46.0,64.0
3126061276,c98739f93123407e8b448b5ea297e0bf04333e9d,Agent,65.0,0.0,65.0
3126061276,e2f6f028f2ac9612df335c0131d96afe33773563,Human,4.0,4.0,8.0
3126061276,e8dc543ad41b0c5fe40410e0751a7c76c6fab966,Human,64.0,4.0,68.0
3127019828,1437ccddb531cab0878811d27248dd122d771fea,Human,284.0,0.0,284.0
3127019828,183bed4d0c380e20b9f74fe404db73467259ef72,Human,9.0,3.0,12.0
3127019828,28648751688c95bcc90b3034291e16c45295784d,Human,40.0,21.0,61.0
3127019828,30e771b8d127fa7d55c1061cca3e6a6a16dc4f21,Human,305.0,19.0,324.0
3127019828,31b046045a1090403b0f71a98b077fcd8351b7ae,Human,1.0,1.0,2.0
3127019828,4bd55dc5f02509b085760d5992380c6356b505be,Human,5.0,0.0,5.0
3127019828,4c030707c48f42fdfd766d26d7238405b134e8a7,Human,19.0,0.0,19.0
3127019828,4fc9da84b7ad58ea25a23ec5dcc789f9e45f855c,Human,74.0,6.0,80.0
3127019828,5c26d608ebe1f46b6f00b02e8b5c967b3a2fe609,Human,22.0,18.0,40.0
3127019828,6268501abe1fa4d479246cee50bc7cf281b86138,Human,164.0,77.0,241.0
3127019828,77cc73635e9fd9ace1841344d5ac99d81cdd07c0,Human,28.0,15.0,43.0
3127019828,79374f4dc51543c9959fbeb07f07c56ee0507509,Human,1.0,1.0,2.0
3127019828,7af185ecfca0792004cedf448b4662a155a46232,Human,57.0,2.0,59.0
3127019828,7bb69bf0d82566718cb1863a3079d17602c7ddc6,Human,449.0,295.0,744.0
3127019828,822d43fc6288e69063cd00ef90ae86e084c2728a,Human,180.0,57.0,237.0
3127019828,88fb5db4a9a1f312b595cb127282e3555093ad30,Human,2.0,55.0,57.0
3127019828,93a80b52798d66b532fc6e43798a617ba4bf4734,Human,5254.0,4154.0,9408.0
3127019828,9c67e8efa861bd62e4a7b894706cdf05fecd5a76,Human,1.0,0.0,1.0
3127019828,9e2d21acd517bace6807b61863326270fb98245f,Human,120.0,43.0,163.0
3127019828,a8e6e2e382ba4dc664371e6d172452ae36b7a16b,Human,241.0,210.0,451.0
3127019828,ab061c4d81e7b87e00c76ff3f4ef291b936a780b,Human,2131.0,1812.0,3943.0
3127019828,ac10ae9eb6e3d304a89aab8a66dd97ec6ae109d7,Human,34.0,0.0,34.0
3127019828,b410ea80a8e436f144d1c938b90adfbc7e7b4c06,Human,25.0,15.0,40.0
3127019828,bc01831c20a58a71d2568e07b52fe1341bdb94dd,Human,229.0,61.0,290.0
3127019828,c61ae15f7b8a66c6312e2fee1c080a4715f3c8ef,Human,574.0,78.0,652.0
3127019828,dac147e5dab90b29e713caf9d5cc4db0ea0fa74a,Human,17.0,33.0,50.0
3127019828,db422ea181af93a5aee0d418cf637b0e8c655bfb,Human,18.0,6.0,24.0
3127019828,f163120876e3000f99398e0cf1901ee191bfe8c9,Human,6.0,1.0,7.0
3127019828,f87e211f61fc3e4b447638d894ed1117b7e9332b,Human,74.0,24.0,98.0
3127019828,feee06228f255354d1402bf2fa77c161fe5d1fbf,Human,2.0,0.0,2.0
3127026463,10e86e8e80bc1ac9084eb0b2bad7dd9b69f7e697,Human,221.0,0.0,221.0
3127026463,21e3e3d599f0e183901b1a2db4a6056de4c1a2a7,Human,35.0,36.0,71.0
3127026463,26ae241a3ef570ea2f85621ab081a72f239ed9de,Human,4.0,2.0,6.0
3127026463,2dd5ee50d2f8f66c91481aa8b16771f2e639f4a0,Human,61.0,3.0,64.0
3127026463,6b573760682de5207dff80519478585804f0e020,Human,36.0,3.0,39.0
3127026463,ee46b0a170119d899b05f4f66ca54d31bf192471,Human,29.0,0.0,29.0
3127173735,10c25a9fd9410fcbb30678b1f16318fe2bf3bc73,Human,4.0,3.0,7.0
3127173735,518d7008ac254f0a84dad54e3e9d05eab6b984b4,Agent,293.0,58.0,351.0
3127173735,70b61b139dde1cdf260a3bfd43b37026ec0ba265,Human,38.0,20.0,58.0
3127173735,81506e5c8ac1834dfc5fb901eb4430280ee3f969,Human,37.0,24.0,61.0
3127173735,d7c7f5c38249564e83830dc9fd6eebfbf69f3dd2,Human,24.0,7.0,31.0
3127173735,eaec9ddbffcce6985e9e61bec28005f91b9f150e,Agent,167.0,5.0,172.0
3128399635,216e30b269427dedfad746891df266044a969cb4,Agent,295.0,52.0,347.0
3128399635,3344e538fa897570a6b9dd094b10abfab6d03cbb,Agent,2.0,0.0,2.0
3128399635,5b595a7abd31c96a9f44d07299970e2c99c6b450,Agent,7.0,1.0,8.0
3128399635,6518b923307a0af7dd949ffaa38aee4f7deb25a8,Agent,944.0,0.0,944.0
3128399635,ab0906859ac59cf9f8c34b6199d920dd9cad883f,Agent,95.0,43.0,138.0
3128399635,e03ddf785ca750fde6d9ac5ef8cc335965483c8b,Human,539.0,484.0,1023.0
3128399635,fd0bbed5e197ffe3aed7ad2bdfabb4a860ae114d,Agent,8.0,2.0,10.0
3129565622,4a96de2f83b8cdb57e08065c427413b6028af333,Agent,301.0,299.0,600.0
3129565622,db137bbc961db2a3d18ff549a291a600bd3efd8a,Human,1102.0,38.0,1140.0
3129565622,f33443dd84a563c76e745c599e6461a26923d911,Agent,1490.0,286.0,1776.0
3129773117,16e12b93d5bd4fa4fba44a68e429d0bbc61b918c,Agent,191.0,1.0,192.0
3129773117,3527b27fed8c85d41547f803a9a086b566fa87e2,Human,8.0,0.0,8.0
3129773117,75ac2fc5ef6bce71297b8940c2e8659475820c91,Human,32.0,32.0,64.0
3129773117,80fe91b97dd20da800bc2f717ac54f27cecbcef9,Agent,140.0,446.0,586.0
3129773117,9ccc00f8502cd23bde83774d74e79820baba0dfd,Human,5.0,0.0,5.0
3129773117,ab4657caa6aeae6b8118806097276fc8a8a76b68,Agent,311.0,0.0,311.0
3129773117,e003b415922a1c56ad56fe6ef33526a5928d121f,Agent,3.0,3.0,6.0
3130352220,628fcb13a3001d316104b13d11511a31a3947650,Human,20.0,22.0,42.0
3130352220,6291485f7c32dff3ee29e95e84bcc03013e25181,Agent,45.0,48.0,93.0
3130352220,6d2c9ef3b20744cbd791f099c0c01812f931117c,Agent,14.0,18.0,32.0
3130352220,a5085c167cf97298788e6d34513a5e970873b517,Agent,127.0,0.0,127.0
3130352220,d89da289ac0e23c5129deca79745cba838876718,Agent,137.0,4.0,141.0
3130352220,d9757e06c5f73c884b49a552c89091845e5c5faf,Agent,136.0,97.0,233.0
3130408897,0496513ccbbb55d15a463fb7725e5a22edf4e846,Human,1555.0,1457.0,3012.0
3130408897,0fe2cc5a0adf098165bda06a3ffde2bf789db39e,Human,164.0,34.0,198.0
3130408897,153fd245a363e2bab26e9133f40b8e74c3db0db8,Human,373.0,9.0,382.0
3130408897,1a748068b14efcd786c38a86178e2220a1e1656e,Human,38.0,45.0,83.0
3130408897,294a4674f6b6e4dfbd68e3e0fa5ab12bcf2ed606,Human,383.0,110.0,493.0
3130408897,2a46dcb06a614dc3921722b4e48c9ad86331264b,Human,1080.0,0.0,1080.0
3130408897,3e341b21b5ad7a1caea6b4287f94a440d1c8c57b,Human,42.0,8.0,50.0
3130408897,461968ef92e39e4ce418e12084d7123d2e415dbd,Human,671.0,31.0,702.0
3130408897,54257ea35314a3ec15f5f7e31652defe8c177d3e,Human,373.0,227.0,600.0
3130408897,548b30af33fcdfeb5e1decb7722e7b339b81ec37,Human,126.0,30.0,156.0
3130408897,742e57e1805a1f491d2c929251208e322150c072,Human,44.0,0.0,44.0
3130408897,7c64aeba60a01a8252c8f44876967593836dc192,Human,491.0,0.0,491.0
3130408897,86c72f629b7347ab247301de030d7278cebece39,Human,208.0,65.0,273.0
3130408897,88ac7608aa001d04e57e69f8f5e06eebe5715dff,Human,1244.0,721.0,1965.0
3130408897,8bd5e30752070413fc3d502302a647b2e4099cc4,Human,3.0,4.0,7.0
3130408897,8dc3c78e96252fce73dade021d42e85d9a2f42b8,Human,343.0,709.0,1052.0
3130408897,a4dffc9501a6e174a2dd808fd3caaaea5ad46c96,Human,1.0,0.0,1.0
3130408897,aaac0e5229bc3de20eb1457d105c42922dcea703,Human,3065.0,1.0,3066.0
3130408897,acfc3c4f2dcbed580f08845c33a572949d493975,Human,5.0,2.0,7.0
3130408897,b5d501ebc55a90eb83fb5d351e8d3480f5598d4d,Human,2.0,0.0,2.0
3130408897,b99653fa907c4fba6e4fcf73a407bc48ad8e57c2,Human,4.0,0.0,4.0
3130408897,bc4499ebeb0cfd1e1ebf5b009f868b7e38cacd2e,Human,585.0,671.0,1256.0
3130408897,bdccdd3e7ca575042d94cb12e33b48c7f4212fab,Human,143.0,43.0,186.0
3130408897,d097543b4f75355620ec8dba073bc56d670cb79d,Human,232.0,1.0,233.0
3130408897,d49185fd5b93f6ca6c1694c734364606405e77d1,Human,138.0,22.0,160.0
3130408897,d546bf5a43efb54e7a7d3d4feb3a86d702571e84,Human,4.0,3.0,7.0
3130408897,d90076c66947c229a92a13ec16b0b18ae812ca25,Human,2.0,1.0,3.0
3130408897,e0b8401a06c310f83667fe40cb9b7be4db86bd20,Human,1.0,0.0,1.0
3130408897,ea2ecca4bd5fa26793ec2a6bfbf27c13fd862171,Human,384.0,12.0,396.0
3130408897,f4a259b427001a3577cb09ca2ddd89b05b58d107,Human,12.0,0.0,12.0
3130631260,1aae8045b3c85b367db79ec1b700b08f50e9ac71,Agent,243.0,85.0,328.0
3130631260,2e3c00b6f60f3f43ff82bdfb8807726df74f063a,Agent,59.0,43.0,102.0
3130631260,3ce989809557c45ddcbb21eef8b85fc06bd16137,Agent,56.0,76.0,132.0
3130631260,62e4e6357999fbb069f5ab9c3e7f54eaecc73cd3,Agent,386.0,195.0,581.0
3130631260,d24d09bbc0b90a3c0f58bab6cc3128ee13b370a3,Human,18.0,15.0,33.0
3130631260,f926b59a5fc80badbf2ae02819c149353ab3d41c,Agent,325.0,0.0,325.0
3130631260,fb464d46b371a27229644f4389500eaa39e09c44,Agent,22.0,14.0,36.0
3130800330,04da3dff69187be72a2c5207086a3d98ce3423e7,Agent,5.0,1.0,6.0
3130800330,1ecb1e21175c6d22bf8ca3e7c1365c530a1c597f,Agent,0.0,6.0,6.0
3130800330,420f81b5ac5da44d7d520d3d9cad3b40577bb275,Agent,0.0,1.0,1.0
3130800330,4902b99166f674858126c8ba4a4b57a972c0ab5f,Agent,1.0,5.0,6.0
3130800330,4ec971153f11e8cb4fcf3459e1309eafd044bc16,Agent,5.0,0.0,5.0
3130800330,5f2f26223d91430a275056e35d57ebc93517f602,Agent,1.0,1.0,2.0
3130800330,65c8f990e35e90df46ffc027665e6ff9dc89b003,Human,5.0,0.0,5.0
3130800330,72f65363494a0974ca415889808466c4c8c63d41,Agent,2.0,4.0,6.0
3130800330,787243ec47444727f7051a0df4a3c00658868741,Agent,0.0,2.0,2.0
3130800330,81c464fad21fe9aa541a5b77a462dcc236348892,Agent,0.0,2.0,2.0
3130800330,8357f6800a71b667edfa85f194a6ba648bca9009,Agent,0.0,1.0,1.0
3130800330,a2456ffe9203a4aa623a8375d9fb409c71933a68,Agent,2.0,1.0,3.0
3130800330,b2b70728d402677a7f251a18ab00db59f4bf6d17,Agent,1.0,0.0,1.0
3130800330,b8beb39e2c93c37b5d557995c4d0e2ec53fc408a,Human,1.0,1.0,2.0
3130800330,baf9f13c06720fc0f209ff3c78c448afa08ef5e1,Agent,1.0,1.0,2.0
3130800330,c1978f9ffca211e99bc5bcedd041e9b1b8eb2d24,Human,1.0,1.0,2.0
3130800330,c67b04502b44551106f3689c4504468a92f1e92e,Agent,5.0,2.0,7.0
3130800330,ea97afe41b6090a34feb98a29a894383b7a57ffc,Agent,0.0,5.0,5.0
3130800330,ed3a6edb490c8978fd9adc2166f8379452753afd,Human,1.0,1.0,2.0
3131003811,0669f3e3e8ae4348109068e6f856a668cd6a74b2,Agent,89.0,10.0,99.0
3131003811,79f0a26589759c3dde6920483ce504da6c10fb33,Human,2.0,1.0,3.0
3131003811,fc1c5ee14fbfb94bce142f6f94abf6b148b2877e,Agent,19.0,1.0,20.0
3131521120,471edea6c52169f947dc8bcf1b2c974ef84ad913,Agent,6.0,2.0,8.0
3131521120,71580f7fe2f7d3bf241c30eb96f871eaf69b1d74,Agent,31.0,15.0,46.0
3131521120,74ec20bd3573b8639aac341bc813b11cc86ecdb4,Human,3.0,66.0,69.0
3131521120,966c20b72a3238cd8b7e84b135e5b0b6b8ac0f21,Human,1.0,1.0,2.0
3131521120,98bb0c89999d17f68185728ba677a27bb0bbc3a2,Agent,57.0,2.0,59.0
3131521120,d8fb0479a9a556ab8332ede95e6aa70e57088c46,Agent,1.0,1.0,2.0
3131810994,2033d2f0317b87c3d055b46178b62c02fe343d24,Agent,33.0,17.0,50.0
3131810994,27f77d7944a5f98b1cbda120c748a23173ba2ac6,Agent,108.0,13.0,121.0
3131810994,4b292cca06fe095ffd3c6761e8b6a1e983907f97,Human,1.0,1.0,2.0
3131810994,4e1529b851d18da3e329fae36b5bcef5dafc2e3c,Human,3.0,9.0,12.0
3131810994,58b4645ef22aa9ea82af60178b84069bb133b6a7,Human,1.0,1.0,2.0
3131810994,942535f9e3f4d35d64ca9e064ddffcc5e9c2ace3,Human,1.0,1.0,2.0
3131810994,9d31a4e7ce36a1858cf0a8079ca2a98e2fb83ba9,Agent,54.0,28.0,82.0
3131810994,a42d3257b690ba9407e880ec4c495c628a86c4f8,Agent,23.0,4.0,27.0
3131810994,ca0eff7048fada908e31631290119fa3289c487a,Agent,1.0,1.0,2.0
3131810994,d4e6cd6ae20e9755a2067cd2e1fc1baeb320582b,Agent,12.0,12.0,24.0
3131810994,ef634a60c6aeeb12cbeaf0607f5d2eaa4464dd49,Agent,3.0,3.0,6.0
3132093324,813e0b8c5b83822269682b9785de28827dbe56b9,Human,4.0,1.0,5.0
3132093324,e30d84c12d860299460a99ddbcbcc1df3622eef6,Agent,483.0,183.0,666.0
3132189217,06927923d77eb795a02d7b216a16e0accfdbe685,Agent,66.0,0.0,66.0
3132189217,27ec16b47e6e4b36fbd5b1532c5defcd633d2837,Agent,43.0,1.0,44.0
3132189217,a0be66099ff34bd9ab8e3e439f210ebbb6c0baaf,Agent,1.0,1.0,2.0
3132189217,adfbdf3eb935cef01249e25bba49838f065b117d,Agent,13.0,20.0,33.0
3132189217,b571c91d26e89f98f8b352333775f7d2c8680d89,Agent,1.0,11.0,12.0
3132189217,fd7d29b1b5e1741090e7b3088d63ff8aa40d5947,Human,1.0,2.0,3.0
3132195957,4b055d0ce710b7fc31b2f64691aefc90a7aac444,Human,2.0,3.0,5.0
3132195957,a55dc1220d63f86120a020454267c59b98643265,Agent,177.0,5.0,182.0
3132195957,b59639436516aa0376956c2a3238434d4ddb892c,Agent,223.0,172.0,395.0
3132222532,103109f3859a4cce862fa6aa92d95a0f8700d5df,Agent,19.0,0.0,19.0
3132222532,4959d1ad4b11d63346bad24134309d33b41236a7,Human,2.0,3.0,5.0
3132222532,7dfbfd87f570ac7b2ceecfa53b6abf540d93f4a4,Human,0.0,14.0,14.0
3132222532,812e91c0bd5630bb325b4eec798a136d67101dd2,Human,1.0,1.0,2.0
3132222532,e32fef812fdc6575d0ac98a257d2c713b569e2e2,Agent,162.0,0.0,162.0
3132235746,077654b29c62888560a08dbe383d4565ac8e7a32,Human,2.0,3.0,5.0
3132235746,324c610c5781d477dae31e732abd5ef7258a0903,Agent,0.0,7.0,7.0
3132235746,5648e8ee673304b16c41ba1a3f6d021d9e13e077,Agent,372.0,13.0,385.0
3132235746,b2ed4a164a6b130247f4d83a36fde773b38bd21d,Agent,0.0,1.0,1.0
3132235746,d6423f3cd3c6a1e75fc2e0c979a404263463c303,Human,2.0,2.0,4.0
3132238407,43f12de2702e8e744fd9fcfc313532b5d34dc9a4,Agent,79.0,12.0,91.0
3132238407,4beb4b60f9f04824b734132ac970b5f4f77ffebc,Human,3.0,4.0,7.0
3132238407,7063669a95b09c8aa98f7bbd4aa8c591a649e650,Agent,155.0,82.0,237.0
3132266803,8520aaa647536286f564376aaebbc67821c8f972,Agent,551.0,0.0,551.0
3132266803,a0433bf150a3319f18d838c8d986e3cb9277c71c,Human,1.0,2.0,3.0
3132266803,fa427e5ba6f192c8e2d327929d7a7450612586c8,Agent,434.0,237.0,671.0
3132713357,13aef21ea0f2b510d6efe209bb0e39197f18688e,Agent,1.0,1.0,2.0
3132713357,4fc6ec6454c8e1ff8d4e2afda1209c60d9e3813d,Agent,57.0,0.0,57.0
3132713357,65e5889eee29bb25647e8ca4b293332ebedd1aeb,Agent,1.0,9.0,10.0
3132713357,71b9f09b55a9a3b1f9883a4801eb833b229f59a0,Human,1.0,2.0,3.0
3132713357,7643c297092bd88939d5e293c51a5d1d4f0ebbe4,Human,1.0,0.0,1.0
3132713357,8d6c90a7bac3ed5f78d0995685e3c1c92c76737b,Human,8.0,0.0,8.0
3132713357,a148ae45c5acb0a41eaf3fa34927ce9b8aaeefd2,Agent,157.0,21.0,178.0
3132713357,a7a33933bd072eac02f484b4c61d9027ce6af41a,Agent,1.0,1.0,2.0
3132713357,f36dffa77976c61f4fe49e4db0a12b3358fedeb3,Agent,2.0,2.0,4.0
3134901959,41181c6c8b580185a4fb978e98970cd688538305,Human,24.0,57.0,81.0
3134901959,60e16cfb230158df4a6917156c6f99eb1048956f,Agent,30.0,1.0,31.0
3134901959,755e76eae1023a6c0ac96e5dddf4d15e644d73e7,Agent,91.0,15.0,106.0
3134901959,9be9e3a23fbae9fe070ac73926e01bfcf95d0a61,Human,1.0,1.0,2.0
3134923757,5f16d079a1419b87051826ec013c6bc438bafa83,Human,7.0,14.0,21.0
3134923757,65ee1f582d006cf311a0b61b1ee3573febbad9e0,Agent,16.0,0.0,16.0
3134923757,7a88183881485e6d66446911db7f65afd94a1da4,Agent,13.0,5.0,18.0
3134923757,fed17ba5b1de9f16b5077f5549110ba1e9b0c49d,Agent,85.0,0.0,85.0
3135316626,17f767f76d28e8e2ac341e3c1d02ee387224e0fc,Agent,82.0,2.0,84.0
3135316626,1c817b6fef6f9a0f2d2355494355c98ad89f466a,Agent,3.0,6.0,9.0
3135316626,4648648008ddb92f9ca48f674f173516380c731a,Agent,5.0,5.0,10.0
3135316626,5c5690a3309435af006e5f8cd308088b520e4fbc,Human,2.0,2.0,4.0
3135316626,63bfb5793d4649dd6202be19abebfd014e09a2db,Agent,41.0,0.0,41.0
3135316626,c4ecf24e9aaa13a632ffe660409c7024059f0027,Agent,13.0,7.0,20.0
3135316626,e660673de343e4bf48770b4c398e869aad1c5823,Agent,2.0,2.0,4.0
3135502954,133f35d23f9cb957fdcf957756903729ea881842,Agent,224.0,3.0,227.0
3135502954,2523de8ed438a7e18075ea2275965c961d0237c6,Human,49.0,2.0,51.0
3135502954,35b527a8fa4051284f79035841f429af87ba23b2,Agent,239.0,0.0,239.0
3135502954,5997150f1d4719ffcd70be0c4d051d08650febd9,Agent,90.0,112.0,202.0
3135502954,921a0a329c3cdc5ea59b39a3a912623eebbeca42,Agent,1.0,0.0,1.0
3136199896,0ca452420157af4f12b2ef828d87074988e2b7cf,Human,0.0,72.0,72.0
3136199896,4943b9c79015e7839e4bdcb917d2c49a77603353,Agent,533.0,268.0,801.0
3136199896,6109f7951f9308d4b0afbca95e48e423df3298a2,Agent,0.0,5.0,5.0
3136199896,7e388f1b3f50a3b6f6fa23860f9f21bd9be9937e,Agent,6.0,4.0,10.0
3136199896,92cb3ac772fadb86788faae325b995f60a8c7cd1,Agent,0.0,73.0,73.0
3136199896,a60f59c15a337c731a2345f2d3680ba5b8dc29a7,Agent,156.0,0.0,156.0
3136290510,0496513ccbbb55d15a463fb7725e5a22edf4e846,Human,1555.0,1457.0,3012.0
3136290510,0fe2cc5a0adf098165bda06a3ffde2bf789db39e,Human,164.0,34.0,198.0
3136290510,153fd245a363e2bab26e9133f40b8e74c3db0db8,Human,373.0,9.0,382.0
3136290510,1a748068b14efcd786c38a86178e2220a1e1656e,Human,38.0,45.0,83.0
3136290510,294a4674f6b6e4dfbd68e3e0fa5ab12bcf2ed606,Human,383.0,110.0,493.0
3136290510,2a46dcb06a614dc3921722b4e48c9ad86331264b,Human,1080.0,0.0,1080.0
3136290510,3e341b21b5ad7a1caea6b4287f94a440d1c8c57b,Human,42.0,8.0,50.0
3136290510,461968ef92e39e4ce418e12084d7123d2e415dbd,Human,671.0,31.0,702.0
3136290510,54257ea35314a3ec15f5f7e31652defe8c177d3e,Human,373.0,227.0,600.0
3136290510,548b30af33fcdfeb5e1decb7722e7b339b81ec37,Human,126.0,30.0,156.0
3136290510,742e57e1805a1f491d2c929251208e322150c072,Human,44.0,0.0,44.0
3136290510,7c64aeba60a01a8252c8f44876967593836dc192,Human,491.0,0.0,491.0
3136290510,86c72f629b7347ab247301de030d7278cebece39,Human,208.0,65.0,273.0
3136290510,88ac7608aa001d04e57e69f8f5e06eebe5715dff,Human,1244.0,721.0,1965.0
3136290510,8bd5e30752070413fc3d502302a647b2e4099cc4,Human,3.0,4.0,7.0
3136290510,8dc3c78e96252fce73dade021d42e85d9a2f42b8,Human,343.0,709.0,1052.0
3136290510,a4dffc9501a6e174a2dd808fd3caaaea5ad46c96,Human,1.0,0.0,1.0
3136290510,aaac0e5229bc3de20eb1457d105c42922dcea703,Human,3065.0,1.0,3066.0
3136290510,acfc3c4f2dcbed580f08845c33a572949d493975,Human,5.0,2.0,7.0
3136290510,b5d501ebc55a90eb83fb5d351e8d3480f5598d4d,Human,2.0,0.0,2.0
3136290510,b99653fa907c4fba6e4fcf73a407bc48ad8e57c2,Human,4.0,0.0,4.0
3136290510,bc4499ebeb0cfd1e1ebf5b009f868b7e38cacd2e,Human,585.0,671.0,1256.0
3136290510,bdccdd3e7ca575042d94cb12e33b48c7f4212fab,Human,143.0,43.0,186.0
3136290510,d097543b4f75355620ec8dba073bc56d670cb79d,Human,232.0,1.0,233.0
3136290510,d49185fd5b93f6ca6c1694c734364606405e77d1,Human,138.0,22.0,160.0
3136290510,d546bf5a43efb54e7a7d3d4feb3a86d702571e84,Human,4.0,3.0,7.0
3136290510,d90076c66947c229a92a13ec16b0b18ae812ca25,Human,2.0,1.0,3.0
3136290510,e0b8401a06c310f83667fe40cb9b7be4db86bd20,Human,1.0,0.0,1.0
3136290510,ea2ecca4bd5fa26793ec2a6bfbf27c13fd862171,Human,384.0,12.0,396.0
3136290510,f4a259b427001a3577cb09ca2ddd89b05b58d107,Human,12.0,0.0,12.0
3136582509,442ad3045115be3a38f9bc8b57f1a72bd66347b2,Agent,63.0,0.0,63.0
3136582509,563a569077f41a5998a57460595e4b0cfd1460f2,Human,1.0,1.0,2.0
3136582509,b941109f75df33c7d9e281f9922a1e80440f88ef,Agent,222.0,0.0,222.0
3136588304,1db9297e65220f0bf5f679af7e9cab4978c65e0c,Human,0.0,58.0,58.0
3136588304,7fa707c853a54386cc63a2f6978f02f876916bd9,Agent,224.0,1.0,225.0
3136588304,b171d349de5d5dab4a54f3ad6c4a78eaa381cb2f,Human,65.0,0.0,65.0
3136593503,4bcbb1369fd47968a32ae64a869dd39b7065788a,Human,84.0,14.0,98.0
3136593503,5ae6aaa491aec3505bd4826a3f99e80ce361d848,Human,4.0,4.0,8.0
3136593503,6b7c8f08247975d6ab5bea844281ad9e211e914b,Agent,74.0,1.0,75.0
3136595893,10042c885f80cc08755844ce75659d30024467f3,Agent,266.0,0.0,266.0
3136595893,2926e9045def0ddb7ba67a323efa1070a86d3760,Human,1.0,1.0,2.0
3136595893,6b0660a78e78a076f09cb4ac6644d60425023d65,Human,0.0,65.0,65.0
3136595893,7df64f7621174bf7a65fd512e57e11040b06f4a1,Human,3.0,9.0,12.0
3136595893,8ed4c5cd6f593abb67560961f362d1389f3bf8b1,Human,105.0,27.0,132.0
3136595893,ebc7aa932f0540f9e13f547e270ea9b6d9029f26,Human,65.0,0.0,65.0
3137058094,218699407dfc186d1adca75a230308300587c728,Human,22.0,1203.0,1225.0
3137058094,4ac5a1b609683677a6d76574c7c88823b904206a,Agent,22.0,20.0,42.0
3137058094,4b18cff22f23e21f110fd7d011ed37646d3225e4,Agent,1.0,1.0,2.0
3137058094,a20fc3178404fa30f3b75dd26caeb295232bb3d6,Agent,6.0,6.0,12.0
3137635779,057b85afe51817843e40a4412184f3996e217a32,Human,2.0,2.0,4.0
3137635779,07e1bdfeee5749b13049cb63f2d2a37a30ae8624,Human,42.0,66.0,108.0
3137635779,23bdd2518b09fed6d0e16bf19f630606ad6c0452,Agent,38.0,48.0,86.0
3137635779,69d1a6c44d54d548c9afd6b3061f616bcde635c0,Agent,74.0,0.0,74.0
3137635779,7811b67ed44943835c0546df89f5f0bbef442b01,Agent,78.0,41.0,119.0
3137635779,9a1ce31355af4b0fe6c6980a9064859619c8644e,Agent,0.0,1.0,1.0
3137635779,9d389d1657c5cf813c94c6d0ec3b557f491e5f9e,Agent,48.0,1.0,49.0
3137635779,a2165c67a84078f4e18de99ccb251b6bcafa278c,Human,67.0,36.0,103.0
3137635779,b49c7080de14d4a2f432c451d017fa3209223e7f,Agent,43.0,28.0,71.0
3137635779,ca399354195c20602bff4e1bde278d85d728aa5b,Agent,5.0,5.0,10.0
3137677174,21b3dc2177d8cc63e6f211a7d118928b2826fa78,Agent,324.0,5.0,329.0
3137677174,679ff95ad8d9996d5c4f26367d069eb1a2f08dbd,Human,31.0,84.0,115.0
3137677174,d7bd90eab3c12865539a466fc19eea838be5b2df,Human,24.0,15.0,39.0
3137845121,9a2421d36aa8b9a8e593189f181f001241d5ce72,Human,0.0,2.0,2.0
3137845121,ee40b5c53752bf199eba69450806378f90b6c92f,Agent,21.0,1060.0,1081.0
3138033651,0b60937a383fefa04eb9f4ddb9092ea9850f9bd4,Human,1.0,1.0,2.0
3138033651,229e6a0d1f1314c6c683a9627483044a8f7e6627,Human,56.0,47.0,103.0
3138033651,eddf5851d42821051fa5667f5f5b12f5027920dc,Agent,150.0,10.0,160.0
3138073133,3a9ad27977172464c4de3d67bf73e7905c072baf,Agent,14.0,14.0,28.0
3138073133,44b4016e3f2d31a1eb41e07de6b1be55e7a12f84,Agent,1.0,1.0,2.0
3138073133,47c2b3027f86fb9fed35d615f3b2a06631b22556,Human,6.0,0.0,6.0
3138073133,6e51b8c6ce923f601269bc3cdeca5e947863b970,Human,9.0,4.0,13.0
3138073133,7b8a9be843aded57fd11dae9f9af60cb8814c8b6,Agent,29.0,6.0,35.0
3138073133,81ff2bd98a4fa2d7386b357eb36449f7599ed16a,Human,5.0,5.0,10.0
3138073133,8db8113f07e05033215e16468ee9bcb3cdbae31d,Agent,137.0,92.0,229.0
3138073133,aa5cd99b8f8b0b77e501e8ed8bc0bd8d2941b156,Agent,48.0,28.0,76.0
3138073133,aa8878404aeabfdaea67e2b1058ae5c08e53e95b,Human,135.0,105.0,240.0
3138073133,afab5b2d7859d1a459b6e5ecee91c1a10449febc,Agent,19.0,66.0,85.0
3138073133,b5fecde19674cc3b12d96a9dde1f4f12e9f88e25,Agent,122.0,113.0,235.0
3138222448,2503b54d6432a2b5a1d841d972b6fc0559b9cb9d,Agent,293.0,8.0,301.0
3138222448,657c451877f0804ecbb6c3acb8713c953e49cd7a,Agent,2105.0,3.0,2108.0
3138222448,8c748db48b7a93e3cdf79c5c2d484b9a1146193f,Human,0.0,2.0,2.0
3138222448,acd83d2044df8139bf9702fbe4a88fe08c59e33b,Agent,457.0,6.0,463.0
3138222448,ee769e61f46931f0d909c10ecfe4f4660cc59848,Agent,4.0,4.0,8.0
3138222448,ff2e3a0a8797e3f4cdbff1bc3bfc9b4b4a5a8808,Agent,1.0,451.0,452.0
3138264959,2503b54d6432a2b5a1d841d972b6fc0559b9cb9d,Agent,293.0,8.0,301.0
3138264959,57c05d4a19e67df590e5adbcbb0a0c78d13fc62c,Human,3.0,3.0,6.0
3138264959,acd83d2044df8139bf9702fbe4a88fe08c59e33b,Agent,457.0,6.0,463.0
3138264959,d24ed162cd79404c18c12f4317115bf504a1cb89,Agent,168.0,9.0,177.0
3138264959,ee769e61f46931f0d909c10ecfe4f4660cc59848,Agent,4.0,4.0,8.0
3138264959,ff2e3a0a8797e3f4cdbff1bc3bfc9b4b4a5a8808,Agent,1.0,451.0,452.0
3138387778,05a2ea0ba8adf401b2bc97eaf1d28a045e754a86,Human,113.0,14.0,127.0
3138387778,06c6381b895aa8716d1f0286cd0dc178ad0117f1,Agent,26.0,38.0,64.0
3138387778,0c64f8f94235b0672660aad9032cbcadd5755ecc,Agent,1.0,1.0,2.0
3138387778,9b417c0dea899350c44517520dc53c2ab26e7fc7,Agent,450.0,0.0,450.0
3138387778,ac4e87e526871fb2b89c38fc45e6ba1753db0f55,Agent,0.0,450.0,450.0
3138387778,c24ab476a77fcc3aabfa68c44c05968e0ce0dd12,Agent,1.0,6.0,7.0
3138387778,cf3791af7adfaee3b187b4cd87c0b232901ec969,Agent,48.0,26.0,74.0
3138387778,d71452e3f964f7dff8336689739a719c7af40d7a,Agent,31.0,4.0,35.0
3138387778,f57a42eae0f243d56c218dc18e4d50606622c431,Human,1292.0,42.0,1334.0
3140073726,0b5c2c283d299d72e85cc376bb7ee0acff04f7ba,Agent,36.0,0.0,36.0
3140073726,4d88d25294fe2db8e0d4235401cbfec84c882d8a,Agent,6.0,0.0,6.0
3140073726,68c80bb30094873c28382f24fc766c58190be036,Human,0.0,2.0,2.0
3140347992,06a4cb0d37da842c385c760f5e746bfdff2387b5,Agent,167.0,1.0,168.0
3140347992,45e643b8c84b83d8444719577aff3ae567c08a59,Human,6.0,7.0,13.0
3140367080,041ebc72b6b24d8bf90ac1f6cff7389fa08f7b2a,Human,2.0,98.0,100.0
3140367080,06961f6b0307726be19d00023c5a6be263508cb9,Human,1.0,6.0,7.0
3140367080,071fa857cc705d4720c1a9d56e95107b2c783f0a,Human,6.0,0.0,6.0
3140367080,17a56448292dc4ec240fdd3756b4b50c727a58bf,Agent,5.0,0.0,5.0
3140367080,45431276b61d83011c52417317cb55ecfd3f7120,Human,5.0,1.0,6.0
3140367080,4b4f92204e11b76538cc95c4f99fd23fcc05b34c,Agent,6.0,6.0,12.0
3140367080,899ca6c23ec8a4a2f6dd81e9507de8a427c786ea,Human,22.0,63.0,85.0
3140367080,8ff46e32e25d5780247199e4b1a96777b97f7680,Human,1.0,1.0,2.0
3140367080,9006616a59bd6130f2d0bc23d70bd2a47b8155ec,Agent,97.0,9.0,106.0
3140367080,c597dd157d97a4707b994b7847ea4d06b4f07347,Agent,9.0,9.0,18.0
3140367080,f04b9e4043901d961b72ea13025814e0d5409248,Agent,1.0,0.0,1.0
3140367080,ff041de6b955c1012ad73b3aa89557c84c46f4fc,Human,67.0,22.0,89.0
3140941069,0ca525bfb68a0b20776967d871ca725262e9e8bd,Human,0.0,7.0,7.0
3140941069,2dae86749d9f52265ff84cd890e4706f7fc5893f,Human,9.0,6.0,15.0
3140941069,54674b3646ae6fbfb9654a72b4354fab0ce20af1,Human,0.0,161.0,161.0
3140941069,5b3e7df44f2a084f9958e9095fdbcb153388b5ef,Human,6.0,133.0,139.0
3140941069,72767fc4a74f615e0c14e54d9fad0cc1250d8f2d,Human,2.0,83.0,85.0
3140941069,82eeeef74b0b448e1efa86e096a2f35aa7d5f1aa,Agent,84.0,6.0,90.0
3140941069,d62acebee19b9ffb46e6f4ef31d257b391646ce4,Agent,869.0,0.0,869.0
3140965520,41e1cbe8b67c2033d979cd69f3744ac0767ffcde,Human,1.0,1.0,2.0
3140965520,c1a995463cb6f45d49656b3166dc4600ad95c688,Human,1.0,1.0,2.0
3140965520,f478cf83ef6ae7392146a163ca5033bdc71b7a4a,Agent,2.0,7.0,9.0
3141541564,1e22c34ae906077cc65b93efd16af5b99d903cd4,Human,96.0,12.0,108.0
3141541564,2146ed095ac6e8b014b422566df88fc831535c60,Human,0.0,31.0,31.0
3141541564,29440d36cd70a7d8de073445bf2c2f7f3d7ef807,Agent,23.0,23.0,46.0
3141541564,335aa368cb433e7016887e7b810f5b38e72c25cc,Agent,42.0,42.0,84.0
3141541564,348f8dad41a1ef793582811be4dca8bc0c5056e1,Agent,5.0,5.0,10.0
3141541564,356bd117badcaaf42e5af7d7d2694ae2c78a9b3b,Agent,1.0,1.0,2.0
3141541564,3bc094bdca30392b6bf0f7cd2a18c1f34011a23f,Human,5.0,5.0,10.0
3141541564,3e72ac15949f84ee9ed2d256932eb4d563edd203,Agent,16.0,6.0,22.0
3141541564,477f1d530055d7d787f72b48baa016048213f3fe,Human,1.0,1.0,2.0
3141541564,48150f350fd41fdf816670e370e872e68df90d60,Agent,11.0,0.0,11.0
3141541564,491a3fc00f78a585f3ad70696b8e721692673450,Agent,8.0,0.0,8.0
3141541564,5255fb827a271f91fda619c8909f67e8715b627c,Agent,2554.0,0.0,2554.0
3141541564,611b065982c5b90afca2a7c0a8c1905ac795eec2,Human,2.0,2.0,4.0
3141541564,6dc7f2e787fee8dcd124dd8b6fa27386a0268743,Human,2.0,2.0,4.0
3141541564,7640b33cf97c3e5588b2a3fafc77c39238574bc3,Agent,31.0,31.0,62.0
3141541564,928d32c00013b3ec809d72b759fe76a99c0ed283,Agent,5.0,0.0,5.0
3141541564,9b05b2fbe0ae1e677e424c7db97d73b0bcd9499a,Agent,765.0,0.0,765.0
3141541564,a8462523a5c71be161bd96d80fe254a455d24bad,Human,15.0,27.0,42.0
3141541564,c16ac43829a6ac8f133b1dace3d77e9eb45b6eb3,Human,15.0,2.0,17.0
3141541564,c7fabf4e01185e57f7e77a158ca498fd5f6b8151,Agent,560.0,159.0,719.0
3141541564,ca09de5ee313372e2ac1d2e82bd0ab77528f360f,Human,1.0,1.0,2.0
3141541564,ca43d5df84b3c976a6e6c525d8a3fca868321d13,Agent,2.0,2.0,4.0
3141541564,caf30e9add7f3bc1920d0d6fd500b4671eb8f27a,Human,3.0,3.0,6.0
3141541564,d28db3fe7a0f48ab627478b0c17b01c8471a9932,Agent,199.0,6.0,205.0
3141541564,d727c84ac05e7d6ed2d88e0faaa8af131b3fa57a,Agent,52.0,22.0,74.0
3141541564,dd4af317d17e86c1b818a8f09b339114d89724db,Agent,166.0,0.0,166.0
3141541564,f4630565a1ba1f1719b15290d0fbf943b7ef61d6,Agent,107.0,107.0,214.0
3143508366,442e9632b7dceb6017589486eb7114856bf1df96,Agent,0.0,158.0,158.0
3143508366,6a5adde965dce3c0e510f6271b5c27bb2ce275fb,Agent,557.0,0.0,557.0
3143508366,b3127ea0f1f91d16267e823ce8f27e4cc74faa24,Agent,89.0,53.0,142.0
3143508366,d2a1e6e202002a157a71d53cf6faa20254a679c7,Agent,207.0,70.0,277.0
3143508366,eae13b5d88e43dd11b57afbeac9a487942319c91,Human,359.0,110.0,469.0
3143508366,f34d3c1cf913972b456938c7cb321bb854dee85a,Agent,150.0,167.0,317.0
3144015338,1e22c34ae906077cc65b93efd16af5b99d903cd4,Human,96.0,12.0,108.0
3144015338,2146ed095ac6e8b014b422566df88fc831535c60,Human,0.0,31.0,31.0
3144015338,29440d36cd70a7d8de073445bf2c2f7f3d7ef807,Agent,23.0,23.0,46.0
3144015338,30048eb606284adca81053a916be3ab9acbdbd61,Agent,495.0,15.0,510.0
3144015338,335aa368cb433e7016887e7b810f5b38e72c25cc,Agent,42.0,42.0,84.0
3144015338,348f8dad41a1ef793582811be4dca8bc0c5056e1,Agent,5.0,5.0,10.0
3144015338,356bd117badcaaf42e5af7d7d2694ae2c78a9b3b,Agent,1.0,1.0,2.0
3144015338,3bc094bdca30392b6bf0f7cd2a18c1f34011a23f,Human,5.0,5.0,10.0
3144015338,3e72ac15949f84ee9ed2d256932eb4d563edd203,Agent,16.0,6.0,22.0
3144015338,477f1d530055d7d787f72b48baa016048213f3fe,Human,1.0,1.0,2.0
3144015338,48150f350fd41fdf816670e370e872e68df90d60,Agent,11.0,0.0,11.0
3144015338,491a3fc00f78a585f3ad70696b8e721692673450,Agent,8.0,0.0,8.0
3144015338,611b065982c5b90afca2a7c0a8c1905ac795eec2,Human,2.0,2.0,4.0
3144015338,669e2d7d6352dfd0d0f348e15466f7ace1ef298d,Agent,8967.0,18.0,8985.0
3144015338,6dc7f2e787fee8dcd124dd8b6fa27386a0268743,Human,2.0,2.0,4.0
3144015338,7640b33cf97c3e5588b2a3fafc77c39238574bc3,Agent,31.0,31.0,62.0
3144015338,928d32c00013b3ec809d72b759fe76a99c0ed283,Agent,5.0,0.0,5.0
3144015338,9b05b2fbe0ae1e677e424c7db97d73b0bcd9499a,Agent,765.0,0.0,765.0
3144015338,a8462523a5c71be161bd96d80fe254a455d24bad,Human,15.0,27.0,42.0
3144015338,c16ac43829a6ac8f133b1dace3d77e9eb45b6eb3,Human,15.0,2.0,17.0
3144015338,c7fabf4e01185e57f7e77a158ca498fd5f6b8151,Agent,560.0,159.0,719.0
3144015338,ca09de5ee313372e2ac1d2e82bd0ab77528f360f,Human,1.0,1.0,2.0
3144015338,ca43d5df84b3c976a6e6c525d8a3fca868321d13,Agent,2.0,2.0,4.0
3144015338,caf30e9add7f3bc1920d0d6fd500b4671eb8f27a,Human,3.0,3.0,6.0
3144015338,d28db3fe7a0f48ab627478b0c17b01c8471a9932,Agent,199.0,6.0,205.0
3144015338,d2ec02a97b6aebdcceca040e4f5e9e8e648274d2,Agent,74.0,196.0,270.0
3144015338,d727c84ac05e7d6ed2d88e0faaa8af131b3fa57a,Agent,52.0,22.0,74.0
3144015338,dd4af317d17e86c1b818a8f09b339114d89724db,Agent,166.0,0.0,166.0
3144015338,e1ec33f8d6f135ac0b3f816179f0234794876ad2,Human,6.0,0.0,6.0
3144015338,f4630565a1ba1f1719b15290d0fbf943b7ef61d6,Agent,107.0,107.0,214.0
3144417356,37b7674a3285d65a06ee754efe87fb8907aecfa6,Human,0.0,1.0,1.0
3144417356,38d950d85d8f43c7b41394e84024afe8b8262cd5,Agent,1.0,0.0,1.0
3144417356,e874f02e4b4b431e6123591d18af4d490f96521f,Agent,6.0,71.0,77.0
3144500550,0f4630e1edff66c9837689e2d48689f66b09aee1,Agent,26.0,0.0,26.0
3144500550,4707da0c73419da6dc5bef85cd09c25d2b7224db,Agent,4.0,4.0,8.0
3144500550,4ddaf99308d07ffa8803a675b458f7cd17e87607,Human,1.0,1.0,2.0
3144500550,4fc9325feae6162a157ba4f68d2cacb134b9471d,Human,1.0,1.0,2.0
3144500550,877941af5fbff0cff96b0fc59eee82cb02f1269c,Agent,14.0,9.0,23.0
3144500550,db1eadc995d7ec8bd474ef621134073943abe3f1,Agent,1.0,1.0,2.0
3144703793,567835609f5d094567f4233a1c61445065a6d96e,Agent,36.0,3.0,39.0
3144703793,a61e90fe90a41fec29d3c128f94a99bb20e39fc7,Agent,9.0,15.0,24.0
3144703793,d9d44f0911485f9069eb6b2675f7ba869fa31e92,Agent,18.0,5.0,23.0
3144703793,db41258c7abe396ee5a4cf5ef0b21533c18255bc,Human,18.0,15.0,33.0
3144703793,f674a0984538f2ba66a348cb45b8d10e60fbf988,Human,3.0,2.0,5.0
3146906214,a636b025dbe67f1428e887bb9974acee79559881,Agent,7.0,1.0,8.0
3146906214,b538c49f6ec40bfb9fba6c0a5c1e99d740f01c24,Human,8.0,0.0,8.0
3146906214,f19d15d779af6d861e7d3ad5ca0acc204e75ea79,Agent,187.0,8.0,195.0
3147721605,845008056db99085f7ca0549764232a29b4e5831,Human,1.0,0.0,1.0
3147721605,b9d8a96f0cfc78cbdc0541b0e13af2d77f049741,Agent,24.0,2.0,26.0
3148079157,1e1359efeb2dfd7e490b23d2e5cfb1369b74f9db,Agent,37.0,43.0,80.0
3148079157,3b34587c85d42d0e7f8e377f65c667ea0edaf63a,Agent,236.0,202.0,438.0
3148079157,7f80c91b8cd08f4154a01b92bfca2a372a598499,Human,123.0,147.0,270.0
3148079157,8219489e27abc73acaa3a9e69b4ad4915319b9aa,Agent,522.0,50.0,572.0
3148079157,825ce015ef80c7b0743ba966a70ef5e2f70a6f5e,Agent,120.0,24.0,144.0
3148079157,a1245b471e8946480b57da21c71685886511ecb7,Agent,1.0,0.0,1.0
3148079157,a38c74acfcebae4e26182176c81696a8519b3066,Agent,867.0,70.0,937.0
3148285881,bf1c0d5c95a082ba390ef16f0116ab911901ddbe,Human,2327.0,1334.0,3661.0
3148285881,e75a31322e5bf0f3b29d4b3de314e102f00b8f83,Agent,133.0,0.0,133.0
3148391336,091f557d0d61832a9c0c1c6562021051f1de151b,Agent,175.0,8.0,183.0
3148391336,14689c52007d40cc1eb187614e527fd3f657836c,Human,115.0,91.0,206.0
3148391336,1822ed5ae42b88e4d4d044b5227b46f399970280,Agent,1.0,1.0,2.0
3148391336,3630af4b2fa4d77fe6794e8ba5bab2df0fd30116,Human,101.0,1702.0,1803.0
3148391336,56691d131d616848cd98dbb2a79674aeba9d2f0b,Agent,159.0,20.0,179.0
3148815078,0c98cd39514be55944e13e911c2b5e774a9328b0,Agent,256.0,232.0,488.0
3148815078,26e6da3f3e0e0d264a254dc3b929f597f933c92d,Agent,117.0,54.0,171.0
3148815078,9ea3162699aa8da451c1d13c545825bdb7c05055,Agent,88.0,8.0,96.0
3148815078,b93c2ff978447d8d387064858373e56fa6123b4b,Human,12.0,12.0,24.0
3148815078,d91c7afa024ad9dded155134d66f7407c302cab6,Human,4.0,4.0,8.0
3148815078,e6982ac76fe0a0ecfc75e4da0005ed4c4cc59af0,Agent,51.0,51.0,102.0
3148815078,eb62491fa397dc87cc60eeffa5634b4a9e59e3e4,Agent,12.0,21.0,33.0
3148815078,fbd9bc5d025d9cdbd8e46159781d7c69c24ac466,Agent,163.0,384.0,547.0
3148815078,fc9406fb6b53c0c0bc0ab8719e7c7e4e26b33471,Agent,140.0,1.0,141.0
3148815078,ff17000a06b9cf997a8c4799beef165b9573c539,Agent,295.0,65.0,360.0
3149839458,113c1990175f6bf7595cf7d16ecd4e90d666e1ec,Human,200.0,0.0,200.0
3149839458,66af7a38b782a341a37b5a8f9bde981f4f2b5264,Human,1.0,4.0,5.0
3149839458,8458700fc8cc2f612df72838998d57bcbbe4b9e1,Human,60.0,0.0,60.0
3149839458,cc6c3121ccbf7cd66187248c827b28539472c04b,Human,1.0,1.0,2.0
3150351692,4adfd64adb123a288c889da0db16b0b10b1f3803,Agent,81.0,23.0,104.0
3150351692,a6969d367b5506db2acfa514c6977326ff4054ad,Human,10.0,10.0,20.0
3150960964,3abc7fc0b044dc7ea1ddd5a728696980c5b9f8ae,Agent,43.0,0.0,43.0
3150960964,5b5b888657286902736c3aec47ade1f0e2861bf7,Human,494.0,139.0,633.0
3150960964,8d5e6b8b7495d54f60b4a292bd7beec35922a957,Agent,138.0,493.0,631.0
3150960964,f7445f71d4004250e8cf4b4c52719192020615b8,Agent,217.0,3.0,220.0
3150960964,fc8a3dc75244cdf91320282aec9924a420f07b8c,Agent,4.0,47.0,51.0
3151753047,014832551030cb879adf2130a91f2c7d1bd90a7c,Agent,112.0,31.0,143.0
3151753047,04ebf8228cf3fbb0e67907b093c59385d070244b,Agent,65.0,24.0,89.0
3151753047,09d8a23b3a430517ab3da26c4b621f0a2cb523f1,Agent,93.0,94.0,187.0
3151753047,1aa73082f0a014b7ad49ac3c0ed7f3f6d80bad84,Agent,70.0,12.0,82.0
3151753047,1c5f8de486f55b14371a86429ecd4c9c595b0107,Agent,209.0,0.0,209.0
3151753047,2e6d67a48a8a7b1f59c62b389d56185e76b12766,Agent,35.0,27.0,62.0
3151753047,4f1f8ad63c72a67e9bf3f92c89ff2167bebcb8d7,Agent,0.0,12.0,12.0
3151753047,4f5dc0c75a6684b540c4cdfaeec2c29db118abab,Agent,63.0,5.0,68.0
3151753047,5741ff23be500c20ecdc18799eaa485d2ce76747,Human,12.0,2.0,14.0
3151753047,638c4bff907793257fcf3fd041a429d1e9a1e3eb,Agent,32.0,45.0,77.0
3151753047,76af21bc39bd970b823217a1a45aa3f71f684e88,Agent,10.0,45.0,55.0
3151753047,7d4f1ef53ee6b7c8766bc425c717a6021393b9cb,Agent,84.0,93.0,177.0
3151753047,7d5cd339352756db950527cbd7373f95d2879379,Agent,15.0,2.0,17.0
3151753047,7ed62a3ef91dfd067356462d7774f53d3b0e53ae,Agent,39.0,9.0,48.0
3151753047,8cd3a4f7e2c745bbfc77e54a632d96f91663e3ea,Agent,11.0,6.0,17.0
3151753047,92d7d78229db1a67259941e5aae96a4f1aac3eba,Agent,47.0,5.0,52.0
3151753047,94028e731dd57143142f1dc2546c2b0ca1a73d9e,Agent,0.0,7.0,7.0
3151753047,9cd2dc91505ad951e358a58080872c18007d1391,Agent,92.0,26.0,118.0
3151753047,a03b965870078d184bcae8d387fbd8ed6b45a26a,Agent,0.0,1.0,1.0
3151753047,ad04ae2c1242f16e00e4d3dd5c9b06294be259fd,Agent,127.0,76.0,203.0
3151753047,af56ccc5dfa24ca7cbf175377dba6295cde73bee,Agent,444.0,0.0,444.0
3151753047,b42c29c638d1737bb3f2ded738b78e69e95ada41,Agent,6.0,14.0,20.0
3151753047,b6f929b32c85060c7facc7006ac6e038b9a6cb5a,Agent,26.0,0.0,26.0
3151753047,ba194c23648323e920d85826f77f227e2364aa2a,Agent,2.0,6.0,8.0
3151753047,c32c3e2bebe2659a3026fa2e02f31e147e256251,Agent,70.0,69.0,139.0
3151753047,db9afd5c65e9d08f9c36eb1bfed7c9875bd84e31,Agent,12.0,0.0,12.0
3151753047,dff88d44c7288f311ca05931364fb69b5cb82b87,Agent,152.0,0.0,152.0
3151753047,eab0cf0a34534a09e1543a48e23d5d812bfb7b04,Agent,11.0,1.0,12.0
3151753047,fa3375f5a2c2a6af48b011cff414ac30661f52f8,Agent,110.0,89.0,199.0
3151798896,070cae1c938deaf57b4d9400bfab350c420c192c,Human,2731.0,8.0,2739.0
3151798896,0c8e9d1bf612191dfb83561b2ebeb16ec4690298,Human,2105.0,147.0,2252.0
3151798896,29dea7915de5b427e207fe4d28dffccc26182091,Agent,10238.0,1224.0,11462.0
3151798896,39d42bfdf0bfad751b82f60390f0c7729e8aee65,Human,1.0,1.0,2.0
3151798896,626bd4ae7eb1496dfae2c1c2ae0472f4d1a5e6d1,Human,11329.0,1.0,11330.0
3151798896,6aaeb77aa67b21e04e63102da5c838e2817f93c2,Agent,19501.0,77.0,19578.0
3151798896,7fc2ac9bd8957132817c8a6332f8f554eb83791e,Human,2.0,1.0,3.0
3151798896,97736acca39309cd9e8cb57498bef78ea1daff15,Human,2489.0,445.0,2934.0
3151798896,ba363ddaff02419e7ebd79ad8ec1fe5a52ebea90,Human,1070.0,136.0,1206.0
3151798896,dc970fb4b5de846d4b54501a8b9f4b490a42f1b7,Human,183.0,12.0,195.0
3151798896,de784e081244cd29f57a7e1f0bcacffcf64fcb06,Human,844.0,17.0,861.0
3151873955,29605d5e442b121ef7961fa87ba08b16eab85c4e,Human,26.0,24.0,50.0
3151873955,2cbbe80f158fcb862c91e5ba66d5d708fddd9408,Human,1.0,1.0,2.0
3151873955,2e59b55da11e944c51b34b5b964887770e700e59,Human,7.0,1.0,8.0
3151873955,3000421d5816d76588a7b2a97944ef78ec9a7051,Human,1.0,1.0,2.0
3151873955,324f20bd58e127426b6c6fbbe73ca8eb64fc0d7c,Agent,1.0,1.0,2.0
3151873955,34607c773bf629481b892cf46eacccb9ba066c69,Human,342.0,266.0,608.0
3151873955,452342764f60be78efb284bf77ce8634cba7fb3f,Human,7.0,3.0,10.0
3151873955,47a634b95ca2fa1551c297d0127156842ad9a0c1,Human,14.0,19.0,33.0
3151873955,547ac78f4524611b5f05fa1c8501b0d45efd470b,Human,2.0,0.0,2.0
3151873955,59464c2ccef950781577f3c8ac5f8af788ae3f86,Human,3.0,11.0,14.0
3151873955,5fa78546dd40580578a517dcf30e0c2bfd65765c,Human,181.0,147.0,328.0
3151873955,7840b7ceff3b6567d654956c746f537f7b151f04,Human,6.0,1.0,7.0
3151873955,801fdaa76e2998737fbb0883b9b836fbefbd79b1,Human,16.0,0.0,16.0
3151873955,a064793db701b79c74ce9c55c9fb5407856115ca,Human,1.0,1.0,2.0
3151873955,bf92281e5023fa008e0deb76704ad950ae2f601d,Human,115.0,153.0,268.0
3151873955,cae97487679431ac25dff778eb9dd226203f92cd,Human,2.0,3.0,5.0
3151873955,d3e39cc177b290943e70f2328d82a3477f7bc113,Human,196.0,151.0,347.0
3151873955,ebd4313caa9d461f53931d63e1391fcb1f36c65a,Human,2.0,12.0,14.0
3151873955,f36906da1c845b967d78e28c6445f2a1d28741d1,Human,0.0,1.0,1.0
3151873955,f75d8b448e5f404f30a8fedfaec18c478755d983,Human,157.0,177.0,334.0
3151873955,f8d4f7d266d8e37a121d63085b5dc246f53c5d78,Human,0.0,4.0,4.0
3151873955,fbedaa72a969ea0ae6c5e0c57f9311450434d047,Human,321.0,21.0,342.0
3153218899,36362801007a1841952df220a178f6a1f39368a4,Human,2.0,0.0,2.0
3153218899,54909aeae3c25d632b93f2230218aa43d0e6cfcc,Agent,2721.0,3516.0,6237.0
3153218899,aa0955c3ec21758f583a2657d0f19c56bc05aa84,Agent,96.0,3.0,99.0
3153378527,865d697e2594dcfeb427e922157012a1985e1aa1,Human,2.0,27.0,29.0
3153749441,18b763dd62a1f644deca0becd3611340eef7ba27,Agent,218.0,193.0,411.0
3153749441,18d2955878366dfd40a3ab413787456a1024ff90,Agent,200.0,281.0,481.0
3153749441,283d87501a7aace7d44129dee9cec87b54c9cc4c,Agent,146.0,253.0,399.0
3153749441,2e3d78b56d2861ad550cef711f3a97b9e2d46c72,Human,796.0,232.0,1028.0
3153749441,35898b84e00cbf0d21531cb005704addda408eb2,Human,14.0,8.0,22.0
3153749441,747a0da997d2d35a4aa8995881b9a4ab051f6f83,Agent,349.0,399.0,748.0
3153749441,871c052429286368287222dfeb41c5c405864536,Agent,126.0,156.0,282.0
3153749441,878999da700a06ac11f4f400681c0243056d36b3,Agent,1.0,20.0,21.0
3153749441,931cdd540a60243bc9b8cba8c0440dd003e40570,Agent,110.0,204.0,314.0
3153749441,9c0bf321463167f14bb36a836809a3885358a6dc,Agent,129.0,152.0,281.0
3153749441,a9a4ee3f66e8e9920ec50f23ea383f23cc6b08cd,Agent,153.0,0.0,153.0
3153749441,b34d265d5f2e7bfd95b7d06a45e4751d1d34b115,Agent,349.0,400.0,749.0
3153749441,c4dc5d410c38ca989b0777d699d3d6e68471c697,Agent,88.0,154.0,242.0
3153749441,d991a8834cd5e078f7566fe41ee4d836cf79ca4b,Agent,212.0,295.0,507.0
3153749441,e91280f1b41dfaeac32e9b2b68a07150cf9ab04c,Agent,777.0,73.0,850.0
3153749441,f90dc2bfbfcc2c74817e044422d6536fab5558f4,Agent,200.0,279.0,479.0
3154258674,12023f05982410b66a2fc8ea56e9e1ec5f8c8e4b,Agent,160.0,1.0,161.0
3154258674,3c0ec7c34df11ecede3aa80c6438a7df0fb9f3d4,Human,7.0,9.0,16.0
3154258674,4e9b610d202131a6b6d6ee408c9f1d616ae08bac,Human,29.0,28.0,57.0
3154258674,70eac8b66563ba30a61e0a2a1ae822c139096109,Human,11.0,0.0,11.0
3154258674,815232bfe8f7e32e265f5dd21f995a0b240ca9ec,Human,1.0,0.0,1.0
3154258674,a0dd775890aea40e497ac6cdf7d5221dc7964572,Agent,41.0,23.0,64.0
3154258674,aba725c417190a1515e4bb03a6e27e4cbe62545f,Human,18.0,12.0,30.0
3154258674,b08d3b8757249f5b0c31f2ef06757f686a16302f,Human,4.0,1.0,5.0
3154258674,bc8bfd47ad0bbc1f6772e7b61a1d0503bcfe6f4c,Human,1.0,1.0,2.0
3154258674,d3ca7979c03cc3e0408b45c51655f28a3bf51148,Agent,4.0,5.0,9.0
3154258674,db9f9db7e24dd0fdd0a5b06c5e1435bdb320975e,Agent,28.0,33.0,61.0
3154258674,e21b54925168ecb8d5a26890eaa6ac731ff16304,Agent,139.0,63.0,202.0
3154258674,f54efcb09274864aa6fa436f0b2053d585518e50,Human,26.0,13.0,39.0
3154606547,35d8fd61e2eb9aa17f34c1260a162ba24ea17abe,Agent,1.0,0.0,1.0
3154606547,b9d5f58a6cd7fd7febe76deca042168526aa2c59,Human,100.0,44.0,144.0
3154606547,bc034e3dd040bfd66bd429520ee9c1501cf88492,Agent,297.0,1.0,298.0
3154770102,0664bf9bbdbb38c40a60d073b184b373a407f9e2,Agent,101.0,2.0,103.0
3154770102,213a512c8fa8d75be30ea153e61289cc2768ebc6,Agent,19763.0,7.0,19770.0
3154770102,2189458cdfcaa6e7cd4c39277b762a1712acb47b,Agent,72.0,14.0,86.0
3154770102,2bae5d0ee6a4df37b611eb0505a0cf85db13f0e0,Agent,413.0,424.0,837.0
3154770102,2e727893a1becb532b307f97bf1bc2597d9f567e,Agent,419.0,34.0,453.0
3154770102,37abb32e38b44b04692690dfc3f406e33c0573d4,Agent,476.0,22.0,498.0
3154770102,4400973bd6a7f4d88542b607bad0fa4e06750b3a,Agent,247.0,0.0,247.0
3154770102,5978caacbda7788df03c4594cbd39227308fa2e6,Agent,89.0,10.0,99.0
3154770102,5c86bf749dd5d3b26b3fc37dd0cfec6cb1e4e0d7,Agent,87.0,87.0,174.0
3154770102,69f4a6bec57ccbf3833a1e89ba742ea6f2432561,Agent,3.0,5.0,8.0
3154770102,79789393fa3583aaa3bdc044747aa6ec4c999634,Agent,0.0,3.0,3.0
3154770102,960f0ebc2e6a5711f9c21f647498ce1c530c1537,Agent,146.0,5.0,151.0
3154770102,a7069265f237580323b32e04534daa086d4bf9db,Agent,57.0,2.0,59.0
3154770102,b441022f11284ab587ba97876f66ece10e06c34b,Agent,311.0,1.0,312.0
3154770102,ca19cd7124de1dc9dc6a18dd9c8222c047d5db72,Human,273.0,54.0,327.0
3154770102,d65993777d1bbaa3cc22a2719439752e5986fc9e,Agent,601.0,35.0,636.0
3154770102,de5faf17cd02353b76c7d74c83f6f0ddd1e90aca,Agent,218.0,88.0,306.0
3154770102,e2a6f70cd1b68379e76a962f04505ea3288b1430,Agent,483.0,6.0,489.0
3154770102,fb7904922b18c5e7b9cf163f4f77adce2c764588,Agent,5340.0,26.0,5366.0
3155923412,04a4b0f6a7b6480d9b0e06d143c8111d075efee9,Human,4.0,9.0,13.0
3155923412,2b1d78cd182ebbf778fe4c9da9b14efdebdc31bc,Human,8.0,2.0,10.0
3155923412,379703b651b8140e7d33f440d64ef409ce4bd460,Human,4.0,7.0,11.0
3155923412,3c797ca1892ec60773156f7b1958cc1da0044cb3,Human,321.0,2.0,323.0
3155923412,40880bd808c2b66e3d2b37cd7850551c40e4e2f3,Human,222.0,135.0,357.0
3155923412,40ee38219fbdc4173b06202ab003249c3a33fec4,Human,2.0,2.0,4.0
3155923412,4f44345ab78dfeac94c96b26cef2b25cb06df20a,Human,253.0,54.0,307.0
3155923412,595e5d9599a8528e636103c0400fbc89e2adf7a4,Human,127.0,1.0,128.0
3155923412,5e029655485e3050c340e4224e276a49570ecf0b,Human,13.0,130.0,143.0
3155923412,6671f7e047696127551a72dae2990b31c11ad3e2,Human,2.0,2.0,4.0
3155923412,66986453936f014e13027721b6d5f0e07663c1f6,Human,18.0,0.0,18.0
3155923412,7a16c77cbdc615ff0bed3246bc7652f41c9997b0,Human,45.0,46.0,91.0
3155923412,7a339da98c0bb46042553e3fadbb85bd03988dfb,Human,12.0,7.0,19.0
3155923412,873c821c9d4d7a04dda0d9f37a1768e96ed5489b,Human,234.0,87.0,321.0
3155923412,8f2a32453426d0fea3fa941d3186ea2fad837600,Human,302.0,240.0,542.0
3155923412,a74e4712409fbc3788a1c06923f4713fd2628091,Human,1.0,1.0,2.0
3155923412,a9dd079d28d99ec74de769496622631c21736af4,Human,32.0,32.0,64.0
3155923412,bc855a5c1fef85c41f809226711caf098f04d954,Human,5.0,3.0,8.0
3155923412,be2cf4b7d29d65ecefac84d94437e7fd026d20e9,Human,130.0,303.0,433.0
3155923412,c04e0b4e5f6e8d3ecb4a2525e16b30bb543fd0ce,Human,19.0,12.0,31.0
3155923412,c63f6bbf33056987c7d10a6c756260cb36075e01,Human,2.0,2.0,4.0
3155923412,ce919f05044ec4d47028363bace8fe929d04ef0c,Human,1269.0,4.0,1273.0
3155923412,d9f86c1245442bba5d5a33c8f123a0d70773d7bd,Human,2.0,2.0,4.0
3155923412,e114993759eb442c8747dedd07e25ec1c90c50b4,Human,0.0,3.0,3.0
3155923412,e438a32251268e8e70ccfbc347d54a54c7f730ca,Human,1004.0,31.0,1035.0
3155923412,e5b5bf662fdfd84143a1ca6ee16725558d39fa5d,Human,60.0,10.0,70.0
3155923412,ec0eaa336571a4c2c5bdb265794cca3e68ea9480,Human,32.0,32.0,64.0
3155923412,f01d945366ee1ee9d7233d0b9228a105bc63d57b,Human,21.0,10.0,31.0
3155923412,f8b8086050f39e29b4d1ca6e9511f48650914145,Human,29.0,13.0,42.0
3155923412,fc89fd595acc224ada19d110721507abbdce75ad,Human,1801.0,1598.0,3399.0
3157555145,20f656771cff481fcadbaf0a2fcb06b44f1deda3,Agent,3.0,41.0,44.0
3157555145,408078944a17ada0213dd7195cf372bcd55658e5,Agent,122.0,2.0,124.0
3157555145,4a0f889306d53f6f0e47038572d5628a6215a3b2,Agent,14.0,0.0,14.0
3157555145,9a3f8c651dda8f0c9d7b44f5ee97a22cbd3d6211,Agent,96.0,99.0,195.0
3157555145,cf375689fbc2bf28da0c9ab7817e672c22d4e465,Human,43.0,9.0,52.0
3158034133,35b243c00cc18d9ae4bd21b35962b10ea0fb59fe,Human,2.0,4.0,6.0
3158034133,4c990ab2f1965032a29d8e16ee285f0ea66a17cf,Agent,16.0,10.0,26.0
3158802702,5b7da8831e87146fb4bc922552936d9cc9f1b16c,Human,143.0,130.0,273.0
3158802702,7b8956774c835cc7d6c8f4f3300e76e44035c122,Human,4.0,4.0,8.0
3158802702,b667da49d961e95728dab7b7bde04e811cd19c8b,Agent,1699.0,6.0,1705.0
3158802702,c6d9915f7a75a48ced8cfcd69e2a4af4bcfa366d,Human,1.0,12.0,13.0
3158805389,04ff9455528c034dcac0800ad7b350300ff90391,Human,3.0,3.0,6.0
3158805389,7567677629b759ae86b8ab3bf3b08075a851e685,Agent,62.0,31.0,93.0
3158805389,8a0b2f5de9325ba08f754fb1e8eff5fa69625554,Agent,24.0,31.0,55.0
3158805389,8fd347c6118f8d3746821e7e17d02803d3465b27,Agent,592.0,4.0,596.0
3158805389,a54c594897425207abafbc414828dbf769503a21,Human,0.0,250.0,250.0
3160653118,18322e8f86f318e23bd541f48c4f4df319c5c1ac,Human,141.0,7.0,148.0
3160653118,982bb3464f64e1d6957aeb53db6b967e82cccf0f,Human,194.0,28.0,222.0
3160653118,abde622e6ada79ed653bab55b70ddb81c4eb9142,Human,13.0,0.0,13.0
3160653118,b73ffc5e5e54be8253e222a254743f4b424d9ca2,Human,3.0,3.0,6.0
3160653118,bb3a2dff762a99d115b1b7cdf1c6db0d9a4f140e,Human,43.0,3.0,46.0
3160653118,ef2b2f47b289f18264824678a906ccc036ef8876,Agent,605.0,1.0,606.0
3161009617,214254e75a664d8f92a1bd4ad12862cfa85231fb,Human,0.0,115.0,115.0
3161009617,4cdc9f36b9bcf76dda28c0f9e1039200e8db59d2,Agent,1.0,1.0,2.0
3161009617,547d9d8657d6df16b666b8dd5fb706267526d821,Human,18373.0,0.0,18373.0
3161009617,5b485ddd95e3a0e90e3799e38559a205d2379c71,Agent,1.0,6.0,7.0
3161009617,778cc8cdc9c01e9ea0bc6c13a2b1ab3fa0f1ac3d,Agent,5.0,11.0,16.0
3161009617,a563515853940cad692f00b929d86df80fc5b2cd,Agent,6.0,0.0,6.0
3161744251,2022ddb2647be73d47c18fea8779b7a682a3a179,Agent,3.0,0.0,3.0
3161744251,57f53c7867866f9d91ebadf514e3bd58f31916bd,Agent,0.0,2.0,2.0
3161744251,646f1e3c18cb8b8ac7cca83f59dcab685b69d1fe,Agent,25.0,27.0,52.0
3161744251,930be9189cb6b55716970b799bab734839ccffc4,Agent,14.0,13.0,27.0
3161744251,ab07b55b2277f6e68e8f8c4fedaba72458e86197,Human,9.0,9.0,18.0
3161744251,eb83dacdd3897dfbab0d01bc754d9b151a944873,Human,9.0,9.0,18.0
3162263131,0b9c731881c49c9885cb751c1036a3139649c431,Agent,42.0,2114.0,2156.0
3162263131,0f1d1a6e27915ea2903d5df38a1976bf9dae487c,Agent,145.0,16.0,161.0
3162263131,13e60d7824668d6067a30411c85d2e374602adbc,Agent,1.0,1.0,2.0
3162263131,353d350e7381c2784bb3214e78c82a061c84dce4,Human,35.0,1.0,36.0
3162263131,3bc6f0b9d649ed0f068b983d3029f3a3263c9585,Agent,1026.0,72.0,1098.0
3162263131,3d46fc8a1829462b490503a4595bb5e4ab04a189,Agent,690.0,16.0,706.0
3162263131,4c88c6119e0de4bfe6a88eaabd2b9b4b97131b1d,Agent,1.0,1.0,2.0
3162263131,a05695ff7b37d79fdd02822e75a885df5ec42c69,Agent,452.0,10.0,462.0
3162263131,ce1e118c91e11fa346cdbff1f5a91313a8cd7ca3,Agent,99.0,2.0,101.0
3162263131,e09fea2a6c8e6a6882dead4be029bc88b81657ea,Agent,219.0,79.0,298.0
3162263131,fce6295c58bd6690c175848322043138132cdcf1,Agent,51.0,27.0,78.0
3162263131,fe3f607e3355dff8602d3b563f683173ce420639,Agent,0.0,8.0,8.0
3163415789,1331db2b8a3c1464edff95e89f6b6485b991639b,Agent,0.0,18.0,18.0
3163415789,1363e125ef9462331923f5af5896b99e477fe87a,Human,7.0,0.0,7.0
3163415789,277fa135965371e020b404b09e03f1662b4409ab,Human,0.0,7.0,7.0
3163415789,346110d58672a65f2d4cdcf2133b21ee5ce00cb6,Agent,33.0,0.0,33.0
3163415789,34ca181406fb6c261ae77f236f35eb7b4b8356ec,Agent,0.0,9.0,9.0
3163415789,5cfbe0580f8dec799826d2e93fdf29a7dd4401a0,Agent,54.0,0.0,54.0
3163415789,5d4de43e98351ac04ba20615d454163a95c20db9,Human,6.0,0.0,6.0
3163415789,5f2eff21c9023a9d65b17e2478d33d1c9840c2a5,Human,2.0,0.0,2.0
3163415789,79150e71ae746b86c9ca40f90aa15f4502fe30b2,Human,9.0,0.0,9.0
3163415789,7c6208b23dbf30d6fc5ca62c1de51f26c38a3cff,Agent,1.0,31.0,32.0
3163415789,86fb53a4b77dd9f328a2c1b89f69eb43a62a8b3f,Human,9.0,0.0,9.0
3163415789,87d9843c93bf5eec068b3d1906b0763366c97f11,Human,15.0,26.0,41.0
3163415789,8f74e91a457485bf79604b4b6cb772d0879a213e,Human,2.0,9.0,11.0
3163415789,92c861f0924dba2723b6f70e7baad796bd613d09,Human,5.0,5.0,10.0
3163415789,9c0ce0bc1826902d38b82fed4c3700ab7a66eaad,Human,44.0,35.0,79.0
3163415789,bfb2338e9bfce4c4451fc1374ce09ddc3d19d65c,Human,1.0,0.0,1.0
3163415789,c2f45f265cbeb25829fc1ea0fcf5f7bced56618c,Human,6.0,0.0,6.0
3163415789,eb66962c596d7566d050a2e1bf4bec5313b0446d,Human,5.0,3.0,8.0
3163415789,fab0ef55835da476368a8381fedf4101b696a358,Human,14.0,0.0,14.0
3163786071,300167e532bb8e747a9bac02c66bf60327a213c2,Agent,0.0,171.0,171.0
3163786071,3434125cd4c17127c232c2d3d49d657559bef952,Agent,5.0,6.0,11.0
3163786071,517f1939473fffed2fc5a43b377657f3f38afc10,Agent,98.0,94.0,192.0
3163786071,9ba9a3d9dd0780a915b733c7df28d6e95cf194f9,Human,1.0,24.0,25.0
3163792029,0611a934e2ef8f398940095f87f85344001ebb46,Agent,1.0,2.0,3.0
3163792029,161999bf34bebba68438db0b4cc0b8625dee9117,Agent,25.0,14.0,39.0
3163792029,2976557cf79e2c631f95c8a2aeaa56b34b99480d,Human,1.0,1.0,2.0
3163792029,3fb4ce3dddc427f152be1a89d80dd01a4725ba12,Agent,22.0,28.0,50.0
3163792029,4c1ea4ca9d6054411bd792bd6ead0fb325400ace,Human,21.0,21.0,42.0
3163792029,8f89249c76cab1d11c6f3a7295211945934f8bef,Agent,174.0,1.0,175.0
3163792029,a3ff6ecc9a36ec57737ed3ca4b0a135999994bda,Human,1.0,1.0,2.0
3163792029,c0948f3cf0b4ad82510d54e03d323d3294af73b2,Agent,10.0,45.0,55.0
3163792029,c3f48fb3adfe58b6267cfe2b8da1e5fde3d84c3f,Agent,3.0,1.0,4.0
3163792029,c88b8475a38761784d386bbdd7027b80724c1e25,Agent,25.0,2.0,27.0
3163792029,d0b89ef788754ec590736aea33c1fbdd8a8c702e,Agent,1.0,1.0,2.0
3163792029,eea40627f6e4cc43b2fb6b79f00675b7dc547a09,Agent,1.0,0.0,1.0
3163792029,ff43bd0a36e1f83135ddff4492902de5fd8ca882,Agent,14.0,45.0,59.0
3163863050,230c941c0bc2a1e88cff99bdc1bceb286b904217,Human,36.0,53.0,89.0
3163863050,36eb19fd6c87d15b78d72212c630e8fa99fb2464,Agent,8.0,0.0,8.0
3163863050,526544f315ae90871d2e2b9bfb52b1f84bd30a70,Agent,31.0,1.0,32.0
3163863050,529ae9d10099af46bb98c1f4a05ba71077499ac0,Agent,51.0,81.0,132.0
3163863050,76623a8a394aa6e836428f329e580f0a84233a6f,Agent,50.0,40.0,90.0
3163863050,90ed9efc33c9f047a030b4e8a745f4838336c88e,Agent,201.0,0.0,201.0
3163863050,d42a72cc6dcb8cc479c983a8029901db947ac50b,Agent,126.0,12.0,138.0
3164019328,130d6550074d57dd34e6fc9bdf58709a5f1d266c,Human,4897.0,2299.0,7196.0
3164019328,2737287d45c6f088208407e818ae04eca9525c84,Human,4218.0,19.0,4237.0
3164019328,27736ab39fb5248c0275dfe43074e78e7f5ba71d,Human,349.0,70.0,419.0
3164019328,29f7fefa2cc09be7e61513e0cec0579d9a029028,Human,968.0,318.0,1286.0
3164019328,35453e1ed2f0a0b17e5261e106f2473baac7d81b,Human,168.0,170.0,338.0
3164019328,3570be08a90588083202d0ddcf5b6f913daa6245,Human,331.0,192.0,523.0
3164019328,4712a1e273dcfe9b0681000eb8f8dce60b3568c0,Human,274.0,192.0,466.0
3164019328,49cd32e6994a46ed9bbec012b6b21ae378dbf7a7,Human,181.0,121.0,302.0
3164019328,6c69c88b7a7f55b950b91f3333589faa5307ef79,Human,447.0,1.0,448.0
3164019328,707d9bfafdd81d719daabe509f30805936011a1e,Human,329.0,173.0,502.0
3164019328,71d05a6345a06b7ce052f91e44179d44dd42cf26,Human,47.0,45.0,92.0
3164019328,72164c2925cfb70be6bd79190f5fe62343b37877,Human,1.0,1.0,2.0
3164019328,7d45f08953118f74066c9dece35b2a01a2b77642,Human,454.0,241.0,695.0
3164019328,84e8446a53af1accb3a39d51db939f884f4eb06b,Human,102.0,67.0,169.0
3164019328,881065a654d07def3732a1aeeb5fb2c1431709af,Human,2790.0,1053.0,3843.0
3164019328,896da60efc0d7010caa92556f85136f8701ccb45,Human,4180.0,62.0,4242.0
3164019328,8bb3d5ce28b26366e85c56fcfacc3be3dc0e357c,Human,1.0,1.0,2.0
3164019328,92f6744555a14d2153aa67d5da3a5a16891606ac,Human,2003.0,124.0,2127.0
3164019328,9b87bc53595d49709cfd81c07800937ef6145355,Human,249.0,56.0,305.0
3164019328,a5abeae150bc91eccbfbc070fdc8c2f499f2e8b5,Human,1448.0,1449.0,2897.0
3164019328,b1674f2f68a862719ef31be81ee47f096af8b05b,Human,235.0,35.0,270.0
3164019328,b8510e8edb2755e9df39728229d7dccf69b00755,Human,790.0,97.0,887.0
3164019328,c94d28496a866a7dd86c5f49eb390958f8116593,Human,46.0,32.0,78.0
3164019328,ce5e16e8ae94510f5fd333a600664cc518de5539,Human,497.0,224.0,721.0
3164019328,cfddafe7e528e7e1016757f4dacaa2a4b107fb4e,Human,1632.0,114.0,1746.0
3164019328,dac4cbe32c8d19fd0956f7a27558472802744cf1,Human,1.0,1.0,2.0
3164019328,df25161fa96593e226565d66096f6e545e7baa3d,Human,541.0,470.0,1011.0
3164019328,e186a5ee2cef06873a07f54ab9f6998e19d4f665,Human,1.0,1.0,2.0
3164019328,f90d3a9abc1a498e466621523046ddf4abf7b6ad,Human,896.0,2324.0,3220.0
3164019328,fade826106bf018e2dc48e82e49eea39f31be945,Human,5.0,4.0,9.0
3164619696,0c9db5e53be27c48ced60d640150d62630623bf0,Human,46.0,69.0,115.0
3164619696,11bf93d74a03d3db2a0e9005d92008fcf989df2d,Agent,41.0,48.0,89.0
3164619696,1669145be8ce4922ab99772cc0d1907d9178c277,Agent,29.0,44.0,73.0
3164619696,5c5deb7fa66c8baf2084a786a1ee8911259d2d1a,Agent,10.0,12.0,22.0
3164619696,6d1cccb15e974e3608c44013317f1bde8858431a,Agent,2.0,27.0,29.0
3164619696,7a389f38e433e6729d6e29743b6aa107caf8e927,Agent,54.0,52.0,106.0
3164619696,a24c5eb12da4c6b81a58573ad5404a1c1c13bfb2,Agent,41.0,36.0,77.0
3164861006,0f4115f82321d1880b9d09f304a9dbf58c99fd64,Human,60.0,60.0,120.0
3164861006,2082fdf3a61a0df031c1334e88403faf05e35a61,Human,0.0,1.0,1.0
3164861006,4896b9ba9309346b9e9d30a9fa898225a8e3efd8,Agent,605.0,6.0,611.0
3164861006,5b0dd953c03ad410faa42e0c2f905c7ff4e8d065,Agent,7.0,456.0,463.0
3164861006,7d2b0716310d97db4ea9e6f44b009ddabd2b85f9,Agent,1808.0,4.0,1812.0
3164861006,87410eba91a206e180a342234548d25556828275,Human,184.0,232.0,416.0
3164861006,b42bb48611c8e33b4570fc3189216c7a520139e8,Agent,664.0,0.0,664.0
3164861006,d50c41d0639eac89b4f1a74c87373b96a4545bf7,Agent,297.0,2.0,299.0
3165382142,089f0aee886f1ef1a93602e4df8010e3e98ad3ae,Agent,9.0,7.0,16.0
3165382142,542ef925062754b8c9c609cea828cc87c69569bc,Agent,2.0,2.0,4.0
3165382142,58c80aacf828f546dbb3415a94ee7426bbbbc62e,Agent,6.0,0.0,6.0
3165382142,60199301eb78ef835deec3c1f521bcf2c874fced,Agent,19.0,8.0,27.0
3165382142,e8d62be8eaab8202df9e8acdeeeae80d31def216,Agent,3.0,2.0,5.0
3165382142,f5e4fad958ffb69017f3d36a0520166a1779c739,Human,1.0,2.0,3.0
3165677582,1a20ffbd7b53dfed7e6fd72ad771f8fc488d19c9,Agent,2001.0,679.0,2680.0
3165677582,98a0b34fc8210c8d5cfa520cb0b9a9c03f131a83,Agent,195.0,74.0,269.0
3165677582,9a9c7d67418632dcdc60cd6dc156719c6baaf8e6,Agent,20.0,58.0,78.0
3165677582,bf509faa1f9aeaf832a0a80e2d111387631fbeee,Human,24.0,2.0,26.0
3165677582,da64038bd8f5c8557d8a627feecba923e01cf682,Agent,255.0,474.0,729.0
3165684483,313c4a0af946c1dc9cdd102250bf28b263d70074,Agent,85.0,0.0,85.0
3165684483,407fa84453796307a1d6dc879b3a00ee22925043,Human,21.0,21.0,42.0
3165684483,426a22d0a27e511613907b570432e736f065c5c3,Agent,390.0,12.0,402.0
3165684483,6a7c55927ea66589578bc48cc9fbae5fe5687351,Agent,1.0,1.0,2.0
3165684483,76766a6ac38e309f6e5ba2f5d72a8a1b807a46c3,Agent,31.0,49.0,80.0
3165684483,85f3574dc0ac47dcf1100172f9d4e699975ea298,Agent,232.0,281.0,513.0
3165684483,a30b2cf341abab8b11a4ba2ae63fde9cce8ab5a2,Agent,136.0,0.0,136.0
3166380013,1e746ee782fcdca14aef5404d8a569ecc697a7bc,Agent,92.0,0.0,92.0
3166380013,1ed7d2a61ef7c56ef69a594c40008c846e5656fe,Human,94.0,51.0,145.0
3166380013,29bab8c2249870e63a048797ee9021a5e760d468,Agent,2.0,0.0,2.0
3166380013,9e581165e2a887f719af7e573fceae2d1eba0bc7,Agent,15.0,3.0,18.0
3166380013,a1206324d2eb4fa76340c6469ed31db968e85f76,Agent,105.0,4.0,109.0
3166380013,d84c42c4effa8241a13c5f4f96f02f218c15233c,Agent,21.0,6.0,27.0
3166710563,031de78c3112a8f9f30c659cafc60b182e8a7391,Human,9229.0,722.0,9951.0
3166710563,1e8b413591092a4d97f31965db73e593f192b90d,Agent,257.0,0.0,257.0
3166710563,30f925829ccebe5fb7bde9b64094f547ff4ad4c6,Agent,0.0,13.0,13.0
3166710563,35fd86d6afdedcdc98a2eb60284e4029116adc03,Agent,49.0,251.0,300.0
3166710563,3f099e18cd32a39577b06c24bb6f5ab0eec2b354,Agent,276.0,3.0,279.0
3166710563,427bf63bcd37543984b7a9acd340e4eb9aae8d7c,Agent,19820.0,0.0,19820.0
3166710563,92a56cccfb4352112c022c642c5dac32621cbd99,Agent,441.0,41.0,482.0
3166710563,937e65c52285fe7205f3af84db5856378c98631b,Human,0.0,7841.0,7841.0
3166710563,f92febf2f995e7ca3b84cd82016240f8d94c03d7,Agent,13.0,579.0,592.0
3166720968,45f0515a84453b46b79087418cd82cde5e5fdf91,Human,14.0,0.0,14.0
3166720968,465aabfb7baffe4b12fbcb86c51dc8a23697a7db,Human,37.0,1.0,38.0
3166864631,0c6d23c460ef06089b78a3033f6e6b3be3966caf,Agent,34.0,6.0,40.0
3166864631,30f00306f1f5005efef72a2291d3c442f0385d79,Agent,35.0,36.0,71.0
3166864631,3810b13a4508a11e25db6cb1df2e2d8fb9f09170,Agent,545.0,43.0,588.0
3166864631,3ab0f57dc6fa1857993df691fc07a9d5dce1939e,Agent,43.0,1.0,44.0
3166864631,6e1487ec8339b35125110736d5ac5e286ebaf9fb,Agent,4.0,14.0,18.0
3166864631,82877d05e453842ea686a3e846dcf92bcd176435,Agent,73.0,42.0,115.0
3166864631,8a037410fe94158cf1d88628aa7410d9bb7c6404,Agent,233.0,14.0,247.0
3166864631,9444414985a3e979373064aa01007ebb6321801f,Agent,145.0,4.0,149.0
3166864631,ab61f2369ba0935e3c30e3b80615d792d4c1e94c,Agent,160.0,135.0,295.0
3166864631,ab7f3bc716aaed6a932df990a54089305619a7f8,Human,63.0,6.0,69.0
3166864631,acfcec5a4f52c9654578a640d3cc38df0a00ed25,Agent,28.0,98.0,126.0
3166864631,c2def9bab0bbf34d199040ff700178f3b38c6b4b,Agent,94.0,38.0,132.0
3166864631,e5d8020b552c1b8d9b879e0d032683b6b4c2d415,Agent,70.0,1.0,71.0
3167223032,07e981f196ca2c9e19289c53aba7fd0e50c56eee,Human,37.0,21.0,58.0
3167273719,02ccb955208eee094b6b256fb9e225bdbf375372,Agent,729.0,110.0,839.0
3167273719,114d0068d0caf35cd4db3b8f70378b07d8c4a379,Agent,10.0,10.0,20.0
3167273719,19c5ab22e393cb059e0546c60fe0b04cca61f3d9,Agent,18.0,22.0,40.0
3167273719,30441585d643c6fbbcd73dbd0abec956db2b4c7f,Human,30.0,36.0,66.0
3167273719,33fb280ac219dc1544cb5932d5291cdced669b47,Agent,103.0,0.0,103.0
3167273719,753eeef322bc04752121f8f66fc3b4bf04f2fc37,Human,65.0,71.0,136.0
3167273719,80c74f0e9af8d6b7cd42c517d975ea4688985565,Agent,9.0,5.0,14.0
3167273719,93cf328797e7273f4d4de9ebb2358a4b66e353b3,Agent,284.0,35.0,319.0
3167273719,9bb0ee6bb19b76f8437525b1e6b116c19ed90948,Agent,583.0,16.0,599.0
3167273719,ae61cb6661e7cd237a5e9f3797b67410eba1be73,Agent,215.0,24.0,239.0
3167273719,c7fde97e07b6972598fa60be42bbd12eba9d6f8f,Agent,3.0,448.0,451.0
3167273719,e7190c9a172abcc397fa2d0bd097f53bedd9734e,Agent,615.0,66.0,681.0
3168623396,06e9214240ba3cf3c9ddcbde221a96c74f801d16,Agent,5.0,5.0,10.0
3168623396,08444adcebae71c3d34cf6bb6c9bd36329f83118,Agent,8.0,23.0,31.0
3168623396,09958c1e36212fd72f45f4c0dbc9265975675290,Agent,1.0,9.0,10.0
3168623396,2fd682148d26e2f95f1bf88b5e90e6155f390789,Agent,5.0,2.0,7.0
3168623396,3c06996a851ea7844cbf8ecd455fe20e44b517ac,Agent,64.0,25.0,89.0
3168623396,4b1ee8175238846c15ab354792e530968885c86d,Human,2.0,2.0,4.0
3168623396,4de22d7eec1c53637e165cdc6e151805aff329e7,Agent,29.0,33.0,62.0
3168623396,646d06ca173e8f4ee6900bd1c37c4e721b44eb25,Agent,8.0,8.0,16.0
3168623396,67d06d05f625f67d0eee1432c03dac092efb5a05,Human,3.0,0.0,3.0
3168623396,688584646326afffb1edccaf024602d1038661c3,Agent,35.0,8.0,43.0
3168623396,6b402058aea76e776a48995512ec62c83016b1d2,Agent,17.0,16.0,33.0
3168623396,70bbea672eb6723eb743b3fe1b75165cd5579017,Agent,5.0,1.0,6.0
3168623396,7bc298b1bc71f52462f2f46190185277085ea0db,Human,16.0,12.0,28.0
3168623396,8f1ac3d8a7ed5504cb7a073e5b4ad6b5e1127fb0,Human,34.0,14.0,48.0
3168623396,91b03c646adfb5c99b95ffb47663c51ee9fe60d0,Human,2.0,1.0,3.0
3168623396,97c8aab8a4522c56d923311f749d217f6addc2fe,Human,1.0,5.0,6.0
3168623396,ac1b8b4f715aa719856a7ae5761b22a1a770b4c7,Agent,18.0,2.0,20.0
3168623396,acf108b53f3fb429dc05fca1801c99ea947abe64,Agent,1.0,1.0,2.0
3168623396,ba404074de86f7e9ab6cf003b80620d88e63533f,Agent,21.0,22.0,43.0
3168623396,bff1f7e6cb2b2614fd4fae9ab0a48db04e6a6c44,Human,13.0,4.0,17.0
3168623396,c4ad676a9d3644dbd1d83bced0ced8922f370ce0,Agent,1.0,4.0,5.0
3168623396,c6ccb67b1f40d5bf799956e87193f0401eec6992,Agent,83.0,16.0,99.0
3168623396,c916f05cc9b210453f36a620e9b71fe79e652f99,Human,19.0,19.0,38.0
3168623396,ec3b179ecec9ba1075650d22e6c089941c13a69c,Agent,31.0,27.0,58.0
3168623396,f956dbfa7be031b011319b9c9536f061c567f409,Human,5.0,21.0,26.0
3168623396,fc4e4ac84bb320a76f06910773088ef96f75019f,Agent,17.0,26.0,43.0
3168626948,14ad873458ed70ee0223224ff633bbdcba7a7c22,Agent,66.0,3.0,69.0
3168626948,15e6d43cfd9173831817d84f39b9676f8994e4fe,Agent,4.0,3.0,7.0
3168626948,1f70cc1411f332e32b9f83b86ddaf85414cac295,Agent,3.0,3.0,6.0
3168626948,25b89ba9fade3a6457fa26367de966a29ed8599b,Human,22.0,67.0,89.0
3168626948,3eae0354c5a76b8920b3ce517229d9bb377ce332,Human,13.0,7.0,20.0
3168626948,438678ed5569241d333dd9b02d583dc39939dcf0,Agent,3.0,43.0,46.0
3168626948,666fbc7b60f4c0e32e2c2b8d6345fd7c5e036df5,Agent,4.0,4.0,8.0
3168626948,77b970e340c6fc2fe5224883a55c7a479a01bfb4,Agent,45.0,3.0,48.0
3168626948,8b771609c763505a9516405f18395b2345568c9b,Human,3.0,0.0,3.0
3168626948,94e450fc954bc293ec1a0036a4c7b36a220ac233,Agent,1.0,1.0,2.0
3168626948,d61b8dfae2d5143a84155b5970b57aa01f718064,Agent,1.0,3.0,4.0
3168626948,dea32af846d6b37c8cdb864c33602b47c24b26d8,Agent,4.0,4.0,8.0
3168626948,df58d6a1a11af40f9302f41c0a69107917d0f8c4,Agent,64.0,25.0,89.0
3168626948,e4d7927a5c4133739a12420425d2892824a08907,Human,5.0,1.0,6.0
3168626948,f35594e17fa5b9f54a493746ec16edc5485fb7a7,Agent,17.0,0.0,17.0
3168626948,f5e45732f597f40263cdf66537a051e92a7b3ae8,Agent,3.0,3.0,6.0
3168626948,fe5b2f56a67765730ace813c47b5471dbcd414f5,Agent,4.0,5.0,9.0
3169142518,47074d71bc5afe671d592e7aa4638287e01a0cd3,Agent,249.0,2.0,251.0
3169142518,60de9bda7cd676e990db08639682ac033d30f35a,Agent,5.0,11.0,16.0
3169142518,67983ea79629c8fb89069785ef9d309d8f2ed29a,Agent,272.0,0.0,272.0
3169142518,77a8a6d2d3c236a4095ab92c1b89afe2905b8e05,Human,4.0,4.0,8.0
3169142518,87f40516102bc57d79ee1847713c62a8a52b238b,Agent,1807.0,0.0,1807.0
3169142518,caf802fd7b888f3b78ea684211c01f770c6f2626,Agent,2187.0,14.0,2201.0
3169142518,dd65445af231d6afe0304cc3d14fb8b9e8f496b8,Agent,55.0,14.0,69.0
3169187477,13161050b05a217ed8fa0bd2c713acdaeba89a96,Human,16.0,44.0,60.0
3169187477,8b8c80586208910530110e5ec9307ecd7d9f4231,Agent,1.0,1.0,2.0
3170282540,496514535c1fddd9c0746fab3f33eb7b7ef2a38c,Agent,51.0,0.0,51.0
3170282540,5f3f321ced1f831b4cc2115d62eaa5f48d530f48,Human,1.0,1.0,2.0
3171974887,0782de08ef84ff40f7cdc3e6f9f68ddfaecdbc95,Agent,6.0,2.0,8.0
3171974887,85b94a0fd329e3121cc9bc127f306d6c948d05a8,Agent,5.0,3.0,8.0
3171974887,92ec5990d2bfcbe23694e538725957dc0a8cff38,Human,5.0,17.0,22.0
3171974887,af4f66dc6711e594ef97868820ceee75a1ee6d11,Agent,48.0,7.0,55.0
3171974887,db66e6bda4bae12a4ce94cf2226023ad34ff552d,Agent,42.0,16.0,58.0
3172063081,38700ebf1e180107d9e37c7201e6ba6a55384ec9,Agent,2.0,2.0,4.0
3172063081,72bfbc2c8e7468c952ce24d77e90c9988d7c29cb,Human,2.0,3.0,5.0
3172177351,d8434dce3c55ae96e1a55a492b5bd1b208f4548f,Human,77.0,3.0,80.0
3172450803,293c8d5b5ea43976bc64beedd26925d618284fdd,Human,1.0,1.0,2.0
3172450803,dc9c89780aa31a6584db4cd8b4b4b2a6a0bce5f2,Agent,311.0,4.0,315.0
3172635187,0b3bf33a8eaabc4bc8b0887c8b21cb98d3c9b029,Agent,12.0,44.0,56.0
3172635187,237579e33ffc0aa8bf1375aac6c05da1dfec582c,Agent,199.0,112.0,311.0
3172635187,2663fe71d74e104eee1b408457a3254c18bddf0e,Human,125.0,125.0,250.0
3172635187,2738f69f57eb34be261cf5cedf79b44196e6dade,Agent,78.0,32.0,110.0
3172635187,6fead4671cb1cb11f5d303b34c9f16851185a14a,Agent,586.0,0.0,586.0
3172635187,88c9bfa63906667163b2db9da41ac97018e0cd10,Agent,1.0,1.0,2.0
3172635187,8f3df0254408aead0cfddadbe78e530b160675ac,Agent,112.0,100.0,212.0
3172635187,957cf79304a041ec6506fd06bc24c0de59da2a31,Agent,5.0,2.0,7.0
3172635187,ce30fd05a98d0dc0605cb370b6fde0f48b8aed8c,Agent,3.0,0.0,3.0
3172715399,560889f3f0b4c5be702168600d6732ee43945d69,Agent,51.0,60.0,111.0
3172715399,bec299cbb145ff0a0eaf2e4a84b20ed503507486,Human,0.0,6.0,6.0
3172715399,cc068c122c1b005b52c048f4c4e42dd6712932b9,Agent,6.0,0.0,6.0
3172715399,e7c9eab35df394965d15aad6d3db28e8ea83e1e4,Human,3.0,3.0,6.0
3172928859,0501138f0ed06bae5b64585a3006bd9051554253,Agent,311.0,4.0,315.0
3172928859,3305ecc39b158f3456b55d251bcf612cdec70fd1,Agent,132.0,19.0,151.0
3172928859,54f2a37e80ecb340f21f90f2c1c5ab03e027ecd1,Agent,62.0,248.0,310.0
3172928859,7bb839bdfa184e9f0342529556b3810554a01665,Human,17.0,9.0,26.0
3173233374,139b7a12a6424a007db12faac71bd1dd4fba211c,Human,47.0,9.0,56.0
3173233374,273b8b421ff22a22e131c5ba1a0822d05e79148d,Human,299.0,0.0,299.0
3173233374,38435689f572f23a476c0cdfcc3332a2e5e7074f,Human,2.0,18.0,20.0
3173233374,3b8b4ced61842058baec554f4a3b97c5c6373444,Human,372.0,6.0,378.0
3173233374,3c1becdceb1c60b2efb9717071ebba1248328ba1,Human,194.0,37.0,231.0
3173233374,4c3d7e55babb6298d327fd06ee4a4cb9f09482db,Human,133.0,123.0,256.0
3173233374,52dc2d02a5cc22bb89bd606d6b4cf7beeec76c25,Agent,126.0,15.0,141.0
3173233374,5ba54ac0e9298decfc4a762b338dc842c40ab5e7,Agent,94.0,15.0,109.0
3173233374,61324642d3a462a910e7b22e2bf1633c6e9f3f35,Human,117.0,81.0,198.0
3173233374,67d03a3b21e57f8f861ccb8306096aad461c9b54,Human,313.0,0.0,313.0
3173233374,76bc95ab0b491ce5ec570597f2f4566d19049079,Human,14.0,0.0,14.0
3173233374,7d59ca2226fdc1ec89376368afcb924f344fae31,Human,35.0,55.0,90.0
3173233374,86cfe94ab7c33f6dc53dd58e1f9faa3cf9a4037d,Human,121.0,27.0,148.0
3173233374,896b2963171e291b1307bf5d725b3c03394218e5,Agent,118.0,0.0,118.0
3173233374,8bd6bb984fec06df12aed0b6d8c0969c5a53bd75,Human,42.0,30.0,72.0
3173233374,98ed4dd8dbb4f7c0b505da9c39bc7bad35b33f3f,Human,4.0,0.0,4.0
3173233374,bfde2c5e71147c590b6a47aeab888cc1700978b1,Human,30.0,1.0,31.0
3173233374,cd316284a4c5c1734075fca0837e3642b00f73ca,Human,3.0,3.0,6.0
3173269088,335bb2dfbd5ca11bace5c0bdb11add4ce187ee8d,Human,5.0,6.0,11.0
3173269088,85b20237e1632d42a0cea6bbac5ebfed7a3c9e9a,Agent,9.0,4.0,13.0
3173269088,cf2a0d643931e8866d7fd9245642a4854b885ce8,Agent,111.0,47.0,158.0
3173269088,d126cf202bc172a955fb43e663b3428adc41353c,Agent,43.0,21.0,64.0
3173280313,9973443861cda3f283b2ab2c35fc4917841ffb25,Human,7.0,22.0,29.0
3173280313,e6be655cdaabb86e789ff2ba638ab68565697567,Agent,52.0,0.0,52.0
3173280313,f9ae17fe30beb4bacac45cd1bc9b265a8bfbae7c,Agent,124.0,75.0,199.0
3173323784,f98ae63645cebb7f1e753072872432d0073bf1b7,Agent,192.0,0.0,192.0
3173323784,fa0725be4e14c4d99d51bd9160aa1e26ffb5fc39,Human,303.0,217.0,520.0
3173609778,00ced4251051071763b3a13608feabd35de4ef74,Agent,104.0,2.0,106.0
3173609778,01494c0733817578f8a51aa31bfb3398e816c3a3,Agent,148.0,37.0,185.0
3173609778,4aeef9e5c16a524ab2e1200c070a4e7b47ed358c,Agent,45.0,1.0,46.0
3173609778,7279d274f14c5a4eb7ef67a500f47ee4f960d0cc,Human,9.0,14.0,23.0
3173609778,7968ad59e2a4596098c61b6b9c5cc2edaf80450f,Agent,143.0,7.0,150.0
3173609778,a6272e5ed697c6fe28b41f105e6a3c0f7e440f96,Agent,0.0,139.0,139.0
3173751917,a44503ada72f0a60c4ea305abe16ebdd2269c809,Agent,135.0,43.0,178.0
3173751917,afef396d528ecfdded8dedc5fb3f255d1c470a17,Agent,1.0,1.0,2.0
3173751917,c3fd775c978eddc216d9681303d76574f2573937,Agent,97.0,8.0,105.0
3173751917,ea08f4bce317ea9f3a0d8288b4709cac3f95ab56,Agent,3.0,0.0,3.0
3173751917,ef66e8e0d40cf54a21d77656d4eeee27fe56e9a1,Agent,82.0,26.0,108.0
3173751917,f5ead9ba7376e5c6ffacfd14c3dd531f7e180d6a,Human,25.0,70.0,95.0
3173833658,575a71d15d9b32a35bbccd8263c42ab61bee8482,Agent,152.0,0.0,152.0
3173833658,d7ac5862764020e1b1d8090c9cdcc442ff386c6b,Human,22.0,10.0,32.0
3174428525,11c6a0f3c713ecc2e7d92df85b26a00d516a2880,Agent,1300.0,8.0,1308.0
3174428525,1fb80971137cf7bf03369f13e72b5f6aa7f9b7d7,Agent,3.0,8.0,11.0
3174428525,3ded5bdad6594809379136fca987f615dbdeda76,Agent,64.0,821.0,885.0
3174428525,52ca9916ab1be3909bd357cb0e83bfd09c612fa1,Agent,0.0,913.0,913.0
3174428525,53234e93657e5df1628ff338b0f13c424af639e1,Human,4.0,4.0,8.0
3174428525,60eb15d3c92151b17720e5fbe8eebd0b657b5b94,Agent,4.0,0.0,4.0
3174428525,63d207f0de1b538017160d3d09dc49e84251ea23,Agent,0.0,146.0,146.0
3174428525,7f99f403691ade7e7f345dbbad923227a61158ec,Agent,987.0,0.0,987.0
3174428525,9606891514eb8471b0d8ab3dd7c2b590580abae8,Agent,483.0,0.0,483.0
3174428525,a956a8c0f18d608c7d4bc3a746beb158569c581e,Agent,734.0,78.0,812.0
3174428525,c3dcf0efbb0c1529a4b264efe41cef2863044a64,Human,577.0,196.0,773.0
3174428525,c5649d544cdb208594d6e9a3a78e92d9d111775e,Human,9.0,9.0,18.0
3174428525,f0458214bb38608dd647324ee6ce477dbbe5474a,Agent,81.0,21.0,102.0
3174598000,5e79fe947298ca17329e27b30abd2a883dd12ca3,Human,175.0,27.0,202.0
3174598000,8d32395d9888d8390b436f015f2c4f979ae2c4c5,Agent,121.0,0.0,121.0
3174718645,03c047f36d361209bfa996186bf5a077ac6407a0,Agent,224.0,9.0,233.0
3174718645,22a7addc65b130ea1b180c0baca248b6565e8e34,Agent,17.0,3.0,20.0
3174718645,24c95a02b9753992fe12fbcffc2388317ac08f21,Agent,80.0,11.0,91.0
3174718645,34b89daf7cc840b5f0ae7d0f2d064ee4c7daa0c3,Agent,923.0,1.0,924.0
3174718645,38b0ad1a8c2ab7400c8831111f024f3d9de2d2fc,Agent,298.0,0.0,298.0
3174718645,3ff89603c155b86f93abf9f648a74bfdcc9485a9,Agent,559.0,103.0,662.0
3174718645,696c973142aaf30619e3dfeb0af0f0ed531b751d,Human,0.0,298.0,298.0
3174718645,70dd32096512f1bb300dbd1e330429de177aaf38,Human,0.0,7.0,7.0
3174718645,8470008b76520446959bce62489d8c138c288a86,Agent,1.0,0.0,1.0
3174718645,8ad83b340619fd50b8769cb672c266d87af462f5,Agent,2.0,5.0,7.0
3174718645,8d71ee31bafccf792aee021338d49989836aaa75,Agent,15.0,7.0,22.0
3174718645,906dc337002d81c6e0a8cceee4a74e97ed201a58,Agent,518.0,0.0,518.0
3174718645,9340714b59bdab1e3da679a8af509accfe1ec09b,Agent,65.0,17.0,82.0
3174718645,94108b25be5e09208aa1c0072a116d246aacf623,Agent,6.0,1.0,7.0
3174718645,ae58d71a07ccd5595a04600f1b23e5538d3ddf2f,Human,0.0,1.0,1.0
3174718645,b7acc538f5f04dbe363f0c298f8984779522843b,Human,0.0,518.0,518.0
3174718645,b8d22b9c38f204dcf38ca6e9d940da291da2cd32,Agent,366.0,335.0,701.0
3174718645,c671244575c8ccc78b238ec9b4c4b721cbceaf44,Agent,7.0,0.0,7.0
3174718645,e7a4efe2388fa75dc337cef58f9ec4d50672a0ba,Human,1898.0,0.0,1898.0
3174718645,e891fc69e23ad41a291e3ae0ec3c10d499c94cd8,Agent,5.0,4.0,9.0
3175055580,21aab14dde957f2fbd0d2e3bc1388ad61bae9591,Human,6.0,6.0,12.0
3175055580,22e5d99209549f3fdce473105b53119e319be71e,Human,3.0,3.0,6.0
3175055580,32f770ac2460abd4ca05b95fce67f70b4b5b424b,Human,1.0,1.0,2.0
3175055580,443077df2f12198cfb29b4d8acc27697fcd48fb5,Human,5.0,5.0,10.0
3175055580,52298f0ebfdb0308e34dea20f75459708054c2af,Human,69.0,54.0,123.0
3175055580,62f141c8fdcb41b1cb0568daba42ffb0a959191e,Agent,69.0,19.0,88.0
3175055580,6f02252e0b06b402e32569e0ac6247362c78f4b4,Human,19.0,18.0,37.0
3175055580,95713cc38293180c12c8992bf42351ddf1104f40,Human,28.0,20.0,48.0
3175055580,9ca1c78d69b33652f718748cef501524708cb2ed,Human,37.0,13.0,50.0
3175055580,a6549c1e4235fc0720dad7d1c21303da4904b50e,Human,5.0,5.0,10.0
3175055580,ad8541ec33b1baed8e496ec6a36e3bfa902cabb9,Human,1.0,1.0,2.0
3175055580,b8dc46b568402a44fbd7fbe8e3065781c5389564,Human,0.0,711.0,711.0
3175055580,bd15d39723555e31ec5cae5df071e94e4f647e9e,Agent,1544.0,1.0,1545.0
3175055580,d6baf9a93236f5e17ad837d373cd389a3154c527,Agent,253.0,0.0,253.0
3175055580,da715e95fcac84ed478c8b9d7ad276cd86a22f69,Human,47.0,7.0,54.0
3175188468,202e72602ecf575cb2a5692aff032ed057c13ff6,Agent,124.0,113.0,237.0
3175188468,381bd9cf28656161e97b13ca2329ed00063286d2,Agent,10.0,12.0,22.0
3175188468,6cd0b5f0fc9a8818463ba268cbfc54abfd15d15a,Agent,50.0,2.0,52.0
3175188468,75d77ddcfdb2e51381ff955a8325d3cb952d8650,Human,9.0,82.0,91.0
3175188468,7c5ff5d5a7f7d7b10c7d86a8375969f5686a4d33,Human,292.0,90.0,382.0
3175188468,9329c94bc177f4a0ef34037dc1175a7f3109cb34,Human,96.0,50.0,146.0
3175188468,96e39b2ad0016b645cd1d99cc63bdb1c33deefaa,Human,0.0,1.0,1.0
3175188468,c7072b9206b84f3a2eb65d9e6df4843bcd9ab40e,Agent,111.0,10.0,121.0
3176255193,8997b45291da54e8cff290f4611ab44ce2d2ee4e,Agent,39.0,11.0,50.0
3176255193,f9ecbe61ecd01cd20da57caed3a30c27c09b5948,Human,16.0,39.0,55.0
3176732963,0075209cc2d991448b62c18c19f3e99cffcb8067,Agent,16.0,0.0,16.0
3176732963,13778be26787516697bbb8e3c9425072497404eb,Agent,2.0,2.0,4.0
3176732963,705a7a861fc03a684d8e03af4ff521dc763b1a62,Agent,24.0,0.0,24.0
3176732963,774db09a8a9011f88175ee6af5fa69c3e248fdac,Agent,19.0,18.0,37.0
3176732963,b24eebabae55c9c90a2a265a5b5816d4e3d3dc4d,Agent,12.0,6.0,18.0
3176732963,c2d6250103f850666d3e581bd4329c8d08904aac,Agent,18.0,0.0,18.0
3176732963,c50fd22129c4dc62374dc4fdd0e1db101d6cfa84,Agent,4.0,0.0,4.0
3176732963,cb917222e7ef32d7722b0f382bcd40315431b83c,Human,86.0,40.0,126.0
3176732963,df03309eb70e52466211e6876e9a3afca941a763,Human,9.0,9.0,18.0
3176732963,ff24b379fea21cb3f9b18d63aa0986a179e4ce19,Agent,14.0,4.0,18.0
3177662558,0ae4e7a1c185162cf5126956210f8f586e808580,Agent,173.0,2.0,175.0
3177662558,4b082886e144ff0a9edd25d769afa6896b2590f2,Human,0.0,143.0,143.0
3177662558,9ba5781cb2497db2ab50ef2c43d2d6384c5eb91c,Agent,1.0,1.0,2.0
3178586096,775b68e62f699d1cf39f30bab810175e7a75e931,Human,1.0,0.0,1.0
3178586096,8d999b8c8166ee1a9cd3204c1d063652e508264c,Agent,10.0,4.0,14.0
3178742060,21de1259a93a38dcc939b116da1ba39c1f316231,Agent,3.0,1.0,4.0
3178742060,5bd0bfa2ed22c12f93b0ba9ba7b9940f742b37ae,Human,13.0,93.0,106.0
3178742060,9be7b7bf2fce14d089db00794fbea41831a4dc7a,Agent,174.0,3.0,177.0
3178742060,ad7982f0eed889fa51e4199cc1cfc7f2bac32eff,Agent,202.0,2.0,204.0
3178742060,b991a9839da23841bcf8387c5fcd9c652daf6391,Agent,5.0,1.0,6.0
3179177884,03a811eb0b30099c05008afad058c0a2177a847a,Agent,123.0,8.0,131.0
3179177884,7c5099f43e3c390020e4de0d48b7fdf40a1ec0a0,Human,98.0,3.0,101.0
3179177884,9d2c2a7f8ff3b01755542e0bca20263cab3c73bf,Human,22.0,72.0,94.0
3179177884,a2064b7cb1dd78d231813ce91ebed0e6bea88662,Agent,1347.0,20.0,1367.0
3179497496,1fc59466d80f461f35c3b9390b240b121faf1165,Agent,214.0,39.0,253.0
3179497496,7e81592949d39af7c007036c2de03daec0a09cb3,Human,74.0,23.0,97.0
3179497496,dae751515a664b18b624ccdde7464c4413f36d55,Human,169.0,236.0,405.0
3179497496,e0617362a397aaad4baf54c0a90aaf48429a31b9,Agent,137.0,28.0,165.0
3179683354,3fc708ff7b7d3a01923cd22bf87aba3e30e06a00,Human,1.0,1.0,2.0
3179683354,87cb0a9954906385caedad692c06c883ed1012dd,Agent,0.0,230.0,230.0
3179683354,cee21bc4ffe08f78ceb1c6769926ab15a8b17877,Agent,277.0,1.0,278.0
3179766264,4ef907bd5bd21fa09e058af0827691b5abc99cd3,Agent,8.0,3.0,11.0
3179766264,72114421091bc7cae039f06949e2474f3b32f615,Human,3.0,3.0,6.0
3179766264,7c966c31e32bda26ea42a257ddd312f2459229a9,Agent,6.0,0.0,6.0
3179766264,875a0ec17a512cbcaa368af2eb31af4914783f42,Agent,2.0,1.0,3.0
3179766264,ab0cfbad52ce50edb4e941ec7830b93fa730a03f,Agent,155.0,0.0,155.0
3179766264,b7c6bd4fc774db37d02711ee1b33d2d8c8e7090e,Agent,1.0,1.0,2.0
3179766264,e90e6ff02086e0311ff2c5ced0614ab412c72ef7,Agent,142.0,138.0,280.0
3180400702,35852931bd5f28730216e505b913e2a108d0a9a9,Human,0.0,28.0,28.0
3180400702,6988af2bb93137acba2284da2ee491e18dd340fb,Human,3.0,3.0,6.0
3180400702,94faabf4ac105190cb9e6b5c08db503037eb8dc8,Agent,270.0,114.0,384.0
3180400702,d8895b2213e51842f1df7609a82d01171d8db4a3,Human,3.0,3.0,6.0
3180400702,db430292159a896c6b37daf92ec3338dd6050926,Human,115.0,326.0,441.0
3180433493,231df84c572e149de2c615822f1983c044c3dfb3,Agent,2.0,2.0,4.0
3180433493,2a76f000b5076b201e3b41fbd8e69d8d42099d20,Agent,6.0,208.0,214.0
3180433493,2cf8b51d34a66e0a5705d64e5dd0290cec4739d4,Agent,595.0,0.0,595.0
3180433493,38b4bd221ffaff0ceaa57d635fa2974344660729,Human,2.0,2.0,4.0
3180433493,3fa2c468e7591608252e4cdd454cab21a9724836,Agent,1.0,1.0,2.0
3180433493,4177baa57a3567680a24b766613af0e4784535b0,Agent,0.0,1.0,1.0
3180433493,4a246b5611ce1251a6ce95a9a42a35ec43a0e302,Agent,83.0,542.0,625.0
3180433493,59f7e9a19fd49d4a73af9b51403783151746a36e,Agent,473.0,180.0,653.0
3180433493,807e60502a01cdba831c25d3393c6d8dfed6818b,Agent,1.0,243.0,244.0
3180433493,81ba52a5b3c7d91d528e9a18dcaf42f73d8fccde,Agent,535.0,1.0,536.0
3180433493,97ea3350496728d2b19995c44b1e0ff2e399fda8,Agent,56.0,16.0,72.0
3180433493,abfa712bd3bb473c136f087e995c9148e831e59d,Agent,6.0,6.0,12.0
3180433493,d7aa1b9d3af3056d2de929b95eb726bcc3170da9,Agent,1.0,0.0,1.0
3180433493,dc9d9ebbecc0f18fb4f91abd9b5308f3d2920756,Agent,4.0,0.0,4.0
3180433493,fc983510ad6316dc3af92e2e2ee30a45a522c841,Agent,5.0,6.0,11.0
3181578456,0c1401e1edd0eaee094b1c3b457750cd2ca57a64,Agent,324.0,52.0,376.0
3181578456,0d3cf3bf95b7175f2e52d215dbbf087f7eb21516,Agent,4.0,4.0,8.0
3181578456,1b8d126f99c52764d330b0cab730e30abc1190d1,Human,4.0,4.0,8.0
3181578456,95259103ff8d685a6531b15b06bf119c8149b929,Agent,33.0,170.0,203.0
3181578456,9d6565882b97a4b9459ffe9a9f7c33cc8e4430ff,Human,4.0,4.0,8.0
3181578456,e80a526043e48ab570a2846e9863dfae4d2a6d85,Agent,50.0,30.0,80.0
3181578456,fb0314a9df23513674cd3f485bdb4f092f2b60c6,Human,4.0,4.0,8.0
3182154514,0c31a672710a2d65b3e1ae9d49b6a5599d9048b1,Agent,71.0,7.0,78.0
3182154514,1a14e2bcd5a9b4c58bd58d074ad4926018ea7902,Human,46.0,36.0,82.0
3182154514,2870aa4922393967e63bf797e8c7027685eacb32,Agent,50.0,5.0,55.0
3182154514,340386510f946e09f047b298405ba3485c864a4f,Agent,79.0,3.0,82.0
3182154514,361a8cc515672a34705bba681416a2f6aba6e10f,Human,5.0,9.0,14.0
3182154514,436b9e8f43b8070248a1d1847274f0591c3ac999,Agent,120.0,34.0,154.0
3182154514,47685d6148c9a058107cab47140b65d6e5c24a93,Human,1186.0,291.0,1477.0
3182154514,681265b3f0123e2fc01951d27a48b85a344fde33,Agent,129.0,2.0,131.0
3182154514,e05dd79d8798b866f331e0ee59642d336d5ae745,Human,2.0,2.0,4.0
3182154514,f811bb34fe8a7d15e62dc365191e5969078e3372,Agent,460.0,4.0,464.0
3184093078,3e9e7a97c73e20ef90b4d303cfea74aea5e9a9e1,Human,1.0,1.0,2.0
3184093078,84e871e2deedae07b36b4e92b323fafe41669a7f,Human,2.0,4.0,6.0
3184093078,88b81b444f4c1a85af2bd4c61c95b3932accafc7,Human,2.0,2.0,4.0
3184093078,bbcd051d97f4daae38dd18aa865fdc5573844b21,Human,1.0,1.0,2.0
3184093078,f5a43d09e0924c8f783db38dacd9fc176ed87b18,Agent,41.0,1.0,42.0
3184133320,ba55af0cf232e19bea3ef0aff65293f44df8f9cc,Agent,54.0,0.0,54.0
3184133320,d4d914e947645931b36ab7753bc8e6b25c24666a,Human,3.0,3.0,6.0
3184133320,d807ac580f7e6c4a34ce3cbd94157952e9d8fb83,Agent,1.0,3.0,4.0
3184269634,05b5152b444b8cd8409a22394ff43a513d134e25,Agent,56.0,16.0,72.0
3184269634,3998440652a8f0b007509b3c4e20ac1ef3860093,Agent,15.0,0.0,15.0
3184269634,658d475918be47e5e7fe138e6fcb4fd1ac954cc1,Agent,104.0,0.0,104.0
3184269634,806020968f30a9a95e9e7f733383d323ffce5d16,Agent,176.0,0.0,176.0
3184269634,96751ed67f7cb49945c60ec4d2b82627dfac026d,Agent,156.0,137.0,293.0
3184269634,a09624aa73dc49cfdb874bd649229cd526b23757,Agent,192.0,0.0,192.0
3184269634,ced54c5f0bef963930cbfcf2a82aac665d24641f,Human,1213.0,403.0,1616.0
3184269634,d0ab1a845f24adc0567bf113f7c6d87e6ca71d7d,Agent,5.0,1.0,6.0
3184269634,ee9c087e53328594eeeb75fea08b6b58bf142a4d,Agent,280.0,7.0,287.0
3184334960,063f9be47a9ffa463276d38fa3d3e0e4af64e1f4,Human,0.0,19.0,19.0
3184334960,089de24300d0aa7577a1b385b11f07dbb14f5e6d,Human,0.0,116.0,116.0
3184334960,6a640f5e94a979c197ae05135523c977cc7a38c4,Agent,216.0,0.0,216.0
3184334960,75a07b6436e59d440bc6a53054173754c903a10d,Human,0.0,18.0,18.0
3184334960,a343abfdeca83cd66daebd328ba523b32f21e2e5,Human,0.0,3.0,3.0
3184334960,db3872bc80a4e74440fb62380e48caa4e0fab87f,Human,0.0,1.0,1.0
3184470273,196d17e374c8a4755aaff3b6ee169587f257e301,Agent,5.0,1.0,6.0
3184470273,1b8b2fe47e72c22bac3db38871f2befdc1987bf9,Agent,54.0,1.0,55.0
3184470273,30b798cd1bc9974fc194d5f5a2939adc18eba149,Agent,7.0,1.0,8.0
3184470273,3360ee8792c32dde1c7556a14600d9a2f35a8262,Agent,86.0,7.0,93.0
3184470273,43ce5e9b2425d21d43395758d67e2cd57d3e77cc,Human,2.0,0.0,2.0
3184470273,49d5e79ae12c7885ac4dcc2545fb7a9a1d499810,Agent,7.0,47.0,54.0
3184470273,62090bb27ab05326013b06d660b55b248f637205,Agent,45.0,1.0,46.0
3184470273,79a5588813850a4400bc5fbbc9c15f76e788fae3,Agent,74.0,64.0,138.0
3184470273,8023bc040815c2ba8236adee9f09db163fa55990,Agent,5.0,81.0,86.0
3184470273,887b1a6db7e7fa75363883aa63e3af41712797df,Agent,81.0,58.0,139.0
3184470273,a0f523964478998e2b6900db39c7ba4633a29459,Agent,53.0,0.0,53.0
3184470273,a7c8426f6494909aad840d0c50f7c4d79b8a95d7,Agent,9.0,83.0,92.0
3184470273,c50e9a45f6006f19a1c7e417e223fe0c4a4ae297,Agent,31.0,8.0,39.0
3184470273,c634955b9c4c789478e0d9c10cb7f7f3d880f63c,Human,0.0,1.0,1.0
3184470273,d88923ce5ebef5dd3a86dc0e40ef2a8c8ab6afd3,Agent,83.0,9.0,92.0
3184470273,e0335548658ad41039d4b6966223e7f4fb99c091,Agent,36.0,6.0,42.0
3184470273,e21d525c29496fdd19dc99aaffeb814bb22f5c06,Agent,121.0,87.0,208.0
3184899448,0604f1b918dbabb2a659e7e00bc03cea26761f83,Agent,120.0,32.0,152.0
3184899448,31cd69713d132acc044c3e7ed38529d0c66958bb,Agent,83.0,2.0,85.0
3184899448,37034a6e735ae5734d1b7c755a5f025788113d48,Human,44.0,30.0,74.0
3184899448,3ae1c6bc2731ad89505792a02d8c2e959df8ad3d,Agent,137.0,13.0,150.0
3184899448,66c774da981f450af43415c6e5be30c657352b7b,Agent,483.0,0.0,483.0
3184899448,70a9c5e454309ccac2a0527561c7f897123da36b,Agent,16.0,44.0,60.0
3184899448,83e48e9fe908b9b055429970c7a0b6f093fb0165,Agent,106.0,0.0,106.0
3184899448,92b901cb75adc1cf21ea4c20d9d4b025147be5cd,Agent,98.0,65.0,163.0
3184899448,e6d731b2c32fa992d91e108631791f7a02a4c9b8,Agent,94.0,93.0,187.0
3184899448,f4bd2dc7d53a85d7a66050e3fcf0649039a07bc5,Agent,57.0,28.0,85.0
3185229849,4014cb0270d7ed91d7e886bd16258c997f830784,Agent,20.0,2.0,22.0
3185229849,9ef6c43355d35b8225f89488e858c7f1dbd0251f,Human,3.0,3.0,6.0
3185505776,2926126f98722fc72d3c9142358a992fa9d42c90,Human,58.0,47.0,105.0
3185505776,a030b38587c806db61171943752e86bf734dd2fe,Agent,244.0,0.0,244.0
3185693407,06949b86d0e2a314b1839e74d569fc85708f49e3,Agent,3.0,3.0,6.0
3185693407,0da4e249be4daf6bb2fcdee84856aa7259af0c64,Agent,39.0,46.0,85.0
3185693407,10796596966c1384516ee92c90f777e51817ff4d,Human,0.0,1.0,1.0
3185693407,1b0f7ece0791bbf6d8d3cf7cf37ece843b6fffa1,Agent,4.0,16.0,20.0
3185693407,1f4ec9c5fe08834c91e0feb9319b41dff62ffc0c,Human,1.0,1.0,2.0
3185693407,29b2d18330187c4308a2ec1e6ad772c55f9398b5,Agent,128.0,0.0,128.0
3185693407,2cbe8543f3829d2f728a1977f44bd85b9316c921,Agent,1.0,1.0,2.0
3185693407,329bf75052e5fb749795843512804103aeaedcb9,Agent,1.0,1.0,2.0
3185693407,33952ab6a41773259c3276bb3514431bd70d8b3a,Agent,1.0,1.0,2.0
3185693407,35cedfe20e36b98b838617dfc59a5c244ce92cb2,Human,1.0,1.0,2.0
3185693407,3aa91742f61a2683816d88862cfafaecb314bd75,Agent,16.0,4.0,20.0
3185693407,3e0c93015e2bcac34ce13f1f965a4aacff4d14b4,Agent,2.0,0.0,2.0
3185693407,4628f9a9faafed5ad76795119484316ee15fb3e7,Agent,30.0,5.0,35.0
3185693407,480b6055a27752c34aa0de66575f1380481b04ff,Agent,6.0,0.0,6.0
3185693407,4c9af1fac240b6800ab00ba33d2cba82fc6ce702,Agent,28.0,53.0,81.0
3185693407,879f14d667ad33e4efde62bd91c529cf7543878d,Agent,4.0,24.0,28.0
3185693407,89a4e2a4e0ffb245707d75071c6debb6ccf6d0d2,Human,1.0,1.0,2.0
3185693407,9baf104e9f34644f9f9d83a090a40ac81d74bb36,Agent,252.0,219.0,471.0
3185693407,a20e5dd7215fb10b2a8c64873112d0f6aa574595,Agent,16.0,1.0,17.0
3185693407,a78a27adafb1b9b0f4406699bfc9d26c4246e1ea,Agent,27.0,20.0,47.0
3185693407,a80e3b1d6d94158d1044f5655c78e5e6268ba02b,Agent,47.0,10.0,57.0
3185693407,bb0cc5ac27f5336923202a6bc0951b9ab5ee7232,Human,1.0,7.0,8.0
3185693407,be0f11cd2d2ae773fa2e8d1b4b27c2a6753bcb37,Human,1.0,1.0,2.0
3185693407,c8cb6a9d6c27cf91a10333a73551de1c8b02fe58,Human,1.0,1.0,2.0
3185693407,c8f3cabaaaec7962b98e429b9e00b3ad718108b5,Agent,4.0,0.0,4.0
3185693407,d1ee00b54be61a75de64abea387d90a34b78ad80,Human,1.0,1.0,2.0
3185693407,da7cbc5c74db42c46131f37e6d67284169e6f203,Agent,10.0,10.0,20.0
3185693407,de80b08aafbb1b20587ceb6155cc8f491f6d531b,Agent,53.0,11.0,64.0
3185693407,e09e414337608087e86395842b6e5f690959ace3,Human,18.0,29.0,47.0
3185693407,e84bfb670d12853e6fa20d5a91ec4c624e76d490,Human,1.0,1.0,2.0
3186370783,081cbf26c7c67b6d5c36163ca37d09d7d2b96f13,Agent,34.0,0.0,34.0
3186370783,2aa9f09e73d659f04935384ee0320ad66eaba43a,Agent,7.0,41.0,48.0
3186370783,40988d189ca9dcf700aeda9e9e3088ea4052f5a5,Human,163.0,0.0,163.0
3186370783,6203aa480a3877ccc0e52f269722c08d162caa93,Agent,3.0,422.0,425.0
3186370783,7bb94292469e6858501167da5c50303006170b5e,Agent,9.0,9.0,18.0
3186370783,a604b301702a31a46ddb390d10125134704f600b,Agent,29.0,178.0,207.0
3186370783,a7f6f250a6f95248f15ffca04c5ef79fced2cca2,Human,73.0,26.0,99.0
3186370783,b2514cd09ab9c3eaea984b4b95882a39ad6558df,Human,80.0,84.0,164.0
3186370783,bf6215e27c354042b789e392b94947ad1b8f0832,Agent,8.0,150.0,158.0
3186370783,c1982ef93b8fadaa581e072734fdefddea93c9c8,Human,1.0,4.0,5.0
3186370783,d6a4361a754a5e5b695f65a7ece42868fcc38eae,Human,23.0,3.0,26.0
3186370783,e4a7e278ca68c183d05e2391512399a4355a6997,Agent,49.0,136.0,185.0
3186370783,f3e5478073d3e5a80d8377f712003ec4bdc5ac45,Human,43.0,28.0,71.0
3186609240,26c9ef4fe211dc50931502149f27dcbb29732c69,Human,50.0,82.0,132.0
3186609240,3bc3cbf07d8e176c764a4d0dcfb14de40e6cadc2,Human,11.0,15.0,26.0
3186609240,59d60664783e8a4f8ee19dadd4bce953256d3c4c,Agent,95.0,4.0,99.0
3186609240,6a10e34157ea0303863e87f251a793b17e4af593,Agent,45.0,8.0,53.0
3186609240,9d239db7f1f8d815c34721936e9673de8f68417c,Agent,66.0,12.0,78.0
3186609240,badd839b6d32e43df33c364ddc994dc3e702a1ae,Agent,54.0,5.0,59.0
3186609240,e025c2d36c4ab6f9081857073c3ffebc5580d56b,Human,41.0,110.0,151.0
3186609240,e73d8b58e0a6201cb7769dceb88c9aaf0d3aaf50,Agent,28.0,9.0,37.0
3186609240,ffb73f1c8c811211355507887fcb2a5f95bca2f2,Agent,29.0,2.0,31.0
3186642813,0142588a9481bf060f376bad53ce15fd8f8b19c9,Human,6.0,6.0,12.0
3186642813,229a73e26c96b7865543f06a1287e3ccc9d2dd75,Agent,51.0,0.0,51.0
3186642813,8af26f6d47efec8882ac85dd47a87f9308441be2,Human,13.0,13.0,26.0
3186642813,b79d98d8899991872aadb229af0ec1ced96ff928,Agent,190.0,38.0,228.0
3187203236,42ddc6b893dc79b95914d344d7a1396b319bd5ea,Agent,341.0,4.0,345.0
3187203236,70f9a9aa55ee2ca17c8ff4014cfba26817a28841,Human,0.0,148.0,148.0
3187203236,9ecc903c4ea96a8b185aa8b9aefa63e1ab03a6b7,Human,9.0,7.0,16.0
3187203236,b1b89c02462e31332fd7c10c306b7fc55478ef7a,Human,4.0,4.0,8.0
3187206987,59cf7dc10e33b051ac589ae5a52b7ef40613f039,Human,1.0,1.0,2.0
3187206987,6e3f7539fc9fc8a5012a73785faacb5044711555,Agent,144.0,4.0,148.0
3187206987,d6531b9c6efaac4afa82bed9a719df9f8caa3c56,Human,10.0,10.0,20.0
3189114886,12f49f4e782dc00cadcb2ac9a0033db33214173a,Human,22.0,74.0,96.0
3189114886,4e7f27df84ab7ead593116a1dfd05a2dd2e5ee21,Human,1.0,1.0,2.0
3189114886,6803b3e4bc249fb1304399387b25a9c2a632d4c0,Human,1.0,1.0,2.0
3189114886,6d773e1fec15fc658e826f7155bc9f695e551ef5,Agent,10.0,10.0,20.0
3190014984,2674ebca347e91af314389646bc7f0327d64ea81,Human,4.0,4.0,8.0
3190014984,572e0ae57a93b3d4cb539455ad65fe8699fd88ed,Agent,0.0,1.0,1.0
3190014984,c6c833ee781366797f4a4dad4abf98c89ccd9fed,Agent,46.0,0.0,46.0
3190608451,110b611ddbf3e9fe1d16f505ad4e203f390a7888,Human,38.0,168.0,206.0
3190608451,11d1c4e8ccf96c3d18fb59a7d96ad740e2b2735d,Human,10.0,10.0,20.0
3190608451,1380ec83a1ec9e238f541173a9574a19b564c4fb,Agent,216.0,2.0,218.0
3190608451,2f990050a979c504df17c5cb0d4e728be261dc10,Agent,43.0,15.0,58.0
3190608451,33103eb134d8ddae2f82a3f34b3726d406324c06,Agent,8.0,17.0,25.0
3190608451,3828f37769c9e47d4489b124089c90b53258bd6e,Human,333.0,2.0,335.0
3190608451,3ff59a8645cbcf7389687b0eeae9f85ebee1319d,Agent,76.0,15.0,91.0
3190608451,4ad5c9165c948e716e2929b2fad4820197048a86,Agent,7.0,50.0,57.0
3190608451,5ec2364a3965fdd3276e8914a311ac0d358a5ebe,Human,14.0,1.0,15.0
3190608451,7c896a7ce9196dc88485797b9e63c02a5b06c847,Human,528.0,45.0,573.0
3190608451,95e4be58629f515ca94fba64e0f8146d65ef09a8,Human,1425.0,0.0,1425.0
3190608451,b2d749163f376ab0bde6ebcee645c540d1df5264,Human,1.0,1.0,2.0
3190608451,b4c993858760bbbcc97c3ee382dd4216a12271f6,Human,542.0,1640.0,2182.0
3190608451,bf46ff3cf56ed83b94d80507f3b55eaf74acbb03,Human,1020.0,0.0,1020.0
3190608451,c24aa232865f03918c7ccd7b936407c0b14577fc,Human,2.0,2.0,4.0
3190608451,c4b47203c55081b568858aca2093473102ccfb77,Human,96.0,195.0,291.0
3190608451,e8ff88a8e6fd990d871c03440be938d8ba7a2806,Human,486.0,3.0,489.0
3190681974,da26d70b03d3a92181aec97c2959ec15caded357,Human,29.0,29.0,58.0
3193358943,e315d6f65812ec3a2ba0e6ad7c19c125dcebb855,Human,4.0,0.0,4.0
3193436698,577fc18fd9ec8938f65a08603750719cfdcbcc77,Human,20.0,20.0,40.0
3193436698,eac2f0dc8d49fecf9fa7c0b873b379d510ae6962,Agent,136.0,1.0,137.0
3193698906,4a56ca754a7dc4efae67e88eca740ebe1dd3ad0b,Agent,2.0,2.0,4.0
3193698906,66f74905c246bfd88d6017bf2aac8015b09eef2c,Agent,42.0,4.0,46.0
3193698906,d031a24ead1f916e04bca7bd1e65a875f3bab422,Human,3.0,3.0,6.0
3194239581,70025fc4cdcfb7ffebd13a53065b867168576849,Agent,10.0,9.0,19.0
3194239581,9bdafd803e9e77b43260f37de23b42208cb59fce,Human,1.0,16.0,17.0
3194239581,bc9a8d04b37e97d7d9448e079c9483bb728cdf06,Agent,18.0,1.0,19.0
3194511305,0518c7629279b20011614a5c525bc5b03b1d3caf,Human,10.0,0.0,10.0
3194511305,0da37603caac9295efd598ba2c7bc498f03281f8,Human,0.0,73.0,73.0
3194511305,14a40d0d8298b752c732f8ee59261ed6505235e0,Human,32.0,73.0,105.0
3194511305,1bf16be85bb98848495976f2befde6b2e561518e,Agent,10.0,0.0,10.0
3194511305,20bc1e89ddda461d54cbb32f4f8132d2baaded36,Human,7.0,8.0,15.0
3194511305,286d92a77c7b380ac1715d17b3e8562fd4cafc2d,Human,0.0,1.0,1.0
3194511305,2e2400f0b0c29c9158dfcbe51ea57bab0963de2b,Agent,4.0,16.0,20.0
3194511305,2f2230c24fc37d645478cf1b65541c098fbc983f,Agent,9.0,1.0,10.0
3194511305,3f9ea580e96ca7d936e752d6f99ce8f4458030ee,Human,77.0,6.0,83.0
3194511305,40d9ccd0f953e775aa118b26db4edfd5c4c2969d,Human,116.0,49.0,165.0
3194511305,55743fcef123dae3b60ab392b020ec6cceabecee,Human,0.0,55.0,55.0
3194511305,58705d155820a9b1331c6f93189e5e383d154489,Human,1.0,1.0,2.0
3194511305,628b4bd29c6bf07238c82936a7f00bbc7ca50cc9,Human,1.0,0.0,1.0
3194511305,6af276e67ca0f0b8bc09829bd23ef980d531ad67,Human,4.0,5.0,9.0
3194511305,77a3ec227b03a545581be2819544e7b081c68aed,Human,10.0,3.0,13.0
3194511305,816e2f831a5fdac1b4675a8852f128f2761830cf,Human,1.0,1.0,2.0
3194511305,9cdf568ec57f588c3af99166340a133dace98309,Agent,226.0,2.0,228.0
3194511305,a445ec4e7bd23431ba917a240e0b6028f6e1ef8e,Agent,2.0,2.0,4.0
3194511305,a9e20a35ddaa628b52eb0340453f6d8dce07f22e,Human,2.0,5.0,7.0
3194511305,ba3459b1ba903f707f7f163735acbe77820fcc54,Human,2.0,2.0,4.0
3194511305,d9babd2fddd013ab7a7ddb220fedd339de96f109,Agent,2.0,2.0,4.0
3194511305,da31a5243577b324e0201eeeb72f8c8147b953ae,Agent,57.0,13.0,70.0
3194511305,eb4628397842b1889317521dd7be4b17dd50f25d,Human,8.0,6.0,14.0
3194511305,ed885ffc0321bb8b1da516e3644013c23199a8cc,Human,5.0,48.0,53.0
3194511305,ee8f9317b1da8800159ad5481522958bb754a451,Human,18.0,7.0,25.0
3194511305,f2cc3a1dd42c05433adbef2500201dff91ec88b1,Human,14.0,18.0,32.0
3194511305,f5d631a4a51d1681b961b87458932edea67cc605,Human,739.0,71.0,810.0
3194511305,f79359e9bf53e7ffad4bb25cbd7757bb62c465ef,Human,1.0,2.0,3.0
3194511305,f98866698580058ea73d66299bf8dead893407f7,Human,32.0,15.0,47.0
3194511305,ffd6b39ecbf46550ebbea53bdda0e34e98edbe9e,Agent,1.0,1.0,2.0
3195510189,19ddc5c8aaf24b17b0834b31c2a51332ef4e932b,Agent,23.0,6.0,29.0
3195510189,343341871737256878837f2db709881b9735076d,Agent,25.0,14.0,39.0
3195510189,37c7eb3066e7bc7ec58acd38c5ef20661c1cedf2,Agent,1.0,1.0,2.0
3195510189,57399885b0de3533ea19dab1393efa12b1a00e22,Agent,26.0,7.0,33.0
3195510189,602b157022323b781f1a32c9166402a8d5cc6df4,Agent,18.0,2.0,20.0
3195510189,9fc59a854ee80eba6479b63acb59890aa02f1d86,Human,32.0,91.0,123.0
3195510189,ad054b7000d0136c9ea34206e0213f96983044d8,Agent,110.0,33.0,143.0
3195510189,f68738f634b6eb76d4394926bf514bb25e105740,Agent,2.0,1.0,3.0
3195953065,08fc8003340b407635e778ad7950f77ff50bcb96,Agent,16.0,19.0,35.0
3195953065,20dd741b4b8f1db93415546271134676d3e5f414,Agent,19.0,9.0,28.0
3195953065,a3dc99709a0bd7de2477e4686f6a0f39a94d6812,Human,22.0,3.0,25.0
3195953065,cf72016144ae13aff6cb773683d2f0bd44d442a8,Human,1.0,8.0,9.0
3195957785,7ccdcccc6f72517c35982f0f96a39699f7bfee33,Human,5.0,3.0,8.0
3195957785,f1c6e1aa72508f5418448e882cd331f543eefbb5,Agent,6.0,5.0,11.0
3196510307,01bae29855553426427906d44eba58c021682652,Agent,78.0,1613.0,1691.0
3196510307,149f97bbe7a167e8d1d0a2f89371ad1b7f33ed9c,Agent,481.0,205.0,686.0
3196510307,53b9e59b4deb5b123fcacbd8b8aeaa9d61d6e121,Agent,408.0,1330.0,1738.0
3196510307,76821ba08a2eb3f53c4a116cc618b935e1e6c5d7,Agent,243.0,0.0,243.0
3196510307,aa57b1d06db1cd1b74bd90fe7b44f973c34f1dba,Agent,2138.0,0.0,2138.0
3196510307,b687fa58d2b619b9c2ad9fa2047df44805b09471,Agent,283.0,6.0,289.0
3196510307,cccb29f0f351729f6a94795dba5aea67cfffe93b,Human,256.0,114.0,370.0
3196510307,f789696266acf4f9fcf55c2de2e0538b090aa12b,Agent,100.0,38.0,138.0
3196526840,115cf5353ce5b7dfc35e38a95a43bde53b00b3f9,Agent,9.0,3.0,12.0
3196526840,4d5bf868f4fd0fa7f97b9ef9fccae13394dcb344,Agent,298.0,0.0,298.0
3196526840,5d01623afd04df83debad15035965e94067d0f28,Agent,279.0,0.0,279.0
3196526840,601fdd082d730d677edd006c551e4cf47b614efc,Agent,59.0,0.0,59.0
3196526840,76490b78cc6ab267f5d3d70da75f724f2d5344e6,Agent,3.0,3.0,6.0
3196526840,7d316f3b147544682685f8faa59c6ede62ae6d45,Human,0.0,1.0,1.0
3196526840,7fc2c2fe7021cd92b5c9bb6f529581b43a15a545,Agent,72.0,102.0,174.0
3196526840,8e145fd466c562984e6c21daefaa835b95092c17,Agent,14.0,14.0,28.0
3196526840,9aebed08211cf6cca3132c150ca5c92070f143f3,Human,82.0,32.0,114.0
3196526840,acfc30d1e56c8ffb4310c7169e258dd6cac6b8f2,Agent,74.0,9.0,83.0
3196526840,bb6e3409097da0f7484d339f429295b60f4f892c,Agent,30.0,0.0,30.0
3196526840,c14848ed74fd61ca8d316f462146a398324bcb1e,Human,1.0,1.0,2.0
3196526840,c649da69628c554e2e5f31ccdd7ce758e246447a,Agent,1940.0,40.0,1980.0
3196526840,d3f0a543309549a417d719861540028dc353ef71,Agent,32.0,0.0,32.0
3196526840,d45d8670c50c5f7fac34aa768436b206cf91144b,Agent,2.0,2.0,4.0
3196526840,d58c39006dc490a8ac00f07e1e80d2191ce1d27d,Agent,17.0,1.0,18.0
3196526840,d9827deeed6cddaca8b6c33397e50157f3a95f3f,Agent,2.0,2.0,4.0
3196526840,e18c056590e50a464d433b6a047219988fa7fb1f,Agent,21.0,21.0,42.0
3196526840,e60c46a29adf342cda3f50010a49f054b8a2003d,Agent,439.0,1032.0,1471.0
3196526840,efccb92fbb9d613cd8cad2d2e3c696f9065d6e5f,Agent,0.0,59.0,59.0
3196526840,f668cd3a97a3abf8ec6082280cc5cabfc1ba8fb0,Agent,16.0,0.0,16.0
3196526840,fe48241b88a7ea616d5f793509cadb0f5f666826,Agent,68.0,6.0,74.0
3196859024,5c42fa02121451d41eb6e012f78fd484d8f2c498,Agent,73.0,20.0,93.0
3196859024,ab4ac5a67fbbfe82adcb0932122c207f9148e5a5,Human,2.0,2.0,4.0
3196859024,e4b1704ede1cf77b17dae42d8941a3e77c4ab138,Agent,62.0,7.0,69.0
3196859024,e6930dc7438d926510a2c8011ff20b509887ee76,Agent,4.0,4.0,8.0
3196885081,56c48436d5f1c728b8f47df8aa8c559df5125693,Human,58.0,0.0,58.0
3196885081,6acea5a07a641f37fd50914d0a832e07916bf8a4,Agent,746.0,5.0,751.0
3197034256,22b8b410bb1e84cd137267045ae3a087dcd54a5d,Agent,277.0,4.0,281.0
3197034256,4d3e03b9253b1cf7d4c9915472994dfc32cba9d7,Agent,130.0,106.0,236.0
3197034256,673388c8904e04824d512cb33096cf3b911ecf74,Agent,62.0,85.0,147.0
3197034256,907cb6de3eb3c63016dcb579c9476f4484734521,Human,100.0,54.0,154.0
3197034256,da317fdde9692ea6487c8cf0b85496185ca8eda0,Agent,16.0,2.0,18.0
3197344409,0cd6ec523025220b9e9e111c41652af92795743d,Human,389.0,3.0,392.0
3197436829,51b70093bff9589cdef17c8c2b7742baae5c28cc,Agent,812.0,983.0,1795.0
3197436829,bf97fb6d483ef084f6323d4ba1f3b005fce4745c,Human,798.0,738.0,1536.0
3197528480,1753107ad71ad65dd13d6fa9f0085f648179d11a,Agent,1950.0,7.0,1957.0
3197528480,4e6c227e18fa78f40e25a6764706c2c770810fd4,Human,27.0,29.0,56.0
3197528480,558352057d5e1a7b9574cbc5f395c8411a5c81a2,Agent,631.0,0.0,631.0
3197528480,6f0910534974b643873227d92b78d1fdff9626df,Human,154.0,102.0,256.0
3197528480,a13458d1f00aafc850a7d69d648e16b583bc7ef3,Agent,17.0,50.0,67.0
3197528480,e53c2a9dc005e84a7afb6ff59964b47b358c15e8,Human,98.0,81.0,179.0
3197528480,efaa8b662959c81ef81e111efd571b264f70e4c5,Agent,332.0,0.0,332.0
3197529602,6829834a3429b509201a640ec379acb27a026fd5,Human,125.0,69.0,194.0
3197529602,9c00625d3b50f464a918b9a5f702de3c828e5109,Agent,1643.0,1.0,1644.0
3197529602,b8078cf8cb370e30b7582d4751eaaf534f2a524c,Agent,39.0,37.0,76.0
3197529602,c00ae29b7a01389cbbb9c424c04c8b7f09489648,Agent,564.0,0.0,564.0
3197529602,d9e11583712fd9ec47df9f07fdbd7d41df56cff6,Agent,22.0,9.0,31.0
3197785109,1047b0e1064f7268cf50d622c69b3770788881cf,Agent,11.0,2.0,13.0
3197785109,18da5536381e99816430da2a8c31d1823bcb94b0,Human,0.0,1.0,1.0
3197912748,0036f8fb1cdb1a7e40eb49212a392ddd8d45080a,Agent,436.0,13.0,449.0
3197912748,0563d1da77c243d4e7bb7803be3676644ee629d3,Human,21.0,10.0,31.0
3197912748,0692369c04a36be3dfbb14d650a3d132584d1571,Human,36.0,22.0,58.0
3197912748,08167d384bfa5885770d4f3198cc73b86f7eebc0,Human,405.0,274.0,679.0
3197912748,1373278c66a224299dd03608098003fa9443b68d,Agent,5.0,2.0,7.0
3197912748,184732902dd3acf9216d1f3a2582c1c500671b13,Human,3.0,3.0,6.0
3197912748,1987eabe5a1e79c39596fd387e0458c0ba7b26cb,Agent,85.0,8.0,93.0
3197912748,2c09b0fe07054f41e13b9ed607f49b82fdf2f638,Agent,59.0,46.0,105.0
3197912748,45a1ab8aff25a218d2262be8215516688efbef0d,Human,284.0,509.0,793.0
3197912748,4d00e502b6c90b42df4cae487977a5e4ed909788,Human,0.0,3.0,3.0
3197912748,765f14f4559a5171559fe28987d8df6e3ae2d411,Human,28.0,21.0,49.0
3197912748,7c490c5ab33c68d4a04a1987049d6698c57281bb,Human,34.0,26.0,60.0
3197912748,7e28b29cbd90d5668b57f7a3a35b0c1abca0a874,Human,342.0,182.0,524.0
3197912748,7f6dac2cd69142858279e2d72cb0d40025b3a210,Human,82.0,4.0,86.0
3197912748,829209f917d58e156df04a9a3011f1ffa349bd27,Human,2254.0,474.0,2728.0
3197912748,96b1d55c9075fc5f98fe2493acb65033f5ef212e,Human,3.0,6.0,9.0
3197912748,a73ebd54c4132b1cd9a90829a2a927b5ec87563d,Human,233.0,204.0,437.0
3197912748,ae007a1d6923c249f7f7baf8a0f83b6d7d57c223,Human,442.0,57.0,499.0
3197912748,df04c85cea3594011e0456ec814fcae04e8b1802,Agent,248.0,51.0,299.0
3197912748,f6aca5f924a1b48bf5c1f37c9e28c6d7cfbf7497,Human,10.0,17.0,27.0
3197983076,076235687e6803b54aab1a5337263801c7af10eb,Agent,10.0,2.0,12.0
3197983076,0c48b8514ccc4fd7124bca5c7666b875f8c55ae9,Agent,1.0,0.0,1.0
3197983076,2c55f233e5e3111f6f50ecfb27852c3e6b5267f5,Human,0.0,4.0,4.0
3197983076,3757c50864cee84c98bcdbe9f095ffe5cd7f9151,Human,9.0,4.0,13.0
3197983076,44c3aa5d0358e093d1edf16f8480a01a4459bdbf,Human,9.0,4.0,13.0
3197983076,5fd3c909c5465f08cee35103447906d5adc66168,Human,21.0,22.0,43.0
3197983076,66bc3f635742b3365aba5f31ac687e4a083178d2,Human,17.0,16.0,33.0
3197983076,7e7190e69beb09569f2295e956895adc882618d9,Agent,4.0,0.0,4.0
3197983076,947008f09733d721094fa945b0b3ac8b50b3f770,Agent,13.0,1.0,14.0
3197983076,98b25aabb466e857083d608e41685e61517a6c75,Agent,2.0,3.0,5.0
3197983076,a7ab052197fc82ee3b99930765f20946bd2b660d,Agent,0.0,5.0,5.0
3197983076,b4847f7903ffa7f7babb44dafec76b87cac302e5,Human,14.0,18.0,32.0
3197983076,b734932f434e38d6cc3bb8166ac7011053559bbd,Human,12.0,12.0,24.0
3197983076,b87d6031f88c6b4722bcac13b6f78d124870534e,Agent,2.0,2.0,4.0
3197983076,c17b779d5bab2728a4f4bb0fd0040c9254219b4f,Human,23.0,24.0,47.0
3197983076,dde586144ee5cc222a09bf998f4c9ec18349e263,Agent,0.0,7.0,7.0
3197983076,ed49b91ab57d078c135a22480a9045d0ead0b558,Agent,2.0,1.0,3.0
3198441645,0b67a3d95124091f5748e4d2c4a0ac1fc2166d4e,Agent,18.0,7.0,25.0
3198441645,24eb31382ae975663ad25c83020a50005d3df561,Agent,242.0,451.0,693.0
3198441645,40975b646a833b8676d6f0747533ef7585e22c25,Agent,42.0,8.0,50.0
3198441645,4d04794eec7f054b7ef10156d4abe9fa65ab76e1,Agent,40.0,19.0,59.0
3198441645,6341a32249519aa8b20260181dc1a55dfef9ec27,Human,138.0,136.0,274.0
3198441645,683cfc7b4c52d9b0943a3839e5548b7d2183d646,Agent,123.0,50.0,173.0
3198441645,945d6d506afe4e314e7f13ce8749d1b0e9ac7852,Agent,118.0,32.0,150.0
3198441645,9f58b99a042c92e4b9330fed3a8c137e0eee5c58,Agent,84.0,5.0,89.0
3198441645,b0e47c9f0167cdf9d75ad6db02c7f95f9f5719c4,Agent,14.0,18.0,32.0
3198441645,c51018c5a802c5959d39b18e997124f1b73f86dd,Agent,137.0,0.0,137.0
3198441645,da4e11a1a249ad98a0608bf0b4afd5c51be86016,Agent,303.0,91.0,394.0
3198587968,46189b2b254e7d0c6a966bdbb6e3129677546d16,Human,235.0,407.0,642.0
3198587968,53ce9385bb5e2c14e7f559e835c74ce147256a8b,Human,1010.0,546.0,1556.0
3198587968,5f4f00a40bc2e82816f23949ca160c47e8c5b7d3,Agent,853.0,5.0,858.0
3198587968,869f750929fa1b3f4eafd9f2fe8bbcb97c3e5b90,Agent,716.0,2.0,718.0
3198587968,b7f971e4a6646d717038e37769499db7db71b363,Agent,681.0,30.0,711.0
3198587968,bf0d8a229751de11be378ed7df432490852e2cb1,Human,2.0,1.0,3.0
3198587968,e3bfa78ed5f0529fcc45917853650081d0f9539a,Human,44.0,23.0,67.0
3198773156,04ad4bb9e0f57917006f5ded42ea5885ac5e31b7,Agent,138.0,103.0,241.0
3198773156,12046baed34e18f7be3e2d9aa09b0086343381c2,Human,1.0,1.0,2.0
3198773156,51b026bc2983085dff5af9cf0b5c8245e41b30e9,Agent,52.0,48.0,100.0
3198773156,52ce8bb0e1a77565b1bbb2f4cff16614696a0bd2,Agent,77.0,76.0,153.0
3198773156,b3d607f1bd92ed2d72bc8386231079b3ee6b0e01,Agent,105.0,110.0,215.0
3198773156,edf8fd7c9947358d514cabc1011974f1a391e2e7,Agent,66.0,27.0,93.0
3198797332,038590e9cf0cef1759368051c8f8b9a80fd93d22,Human,109.0,90.0,199.0
3198797332,384bea6582cec7cc09b2dca28d10e5998175d0ec,Agent,44.0,17.0,61.0
3198797332,4bf4ce37aa6f99d9ff0bd8c4864b54457b078b1c,Agent,592.0,5.0,597.0
3198797332,7fb047d5a8d8d3ddbfc7dfed5ab524673f895b07,Agent,1596.0,16.0,1612.0
3198797332,aaa0dd95ef644dcd2fd7cd6fb2a646d75b5022e9,Agent,215.0,3.0,218.0
3200046653,1ce66eb9e63047c7f0d0296d4229311fb734b443,Human,1.0,6.0,7.0
3200046653,a843f12a0a2c37c5933ae229077bfa2cbc4a8c6e,Agent,8.0,0.0,8.0
3200393827,01a5291e78dc94df98951f4bf21e22a45c900aa6,Agent,326.0,17.0,343.0
3200393827,50f8edd87f97da5c7a7d95ae215183e650cda006,Agent,42.0,1.0,43.0
3200393827,5a0a02e55d992cc0dee323e4596217071b1c26d5,Human,2.0,4.0,6.0
3200393827,66cc82625c7d6c7be878d438b1e6f949516997ad,Human,190.0,0.0,190.0
3200393827,b0c994d3d80659f9610182c10c0da6f9586364a3,Human,1.0,1.0,2.0
3200393827,b298f3ea72e8af3aeab108c19bd1c25c5c77014a,Human,53.0,42.0,95.0
3200393827,c1dd2dd96817c160067cf5d880e6f673ccdfa868,Agent,10.0,2079.0,2089.0
3200575489,3ff8b78ee3d3b7e6d0ba4c40c94e56828aa1c859,Human,0.0,15.0,15.0
3201229725,45a14db7d459b4fe9c3c9ea04a8d002571a621e7,Human,54.0,41.0,95.0
3201229725,5b6160543172c6d7266ffca91a9ed4767308a5da,Agent,394.0,0.0,394.0
3201229725,6d993b56af8894c34d85d4f43221f91b988099ea,Human,1.0,1.0,2.0
3201229725,ccbfdfc1ed098c5d1ccded85b5cd51949d0800cc,Agent,195.0,5.0,200.0
3201229725,de4855b4d9f48c21b66b409fbfa6e94c809dbb6e,Human,46.0,48.0,94.0
3201567268,15390339890d34698d9c18b44e968d65ff20a39b,Human,110.0,115.0,225.0
3201567268,47bace5680b27e235dc5d06ee5c3adff54079d7d,Human,7.0,4.0,11.0
3201567268,bfe67947e84443e8962c70dd53dd86d26a1c08cb,Human,50.0,1.0,51.0
3201567268,cb3833e900b32eaefe0fd5a7237aec1c65241f39,Human,140.0,102.0,242.0
3201592153,55a92746cd4d2ac965327e53e56b42cb6b5386df,Human,1.0,1.0,2.0
3201592153,64bff6fa06c0a71d236a7494c3cb44aa0a8082d3,Human,57.0,11.0,68.0
3201592153,8556aba62e3e880f38a0f269d49b30abb3ae1ca8,Agent,92.0,7.0,99.0
3201592153,90619b62ddff782d48d861df85e6d8b0975bab0e,Human,47.0,35.0,82.0
3203240366,97cec3f5711066a4497e1b61181c163fd02faff8,Agent,619.0,264.0,883.0
3203240366,be01b0efa7e0421addae26cedbcf40ce68e29722,Human,60.0,35.0,95.0
3203240366,c49f88d6c3582dbe914463ec1648bb1d781a7877,Agent,21.0,86.0,107.0
3203262102,0084ea5197403bb7993f8bdb0ce771f72a8e67ca,Human,23.0,1.0,24.0
3203262102,17b558c289328821242a5388ab5e2aabac5c8eb6,Agent,71.0,24.0,95.0
3203262102,65fa0f5d360ec86b0b3053c1d3efe780b6b200a1,Human,307.0,110.0,417.0
3203262102,6a2d099cf68289ca79bae3feebb26ead3f16e191,Agent,0.0,243.0,243.0
3203262102,6c31f9c8376f9120a85ffde1c2f80428c9c67c7a,Agent,919.0,250.0,1169.0
3203262102,6f6a4a476334082e8233650ebfaf9a1de337f538,Human,76.0,28.0,104.0
3203262102,7ac4f9181dbf8872d1b267cb2b75a9d968b238a6,Agent,0.0,232.0,232.0
3203262102,7fe1ee75905e650aeaa8b98df06faff8a80e8982,Human,348.0,159.0,507.0
3203262102,9c8f96316f3dba7cd3d9928027ab73745d2058ad,Human,554.0,608.0,1162.0
3203262102,9e5f05dffc16017be6425123aaae5e4b4505632b,Agent,5.0,1.0,6.0
3203262102,a4f9f187eebf899acb4ebe6ab4f37bbce1fb4f7a,Agent,1.0,1.0,2.0
3203262102,ac67bcaf0beb9f0d655237471d6ef3f0dd35a2ce,Agent,4.0,9.0,13.0
3203262102,b9f4e25b978b9e8f9e99ba6fffe03735d8f0d472,Agent,33.0,6.0,39.0
3203262102,c7f4d53886d134e046c145d5d88120181c89b6cd,Agent,243.0,0.0,243.0
3203262102,d093a13ac9e1d5d4335da295ae81293b75ab362f,Agent,5.0,3.0,8.0
3203262102,dd8402c3c07f68c309ad861b69042722187bef6f,Agent,131.0,107.0,238.0
3203262102,e89f77a3ca8be151f4e660ecfeec1d37b0ab387b,Human,312.0,460.0,772.0
3203262102,ef32d8543f8eb1a42500f5ac789b50a2a12a9056,Agent,145.0,145.0,290.0
3203475267,051b77f17f60364f296698b3911989d4d54b786c,Agent,3.0,3.0,6.0
3203475267,6027d968dc6313bd312313ec15466ac0112942b8,Human,104.0,104.0,208.0
3203548150,18e603451be976ba664f920b9cba5ea1cd90815a,Human,2.0,2.0,4.0
3203548150,412fd4e6eef8d19ee5e9c5013c78f19c812b5d2b,Human,30.0,0.0,30.0
3203548150,91deb02e1c8fb9c503b594be6d9d8f74fbb33586,Human,2.0,1.0,3.0
3203548150,bbbaf5d93e5b1e898a0bc86ff9ddd557121d8a2f,Agent,150.0,183.0,333.0
3203674177,0187d0eb05abd0f69fa3188b2bd89dc4a97d3ae9,Agent,171.0,1.0,172.0
3203674177,26c8ca0974120bd40b04d0a18b23cd890423205f,Human,330.0,215.0,545.0
3203674177,6db55aa69aaa6c77dab2755bc834273b0c318878,Agent,0.0,95.0,95.0
3203674177,6f2d71525c304cc41ee79302d279cb32f0864546,Agent,2.0,2.0,4.0
3203674177,778e053c798a1e23238ad117a16174117f4bc1f3,Agent,858.0,786.0,1644.0
3203674177,7a42341600114489dbc5a0c410f3b68c3a64fdc2,Agent,95.0,0.0,95.0
3203674177,a061158f7eb75ec606e67510b63143e12c8bcf23,Agent,1018.0,32.0,1050.0
3203674177,a0e2ae370c26abb388e1f48650a823bfe80a65c3,Agent,370.0,289.0,659.0
3203674177,b39ac6552b342ec9ac5f67c1857ae81bf378ecef,Agent,57.0,130.0,187.0
3203674177,ccd4c7aeda0cd98535b8ba78f33f09e91103e997,Agent,36.0,57.0,93.0
3203674177,e8bec8325af989d3dce55b7183fc6170e8278a1c,Human,1.0,1.0,2.0
3203674177,f45164bf9977e8409e504ebcd92e76b957649687,Agent,349.0,291.0,640.0
3203773571,30ac65f1231974853b8d0d0c0338e906ac7a8e8d,Agent,33.0,7.0,40.0
3203773571,75cc2a393ab2b8e5c27ba3f79a068fc49b19845f,Agent,1.0,1.0,2.0
3203773571,9561214a1d01a6b2c2682c48ab89b40925b46457,Human,103.0,84.0,187.0
3203773571,c2ae6cb0a4b6122b4018dbee3654c3a0fc949595,Agent,7.0,3.0,10.0
3203773571,f79b1d58ac88daa763f2829320942dec1d80116e,Agent,122.0,56.0,178.0
3204234091,2a19122dee9b8e9239ef4f760c0cb1477678510c,Agent,195.0,132.0,327.0
3204234091,9e7c4b9011b641a4938da11c9845488b5671083e,Agent,169.0,22.0,191.0
3204234091,e3b440e2d3693616c0fc3cf088fab5394376c1f0,Human,9.0,0.0,9.0
3204950565,103e6177098c3acd07116a060e45dfe962706f5b,Human,9.0,4.0,13.0
3204950565,2aac5cb21b5de8b357faac981f9606da2c236b5e,Agent,27.0,0.0,27.0
3204950565,2b21395c40754950023dc271c4bb663ea892a481,Human,14.0,10.0,24.0
3204950565,2db6e4cd946c36907d436a0e133f98cf5f1c64d4,Human,1.0,2.0,3.0
3204950565,428d2d5255eed3b1274b9dd547fe476aade31ee6,Agent,122.0,0.0,122.0
3204950565,42f1dd91fa71c40b8ff1eedc01598da9130a2d76,Agent,831.0,1.0,832.0
3204950565,4de357892f28d678b32f44f4728a08aeec09117f,Human,17.0,14.0,31.0
3204950565,70674e597b57b3b63f6058d86a27fc2d2df736f9,Agent,42.0,0.0,42.0
3204950565,74d78677babb001c67f3d35ea68e4fde328afa43,Human,18.0,22.0,40.0
3204950565,7c97acbc301703ccb473417d5d02614b354ea078,Agent,22.0,18.0,40.0
3204950565,7cc71b11881970f339dc1e9381c945b829a64165,Human,0.0,9.0,9.0
3204950565,97c0146d747df69f2c368f538fcc53f63994a5d9,Agent,8.0,104.0,112.0
3204950565,99b742569e454555e89f4f5b5ad284809c03bd90,Agent,31.0,39.0,70.0
3204950565,a0a177a082773ffb7c6c794c5e65d9e082f3c771,Human,122.0,98.0,220.0
3204950565,a7bb0d7151802b05d921a99a2e4423ae93d5ac3f,Human,4.0,47.0,51.0
3204950565,a8350e94cf686f19d4fd1c70f4d53bd207c81d07,Human,0.0,2.0,2.0
3204950565,bcd0eef0d70d25a7215944794d6439e727827db6,Human,47.0,38.0,85.0
3204950565,c1a4fb20d3db773d704cfc6dca28b6a35920f00c,Human,263.0,131.0,394.0
3204950565,df31c79ca522fb4e452709583e2a784dae386a55,Agent,212.0,35.0,247.0
3205273752,656e0667eea10975f6a8e5facd788e37bc38dec3,Human,6960.0,0.0,6960.0
3205497325,193be5203a7b7762e7a7ec21d655d1055c4dbe75,Human,80.0,19.0,99.0
3205497325,1bb7ed85fc791d2f48c5c10f95bb4abbcba82ea3,Agent,893.0,0.0,893.0
3205497325,1f390cdfd86c51b85a5fc01cdba59ff42dc9a645,Agent,175.0,48.0,223.0
3205497325,246b1a74283d5e7ab06c7801a4d260f4ae639603,Agent,139.0,23.0,162.0
3205497325,332331ed8530fc99f948ebf818b044ef2522ed8b,Agent,5.0,77.0,82.0
3205497325,6c6417dce14bbeb9605fd1fba2c4ede80f5eab37,Agent,134.0,79.0,213.0
3205497325,973ca8a7fa302001f105398f3420ac37d8154fe7,Agent,5.0,3.0,8.0
3205497325,c4b1dcf6cb25bcd5db685dd2a6333046085d40ce,Agent,0.0,1.0,1.0
3205680860,2288b3beb1735994c787b2f87b203b5f44d9c8a4,Agent,18.0,18.0,36.0
3205680860,498ca61bf956a7dfeb8740bb3bb159873ea9a21c,Human,8.0,233.0,241.0
3205680860,9596be29aadfbbd903eb8bf09a0f3f708c724654,Agent,109.0,0.0,109.0
3205680860,c11e4eb7e7443148d617b86ef98528839eb61a15,Agent,731.0,568.0,1299.0
3205680860,f95a1ac6fb9d30887bd07162dafc0bd523f2e7a0,Agent,120.0,0.0,120.0
3205839196,03abcd7e73a8be13692f8872fabdb5471edd8cea,Human,299.0,215.0,514.0
3205839196,2d82fc14e127919d954538b995d1b8d4a500fe2c,Human,22.0,11.0,33.0
3205839196,3b308ec68df0ce4b2f74203eccf291d701a675a2,Human,951.0,0.0,951.0
3205839196,4b862583b08b4e69a854d99bb361b79df9a8d64e,Human,477.0,163.0,640.0
3205839196,5731014c57d9f06df1af2d800e6e8bd597b4bd59,Agent,66.0,0.0,66.0
3205839196,8d0a5eb4ae7e90a167401529135a7df9f2206cab,Agent,17.0,2.0,19.0
3205839196,cb79a33275fa5035bcc3eefca67e50264598da54,Agent,26.0,12.0,38.0
3205839196,e9937cf20f79e4195e93f5390f5271348d272b48,Agent,26.0,6.0,32.0
3205839196,ec26ab40e8fe5f385e206e647f3e97bc6c0b1d88,Human,6.0,14.0,20.0
3206119599,02585ee0092dd040f1de559ef06fa6635e459e6f,Agent,1.0,1.0,2.0
3206119599,49744533b4cbf7c1eb93ffe67d763a3ec286ab4a,Agent,2.0,11.0,13.0
3206119599,62b59cf5c6e408c7b05e3d4ff3068d7d057b2b5b,Human,120.0,71.0,191.0
3206119599,fdc9dae692e282ad1f8d4cd3355a5d9cc76d3e20,Agent,293.0,0.0,293.0
3206210159,11c8c488daa0866bdf85cac91679de707cecd739,Human,2.0,2.0,4.0
3206210159,1c99839ab4cbb7cbecadab11dc3bdb15bb87f723,Human,3.0,3.0,6.0
3206210159,1f09e1ff93d587b6cbb0d1a21ac3500ef273fa2e,Human,3.0,218.0,221.0
3206210159,21f352aa644e456c830d5ddc52629622c4ca3716,Human,18.0,13.0,31.0
3206210159,245edbd2f61ed2daf4ffb8f44a4bcac0f6e96f1b,Human,7.0,3.0,10.0
3206210159,3fe7ed0e1def458d4d29b53baee9c441392e022b,Human,137.0,147.0,284.0
3206210159,43d3efa8382477b5865697ba72b62ca6d4925754,Human,22.0,65.0,87.0
3206210159,4dd4e0e1485eb9ef8074fe00c779df18a0552c91,Human,199.0,80.0,279.0
3206210159,5312b82ba7050497d0b5037caaad6ee42aba630d,Human,46.0,31.0,77.0
3206210159,5e23ea78090c1585bd07cb0ef1a4524383c5e9d0,Human,0.0,2.0,2.0
3206210159,6477f43de15b3106bba8ec6af6cfe4e22088d7ad,Human,2.0,2.0,4.0
3206210159,6c4beffdb7515310e4043f1bf469818a4ce6dbdc,Human,11.0,10.0,21.0
3206210159,78688ab63c1278c619ce6bf498ef9170ab083229,Human,4.0,3.0,7.0
3206210159,8334999e985e84cae5ef32fe2360d121109cf74f,Human,379.0,1239.0,1618.0
3206210159,8b1805628e3d38678fc0d20c835d75305198aea3,Human,21.0,3.0,24.0
3206210159,8efa5f7a28a6fddb4bc8f050174001c7bccbf2b4,Human,1.0,1.0,2.0
3206210159,903d22c62245de4aafe3557443c8bfff5f01c57a,Human,23.0,24.0,47.0
3206210159,912d8ced934f6de3f8f4d64cc37b21e0a87d0816,Human,76.0,16.0,92.0
3206210159,a34dd8148fa4896ca28c3751ce71b5831762310a,Human,2476.0,177.0,2653.0
3206210159,ad51d4e4f33de342be8cb02e1dc68bf0bbfd3f40,Human,3.0,3.0,6.0
3206210159,b3bff5c6f53c7453203a3e355cbf62cc0383b6d9,Human,3.0,27.0,30.0
3206210159,ba13e6ac358065bd16dbcd46465e30afb0d5c327,Human,10.0,8.0,18.0
3206210159,bc705f25607998d8da9864b7c2d603bea92ec8fa,Human,2.0,2.0,4.0
3206210159,bdc0fdd0760cf9d4a67748561883759d5215cb6e,Human,3.0,4.0,7.0
3206210159,c9e05ce5b14b3acd40effc597747d1e167ce51d5,Human,1.0,1.0,2.0
3206210159,cca26acb7867f2a01959a14751561e73aa1f77a5,Human,9.0,9.0,18.0
3206210159,e357bac70fc6bf138911843a713082e6120d2261,Human,63.0,16.0,79.0
3206210159,e90b30bf63bd6f3dab22a69d6ff55804f1a1e066,Human,1.0,1.0,2.0
3206210159,f0ef9565e29e0759b7fb27eb8bda552f47796bcc,Human,1.0,1.0,2.0
3206231176,091e19c152b6e5b115ac908060f3a3c13a47452e,Agent,62.0,0.0,62.0
3206231176,4719b3cd9a9af93f5821763afa552b1556282702,Human,6.0,6.0,12.0
3206231176,6b9d77a4e5324c99d04437fdaece84a7b3558d77,Agent,39.0,6.0,45.0
3206231176,a018177a2296215937ae687d73603fa642d1d2d9,Human,82.0,0.0,82.0
3206231176,d280f759a577a23d3a8e8d24d68e63e940877fb8,Agent,7.0,7.0,14.0
3206231176,de5a2c18b13de900afb14dea1c1855fe47ae911b,Agent,7.0,14.0,21.0
3206834000,09afc2fa8c3ef11f8245b9846b9a351676fe86de,Agent,18.0,0.0,18.0
3206834000,0dead6588a7499fd04c3540e87876010b0c8b6ab,Human,20.0,20.0,40.0
3206834000,41d8ace2326ca338377a02af68d781584ffb9321,Human,4.0,4.0,8.0
3206834000,47d5114f501fdf44c95d7c8574a2c20fd32bf1e1,Agent,87.0,11.0,98.0
3206834000,62b70587c93d865f124195daa10f13dd90fd12a0,Human,39.0,71.0,110.0
3206834000,6e7c702222bb67c382f3f95a7ae693f6240ae92a,Human,3.0,3.0,6.0
3206834000,7c177f1079ce554ede98cb33d70e0ec6a03481e9,Human,78.0,78.0,156.0
3206834000,80dc97e5b41d43ced23e858977f8c6fb7964b594,Human,1.0,0.0,1.0
3206834000,8e174dd5bbfa1684a82dc64ecd864587d302ef30,Human,11.0,12.0,23.0
3206834000,e431a692f20486dd0d01175be1931dce8ab522e0,Human,8.0,10.0,18.0
3206834000,e4423766f83f8fba9a324b42c09e50884d2a70ec,Human,43.0,47.0,90.0
3206834000,ea7a5199fc410440ef1230e9ad1d6dc407cc1f30,Human,3.0,4.0,7.0
3206834000,f040a5ac097b2532b24da6fa49f6fd846c890f20,Human,19.0,13.0,32.0
3206834000,f33ec1d74e461f7e1675be3899061ca3dd9b697a,Human,14.0,15.0,29.0
3206834000,f98e048348c62de0471af01d3c2a83563b23e426,Agent,428.0,0.0,428.0
3207905993,15b5472d59f3c2c4efba73409b7315da15533212,Human,230.0,0.0,230.0
3207910026,56098b61015ab334a5fce27d31ccdd47ca77e6c7,Human,219.0,1.0,220.0
3207914894,8ba181c926628c994cfcbdfeeb95c85e37cd4974,Human,289.0,3.0,292.0
3207921071,410027cfec4729ee2eb29f741bfa1a41ff700974,Human,103.0,215.0,318.0
3207921071,961268bf3466497f7501958de36f7737456c9eab,Human,21.0,13.0,34.0
3207921071,eca2239e5249b2506d28dccd3142f83842c6ba02,Human,2.0,8.0,10.0
3207938060,37f5216bd29e96327598fe10676261a86c7acfa9,Human,49.0,19.0,68.0
3207938060,5208c763406a926eb5a3e70fbc300bf2cf8c1812,Agent,117.0,3.0,120.0
3207938060,f0cd52199bdef484f6bb1248370b262792e84ab8,Agent,0.0,79.0,79.0
3209491770,0b4e420822935683256b13208784dbd1e6136658,Agent,50.0,124.0,174.0
3209491770,1ca6ff17f12082d7ac3b2f431c3b7f1ecc0f7c76,Human,5.0,0.0,5.0
3209491770,9f28e1d10216b0b0bb8fdc5e6cb01b2d99c984bb,Agent,0.0,94.0,94.0
3209491770,d55cd4de52f33ba26014a2f3ac4c35ac121cbf8a,Agent,228.0,4.0,232.0
3209491770,d5fb17d390b167e61130748c9d00301bea932acb,Agent,204.0,10.0,214.0
3209723205,05027fcd61fea88503457269dbd769c93bd21afd,Human,1.0,1.0,2.0
3209723205,08f72070f13d32fdeba8ff497908c15180b80a30,Agent,60.0,12.0,72.0
3209723205,0db35975b1f98c8989f9d64b0357c00b5e7d51c6,Human,12.0,3.0,15.0
3209723205,1f916531392ffed5cf5e619c21a5a9fa1e67bdcb,Agent,25.0,11.0,36.0
3209723205,2ca30cf0a79a807895b0aeed93573ca40cc66ada,Human,52.0,48.0,100.0
3209723205,3b59df72aba18bd91512c281d5bbd9d2f8d99f57,Agent,6.0,6.0,12.0
3209723205,3c834efe2b87b79c4dc8abe0f45c6958153a92b5,Human,343.0,1.0,344.0
3209723205,4afd696f01295191c31dae28bb36082437bff3cd,Human,1.0,1.0,2.0
3209723205,4f5ed1097ebc8b551a863af2de4d53f09a50a615,Agent,6.0,1.0,7.0
3209723205,568b522fbe76b38854f09b44d27b31413d0809bf,Human,1.0,1.0,2.0
3209723205,59f89201e626f9523bd79c835bba4cd4a46fe3c9,Human,1.0,1.0,2.0
3209723205,7864b97d2ed3aa0d452aa8cc9bf95ec2f55ccb0b,Agent,2.0,2.0,4.0
3209723205,7ae39793624e4a3e9fd233543c663b7d7db26a46,Human,1.0,1.0,2.0
3209723205,875fba8716bf0b383955eb493e64723e5bacba0b,Agent,18.0,4.0,22.0
3209723205,9b25cdb3506542c5533f3a37f2eab1c2d51c4f7d,Agent,1927.0,9.0,1936.0
3209723205,a2307fc1e32dda09ff9b2bd26a79958402aad9e7,Agent,24.0,4.0,28.0
3209723205,b81285cb29dbc1dcdab45329b55305f0c0c26773,Agent,10.0,5.0,15.0
3209723205,db527b04302a3db5b55798120aa1f0b3c4060cfc,Agent,18.0,6.0,24.0
3209723205,ddcd1754cc0e25bd094bc199d3df77ee82123592,Agent,1631.0,1.0,1632.0
3209723205,def4dab5ef6e97082e4d9af578788cb0e7237912,Human,1.0,0.0,1.0
3209724233,055f475b7ef969d6c7edf97427e8a31d57ad9401,Agent,14.0,9.0,23.0
3209724233,139293b565d497f46de0cb21b7c2ddd92b5accd0,Agent,1.0,1.0,2.0
3209724233,19bbdd7e79bd614c2e5b53a99a5e1f5afb28fbf4,Agent,21.0,132.0,153.0
3209724233,30b2d40732a37b5d4b5bad5b500a459e9e13c7bf,Agent,58.0,6.0,64.0
3209724233,52b123f0aa43d237b59379831da9342541f83652,Agent,192.0,0.0,192.0
3209724233,be9a9dd090d1232fe47520cdc7cc5efce042ae40,Agent,42.0,46.0,88.0
3209724233,c903eae895e644cef5d04fe1832607ac5ee02a19,Agent,5.0,1.0,6.0
3209724233,d0085a47eb3abfa119e0e9d42ea78a9d20b9da81,Agent,71.0,7.0,78.0
3209724233,f068a43742987852f0dedf14c5d44e6ace9e7473,Agent,232.0,261.0,493.0
3209724233,f94a2bc1eecbfe869ee517a2bf9cc2b4f9fa1299,Agent,220.0,35.0,255.0
3209724233,fd303b2b251e4ba50715850e3fa5b3927ba6eac6,Human,2.0,2.0,4.0
3209745551,1ea3fc44fa475edfd3c4932039684635b03b6b35,Agent,6.0,4.0,10.0
3209745551,2ffed3ccf00f43cf394ddb2a3e27351b461dc62b,Agent,1.0,4.0,5.0
3209745551,3220575d295910a4ec19d025131ed0e952019067,Agent,11.0,12.0,23.0
3209745551,5b548d618da7787e5b3b1dd6baecbc5797651f43,Agent,21.0,9.0,30.0
3209745551,6be376f80478197d8202405e22ae0814d44353ba,Agent,22.0,4.0,26.0
3209745551,6e91a26785ba044f15df9d4505cd8d13977877e0,Agent,55.0,2.0,57.0
3209745551,d86259b0b91a3c7c5f565d736d666664d5fed629,Human,85.0,48.0,133.0
3209797547,1490aecf8bc1e1ea131d3c56e41b6c66f6c304a6,Agent,19.0,18.0,37.0
3209797547,16b7199e05e346d607ea15a0c47e6e0861b72c85,Human,0.0,2.0,2.0
3209797547,797fd3f4b9839dcc48d4632ef576d3730bbc9cc0,Agent,196.0,11.0,207.0
3209797547,c3f301eed15796ba439b769c8bfd1ed026dfb52e,Human,261.0,21.0,282.0
3209797547,dc5134fb9242778b6031a8b1bf130681aa0c9f47,Human,41.0,30.0,71.0
3209926289,24f2c99ed59696f6cb4e2ec6c537c772377f5ab1,Human,1614.0,433.0,2047.0
3210294287,0a34d1eae810239fb8a95ac1f63d6d1674f573e6,Human,35.0,29.0,64.0
3210294287,1b38ac5601fa4f5087a9f82e217a2c06addd571b,Human,26.0,29.0,55.0
3210294287,ba3e4d6b54ad14878880a18a16a33b0514599733,Agent,173.0,57.0,230.0
3210294287,bfd3dd11fe2bba3537e3fd1e504144056d4046f2,Agent,4.0,4.0,8.0
3210294287,c8c8584978b46a692a4e36caa6d73054c1a4d23e,Agent,710.0,0.0,710.0
3210294287,d81a32dffba683f8c864e2cc0465346dd2a13c56,Agent,128.0,0.0,128.0
3210294287,de7f81f94cb560c7462611c8e68e16d3e71a36f2,Agent,26.0,18.0,44.0
3210688776,4168667137af4366863b0b10dcd9f07285980323,Human,4.0,0.0,4.0
3210760092,734e895df37c9c73c21dc8d472c3f94a9d348069,Agent,1147.0,0.0,1147.0
3210760092,acb7530edbc51fb7abf959d3e79906441da56312,Human,6.0,6.0,12.0
3210960716,0304d01ae551fa595f0e618207f3b078944179b1,Human,0.0,65.0,65.0
3210960716,450c657581a1b368a6e4d8cd3d95b0389986b26c,Agent,98.0,0.0,98.0
3210960716,49a4535a95285789815c99d28e3de02058e0732a,Agent,44.0,6.0,50.0
3210960716,8f3f9568a93d715ddc4bed888ce08939b64e3e8e,Human,0.0,1.0,1.0
3210960716,9e7e0b656d592c97f904b212c1e2efa445f93a83,Agent,21.0,16.0,37.0
3210960716,b34fa4824d9afe9bdaa5b473706810a76d0bae01,Agent,4.0,20.0,24.0
3212626331,92218c7097ca7e1b19a47424952df45939453ad2,Human,477.0,9.0,486.0
3212835513,024492694be5bcd0175907ffe76cac37ada7fa65,Agent,135.0,10.0,145.0
3212835513,04756b10e8edda9eb5aac11c28a032c68f25863e,Human,1.0,3.0,4.0
3212835513,12b8656e1ecc8b224dd77fb4b04c176aabeb1a97,Human,24.0,18.0,42.0
3212835513,365ef08a586171dc851d51aa885eda6ef7f62f4c,Agent,6.0,4.0,10.0
3212835513,8b25801ee4532f1e1de24558123ea8ff130802f1,Human,1.0,0.0,1.0
3212835513,f62db26911d4ba52f62d2b6ada619485653b4331,Agent,40.0,0.0,40.0
3213048977,0aa388520a82f585641199beb4f3d2f84ece4907,Agent,103.0,0.0,103.0
3213048977,1020f4ee3374fe88c6f1dbc96a821e46956e4341,Agent,4.0,0.0,4.0
3213048977,392371cefd50e9c3f143d8161b6dc0a60bd0e05b,Agent,4.0,50.0,54.0
3213048977,720d63efa0db5eced84d48568704c8f48a7fcbd6,Agent,1.0,1.0,2.0
3213048977,78791c1b40ca479b93d3875aea097f8545d9825f,Agent,0.0,1.0,1.0
3213048977,a99cd507a9f354c9039f2afcb06e8dd18a71d725,Agent,1.0,3.0,4.0
3213048977,bbd980829e80f709fe4e7f54a99ee84231ccbf52,Agent,1.0,0.0,1.0
3213048977,fdb7d2389154e34faca40983f26fc73ed1cfe462,Human,1.0,0.0,1.0
3213060128,1c02c0da8a113a547dab115cf5f0b96f9a903a9f,Human,1.0,1.0,2.0
3213060128,309d79991217ddc107401b3e1ee4c992e7747841,Human,14.0,25.0,39.0
3213060128,330ecde11660d91b97692a155ecaad092d2c81cf,Human,63.0,50.0,113.0
3213060128,4ba949e60942683d1ac77af36ce360a08970fbff,Human,5.0,7.0,12.0
3213060128,87bf5366d3db8b21e74193ce6dbd8f2ebb58766c,Agent,222.0,2.0,224.0
3213060128,b1a42589ee67a43f15c7458d71ae3910cde25275,Human,1.0,1.0,2.0
3213060128,ba48a91853b0a030db2dad671134acfefe7d1439,Human,39.0,12.0,51.0
3213060128,bf46174fd4e892e60c16eef41ecd8e4fdb1f5601,Agent,0.0,114.0,114.0
3213060128,faed9ff7e5260059634b791012e54d6d20d7cdb6,Human,45.0,20.0,65.0
3213826108,87bda506897c7f144738e451efe797f923addd6a,Agent,14.0,0.0,14.0
3213826108,897a9e2a29d49f8ed9ce045908efbd466e37ab5a,Human,222.0,210.0,432.0
3213826108,e01506b494082bcfb8e6ad16d5361e43b1e1b15b,Agent,72.0,40.0,112.0
3214340478,089061bdfb2965e08243d48b2336bd1c019aa34f,Human,10.0,12.0,22.0
3214340478,26e5ba26957db4a6873f76ff2c7edae9a5f39991,Human,63.0,382.0,445.0
3214340478,299d0045f879c5952b943f4dfeb6eae8ef921857,Human,993.0,444.0,1437.0
3214340478,2b9e855dcf3affd6ba02c4b1dc81bf8f79456dfb,Human,650.0,317.0,967.0
3214340478,335046e5205a4ddd1df0f7a41e352fd1bd0f7869,Human,217.0,12.0,229.0
3214340478,3924960a04dd86a61ff9061dc344689269fbd11b,Human,129.0,212.0,341.0
3214340478,3dbae56afc4f6673b86949b62839e884deb72ebd,Human,149.0,112.0,261.0
3214340478,44420a9f0acfba818420290560f5bbaf97ce94d0,Human,652.0,1228.0,1880.0
3214340478,44f558c139bbb26d7641d91ca1a310823f41a369,Human,321.0,600.0,921.0
3214340478,482da13ce35ad031db81e4e3247148c2c44167c9,Human,3474.0,5095.0,8569.0
3214340478,5b2057079347c60ad43e9b9fa90e240a4965c6bc,Human,1339.0,809.0,2148.0
3214340478,5ccca3bb75ebac9e9a3a1bf966aa114712ff3d9a,Human,69.0,370.0,439.0
3214340478,63a46cd31ce8eebcc3c60645d92cb0fe02b5c5f7,Human,3088.0,2951.0,6039.0
3214340478,7d59254443a29df5344b336272bd9fc691111eee,Human,981.0,5432.0,6413.0
3214340478,7e4aeb78996f624668d22d0979d761e3ce21340e,Human,864.0,455.0,1319.0
3214340478,7e7f74ac7400f005109d312487120f8107b450d4,Human,3.0,3.0,6.0
3214340478,8e332f56e43ca77f80f4a502eca3e874be3449d9,Human,494.0,643.0,1137.0
3214340478,92586363d694cc3f7326525be31315c9fd25db83,Human,1476.0,612.0,2088.0
3214340478,9560433dd148452f94dad1bfc906db8b53b0e4c0,Human,789.0,1516.0,2305.0
3214340478,a5c0e2ca7eca4b6aab61d481a589024b8e3901d8,Human,1577.0,1165.0,2742.0
3214340478,a97c2136f62ddc9240b178d8df7b8673ec5a23f0,Human,1936.0,1604.0,3540.0
3214340478,c897a7a5926222586236b41c0e7516ccc1bef061,Human,103.0,43.0,146.0
3214340478,cbf34030560bf15391c335472532453176d7b5c5,Human,247.0,490.0,737.0
3214340478,d2a9ffb1654c4139b75a45a5f6441df0fc5e6705,Human,3.0,3.0,6.0
3214340478,d48b384a7528ef1a196e75fc34af73d333ddbfc3,Human,215.0,1.0,216.0
3214340478,ea3fa66dbcad23c3ac951f198c68935fb1789731,Human,4.0,4.0,8.0
3214443028,e91e91e979109465cd978cf04fe68602eb564fb2,Human,4.0,0.0,4.0
3214443028,e996fe9531649d273b4a8f10b481932ebb71b306,Agent,3.0,1.0,4.0
3214443028,efaf3bbc5e301dd0e58aa426fe32371e7866a2a8,Human,1.0,1.0,2.0
3214469484,e91e91e979109465cd978cf04fe68602eb564fb2,Human,4.0,0.0,4.0
3214469484,eb618e10f0a96cc434eb02cac31848d97185f640,Agent,38.0,2.0,40.0
3214469484,efaf3bbc5e301dd0e58aa426fe32371e7866a2a8,Human,1.0,1.0,2.0
3215114764,65a1c5384be7b521a614d8ebb8f89d854596c924,Agent,120.0,2.0,122.0
3215114764,6820b1b60374c841d2dd7b72e1d218b908e2d85a,Agent,12.0,94.0,106.0
3215114764,835c4d97b88b544ea109b9b08b3c335d12425c4a,Human,9.0,8.0,17.0
3215730319,216b713eb3b8f68deaf860f83b7a57fba36c8cda,Human,35.0,18.0,53.0
3215730319,30865dc975c48e105326fc13cdca24905026b86d,Human,3.0,3.0,6.0
3215730319,38cf840ed8daae159cdcb0b93a26a560baf4b6e4,Human,32.0,0.0,32.0
3215730319,adc0206533b92509442fb4b1ddc9927da5e4ea7d,Agent,190.0,4.0,194.0
3215992008,0b7a04b9a8a138b2be7ffe2a9f5d1980481c77e7,Human,0.0,108.0,108.0
3215992008,17d342c4e3253bd71ecb9f18724d002e3eae4a70,Agent,455.0,408.0,863.0
3215992008,578dc1d0837ecb1694b2ed14c2ab9e69c37911a9,Agent,60.0,2.0,62.0
3215992008,59440127fa98eb5dd23c1485c7ad6d2f8f735e09,Human,10.0,174.0,184.0
3215992008,8dc50467014c7a90dc039a12db79059932014bb6,Human,33.0,6.0,39.0
3215992008,9ce7a9babdd4c4566828c21de33e8699fdebaa21,Agent,55.0,17.0,72.0
3215992008,abe08d164025dd670e37e286592aaa2fc92fbc7b,Agent,190.0,0.0,190.0
3215992008,c32f19f1e803c06c437a42c320780b2bfe4b9576,Agent,80.0,0.0,80.0
3216257115,0bd67aea1e32a59c971928d6ff1c2ce13bd31e60,Agent,30.0,24.0,54.0
3216257115,172c44fd9a07275a521eec369012033692f6e540,Human,8.0,8.0,16.0
3216257115,909a33f765b579b930c47d0122254cfc81fab9b7,Human,5.0,5.0,10.0
3216257115,cf590044dbd85bf297c9e23f4a1975cdf74d5198,Agent,93.0,0.0,93.0
3216257115,e2d6bd809cbb1f91e556621c60c764512f5ba5bf,Agent,2.0,1.0,3.0
3216257115,ed6d9edea469b95c9839dc9ce91a52570c9f251e,Agent,13.0,8.0,21.0
3217417909,64db00455b3d32180f037896bdb5a61dae1e3a61,Human,46.0,33.0,79.0
3217417909,c63b14e1e42d5663db1e7b05364228aacde01d3d,Agent,811.0,60.0,871.0
3217771787,1f5f22f52d3170754c8bcd5efeb38b7c1ff9315a,Agent,2208.0,0.0,2208.0
3217771787,3a70152e6496ac1f1c2f66a49f6fe3494cd695ca,Agent,0.0,651.0,651.0
3217771787,753fc6dcc8e47739b1665f43dc802322cc093895,Agent,3124.0,0.0,3124.0
3217771787,7eee4c90a5789352d7df4b70a766331b5565844c,Agent,263.0,28.0,291.0
3217771787,a39657714383986dac9eb153fb94e25ec98b7129,Agent,2.0,1.0,3.0
3217771787,d220b1f479d5ccea66e9920ac3cb8d6576fa0dcc,Human,621.0,4613.0,5234.0
3217771787,d7c72604d67bc2f497d5711e1ad9157738717d37,Agent,0.0,2.0,2.0
3218205312,30ab0eefa9d19f786a9e06eeca7dc53ac09ee582,Human,1.0,1.0,2.0
3218205312,363a533936c67abeb726ee852b136060b6921a07,Human,8.0,4.0,12.0
3218205312,55744d52debe50b77dea72d9cd7dc92c4df65bcf,Human,1.0,1.0,2.0
3218205312,a9e0737d918cd25b2c6f7a2e04b6b7fda6ff602f,Human,2.0,2.0,4.0
3218205312,bbf83345e0cfd5856e865a3a4a910c9c955d4eb8,Human,16.0,0.0,16.0
3218205312,c00c0d382da5723c87e796a3f521cd432305d1a5,Agent,11.0,2.0,13.0
3218205312,ebe8086cc1e219a01b435cf9bc4c48d8a074d512,Human,3.0,1.0,4.0
3218486387,7afeb8f9de915cad047ac97972c3e02206ac60e9,Agent,22.0,0.0,22.0
3218486387,8812961ac47ee5de282661788bf15de045a73dbf,Human,2.0,2.0,4.0
3218486387,9606ae2d597c08f51d1515cc252fde89a1487859,Agent,54.0,31.0,85.0
3218486387,be0d6af5dcc979593dd17482e2acdc0b2b90dd4d,Agent,25.0,1.0,26.0
3218486387,e8c04e2cee1fed975cd09eda50ff90ced94526fa,Agent,1.0,1.0,2.0
3219088212,ce3da82e81d06e8f5c5395eb2f1eae5f2a725985,Human,298.0,0.0,298.0
3219102497,08bdaabf14dcd4c1e77bd28b5aaa09ce40d7a120,Agent,11.0,10.0,21.0
3219102497,2b35fd7259d7147f115f672b5db32d55c391f7ce,Agent,1.0,1.0,2.0
3219102497,2b54d8713c4309997c8551dcd2ade4b10915a0ad,Human,0.0,40.0,40.0
3219102497,2cd17c74e040ba8c4fb36f0666dc5c30bf86a8d6,Agent,0.0,7.0,7.0
3219102497,2f7fa734704de4230892f3a4e059aec2a9e6f871,Agent,2.0,3.0,5.0
3219102497,33d81930f5ff01e2e3d7bf8e420bb3dc75fa8853,Agent,522.0,533.0,1055.0
3219102497,3a4f3a8d4b2cf2fd679c70ddafeaed314923f708,Agent,131.0,91.0,222.0
3219102497,3b9055822bc48632bf82fae8e1bdbbe0914f76a7,Agent,3.0,227.0,230.0
3219102497,51f560d16f15b5533e6653f482a961cca4c8daae,Agent,12.0,11.0,23.0
3219102497,537c93d33bb7cce3234c3e9123950d8aec6f99dc,Agent,1.0,3.0,4.0
3219102497,562423e415d62fffc5ee9a86633622d998fd0567,Agent,20.0,20.0,40.0
3219102497,63712e1e6040cffd7131fde33af1693b822f396d,Human,0.0,1.0,1.0
3219102497,7f505fc3dbe1fb24a202db72c76c4fc112537661,Human,0.0,6.0,6.0
3219102497,8c21dc11b19e6a33c2735ce0a3e2ebb286e98aff,Agent,1.0,1.0,2.0
3219102497,9e20c2d43c8a5d932c990a551f55bf7a62e0f12f,Human,1.0,1.0,2.0
3219102497,9f75c3b4150ced7b119520bd2f7e47ec4bfc0a37,Agent,121.0,121.0,242.0
3219102497,b7383b37ed7bb1a3f0198a2c0ba3003a68fc0be0,Agent,1.0,1.0,2.0
3219102497,be72c90b3d474f6a4f109bef45882f798f3a4ee0,Agent,1.0,0.0,1.0
3219102497,c83fd011ecf3eb6b27ba8a051621eda88b84dc21,Agent,1.0,1.0,2.0
3219102497,d0c7e24190e56e82954e4fbcb14c30ba867de1a8,Agent,23.0,27.0,50.0
3219102497,ebdc3f443980e433cb919faa808201585082aa2e,Agent,1.0,1.0,2.0
3219102497,f559e08895f46263cb69a4bfce0a5c0127ae9312,Agent,14.0,332.0,346.0
3220393301,0012bb83be56508fae7e017f0618485a901b2c56,Human,11.0,12.0,23.0
3220393301,00259194ebc22b21a8aa510276e5cd2b1f3310eb,Human,1.0,1.0,2.0
3220393301,37ac69042f0e4ab50c8cc85adf7221d75e5c9018,Human,43.0,104.0,147.0
3220393301,5add0b676922ffaab9153f0aab76efecccd376b5,Human,1.0,0.0,1.0
3220393301,72a6d5f1c0bc0c41cff4bee362103a967769693d,Human,8.0,2.0,10.0
3220393301,7ec368a11b831743c168a9e9196854da93edcebf,Human,11.0,38.0,49.0
3220393301,8f8b94e312990a1a6b67844a7c67de59b24046aa,Human,1.0,1.0,2.0
3220393301,95e3c5547bdb2f5a2bb9e65a0c8cc2b431222d4a,Human,1.0,1.0,2.0
3220393301,97dee9bd723a662f59c2ca3825bd78ac0661a4a5,Human,9.0,0.0,9.0
3220393301,a2230e23b7329bc15c0e044ae9a3c78ef9c2707a,Human,1.0,6.0,7.0
3220393301,c286c500ef684391aea3890a76b032e5f9ccad8f,Human,2.0,1.0,3.0
3220393301,dae91295a4b925dc68626d003c81bfbed0b86972,Human,2.0,2.0,4.0
3220393301,e7f7481b45639277367dc7e7e1f6df57ac501d97,Human,4.0,0.0,4.0
3220393301,fa7130e4d0c7cce6721a334d29845bff606d4476,Agent,138.0,13.0,151.0
3220393301,fdd567893c80a2060d0c3bbd21c56249463e9feb,Human,2.0,2.0,4.0
3220416353,44469be34505b710759b2b838a789aea669b6e02,Agent,6.0,2.0,8.0
3220416353,7baffc62153e3232472f9bea7b412c9491f7992f,Agent,22.0,5.0,27.0
3220416353,80fb99ec60c3e04a3aee5159493dcc0a576d04f0,Human,3.0,3.0,6.0
3220657817,5dd820b4472cdbfc3cb0087dbe49645c0e2d597a,Human,1.0,1.0,2.0
3220657817,5e2a723ff6905961f30d68446c7267fe1ade8ddc,Agent,1.0,4.0,5.0
3220657817,671c4c46a870e3673ea590cda26996ab0e1426d9,Agent,3.0,0.0,3.0
3220657817,794541b30d54253c0ebb3e825af135cc2b81cfac,Agent,3.0,3.0,6.0
3220657817,799225a4b36610e44605ebee3861f4fe67325bc7,Agent,2.0,0.0,2.0
3220657817,80025f9b8ba6b251f6f41b0c31bc6311bec533b2,Agent,2.0,2.0,4.0
3220657817,d499e33afa1e837d9d2a9dccf1fb9e4334b8977f,Agent,10.0,6.0,16.0
3220657817,db9eb177addc136463af3431385352bb46446443,Agent,24.0,0.0,24.0
3220657817,f9a7a01f1707da177da5373f8f5a336963837cfc,Agent,44.0,8.0,52.0
3221043102,03054353462f538b3b4351bd6e08e061b8e029cd,Agent,142.0,153.0,295.0
3221043102,1719219d3a350d86be817af349e18c2ee3b80fbe,Human,17.0,12.0,29.0
3221043102,194f1619012e6e9c25da416d2a10a9caad47dfca,Agent,7444.0,912.0,8356.0
3221043102,1e6c41e07b4d0f443ebd39f80e4b7187529b77ac,Agent,368.0,361.0,729.0
3221043102,2f7b583864fbe48a46efe8e5e3b92c4bf314a573,Agent,487.0,579.0,1066.0
3221043102,3e0d26f603d2e9c2995044edde1a43304ca060ea,Agent,776.0,5487.0,6263.0
3221043102,457a6d3af7590d0fb95aa3f5662fd6680396084a,Agent,28.0,114.0,142.0
3221043102,466a9f8ec4c524dfbbadde830622a479a2092607,Agent,5.0,0.0,5.0
3221043102,47234a320f3b0f85b357bea3ad4d97a85d26c7b2,Agent,57.0,14.0,71.0
3221043102,4873b3989ca3da708f88b0148e2ec00770ed06ca,Human,33.0,30.0,63.0
3221043102,48946146786648aa4561940ec2cdb06bb5123ea5,Human,83.0,84.0,167.0
3221043102,563ca59a28883eb416ae90c7078574b79ce1fa2a,Human,0.0,4.0,4.0
3221043102,5d296faceaf9b2bf519843747fdb2a3b1ffdd71e,Agent,39.0,73.0,112.0
3221043102,617d7acc456158c89942ac849d1187ea50d74f36,Agent,243.0,3825.0,4068.0
3221043102,732f69980d046fa97f84da491653a25619c82962,Agent,481.0,450.0,931.0
3221043102,8389be37c970c5e3b23b37923b5906d7d8aa8697,Agent,7.0,6.0,13.0
3221043102,84ece9d2ad3023dcf4f78b53b44ddf78d1d9834c,Agent,25.0,31.0,56.0
3221043102,88f567fa65d81900f8e58f14445ba42890286d16,Agent,27.0,102.0,129.0
3221043102,94d8aed8b3f0f55bcfaabac11405f445fe526d3f,Agent,3.0,0.0,3.0
3221043102,bd46d8afc9c0f24df40bcfd870ee1c39bd67e96f,Human,8.0,46.0,54.0
3221043102,bd6a76d9302c2100c71512c0c162c680a0957485,Agent,376.0,360.0,736.0
3221043102,d55f8040cdb46ba6060942d5ad6c409bb98cbf83,Agent,461.0,2911.0,3372.0
3221043102,e4b5e3cc42430d82eb65b92d955af06535f7a8b2,Agent,376.0,0.0,376.0
3221043102,e67cd958698fb12b5c7864a718302c2e9974879e,Human,1.0,2.0,3.0
3221043102,eaeddaf712a564e51cee71bba8a09296be76e20c,Agent,233.0,978.0,1211.0
3221043102,ec7ddc5ec7c7c0a0a8767d455c55e9c62f5fc256,Human,0.0,2.0,2.0
3221059598,42cf3d75ba39277ec84d5f8c898c775769a19be8,Agent,346.0,248.0,594.0
3221059598,44b6e94b6d81434104bca80e0c71ed2f1b79dbff,Agent,191.0,2.0,193.0
3221059598,492623a61a7a5166ef48bb87ff4ae47c715971e5,Human,20.0,15.0,35.0
3221059598,500c520395f0433c933fce3dd58aa2a99b381d07,Human,96.0,0.0,96.0
3221059598,567c2d01a04015d528ab7dedc931aab36524c574,Agent,12.0,12.0,24.0
3221059598,66ce05a84cb9c287df20f0c34acd49a1a94ec187,Human,353.0,394.0,747.0
3221059598,9bbd5c3915a35d3ebd03a59d467f5c8f4e8b3f8b,Human,4.0,1.0,5.0
3221059598,9ea0bb14477469e0e040fc45e29fc6d608c8024e,Agent,103.0,51.0,154.0
3221059598,d5f5b09431fe553b9f121b98d5541d8c3146858c,Agent,1.0,0.0,1.0
3221235980,1998fa281cd283525eb3a4b9d83e350bd07e4590,Human,70.0,37.0,107.0
3221235980,7c38790018f2a5e01804e6501fae71a1f8f30f65,Agent,113.0,18.0,131.0
3221235980,823d74753a39001136cd9de3db03be43ee55582f,Agent,94.0,8.0,102.0
3221278458,41204d82eed75df35c93ed8f29e7b25287e86f11,Agent,111.0,146.0,257.0
3221278458,6c5111972cc767efc04d25b315f1bdd9abcd824c,Human,5.0,0.0,5.0
3221278458,71848a1300369c479c79fdc57652c49ae3bce1ba,Agent,1.0,1.0,2.0
3221278458,75d7286a666e4ed127cf14a20c340b8018233acf,Agent,4.0,3.0,7.0
3221278458,b648e0bd05759d06e11c8ce6c7df9fbb5c2f2b7e,Agent,1.0,1.0,2.0
3221278458,bf9f66a6739f6285bbbdc240257d45ca408600d5,Agent,181.0,308.0,489.0
3221278458,c0eb8623b88c8364ae1e3b856040eeb9c402cb44,Agent,454.0,199.0,653.0
3221278458,c8fd1e3a279fd117c0860c699228de147117eb97,Agent,445.0,2.0,447.0
3221411520,1aefdb1fa03fa630671a62701e4191ced0d0559a,Agent,2163.0,5.0,2168.0
3221411520,2e433bbbf893b823607ead520a38b394e07f5a9f,Human,5.0,1.0,6.0
3221411520,d69254936ed034ecd1459c343543edade3e7df26,Human,192.0,158.0,350.0
3221627962,03d7e5a6e625bc41a50a22622fa6ae27765715c1,Agent,124.0,4.0,128.0
3221627962,08c3121a09d1b693f3859c42274f39cad67034b8,Agent,337.0,5.0,342.0
3221627962,0e79ff0e8907423e0d40acb2944e7934e708d356,Human,0.0,259.0,259.0
3221627962,17f4b60aabbf53f27dc88fa635463a7038fb1f17,Agent,88.0,4.0,92.0
3221627962,2a68eceb465632dde77b7c2d71d540b11cca540f,Human,0.0,248.0,248.0
3221627962,33a11e416b84a7cb5434d81f7edd489e4e611aaa,Agent,14.0,7.0,21.0
3221627962,3c1b66fba1567f667a952f7adf99118acc2ad2fe,Agent,94.0,30.0,124.0
3221627962,77bc4e5546a1a7948bab1c4301a81ed0df6ca74a,Agent,6.0,10.0,16.0
3221627962,77f5f7b586358aa4ccbc16138dd8aede661b33cb,Agent,4.0,2.0,6.0
3221627962,7be71f4bc17333f3a3e8375d92bc9cf34fff8339,Agent,108.0,241.0,349.0
3221627962,8f36fd4409f8f8ec757748f4574604f0746271d7,Agent,2.0,1.0,3.0
3221627962,953c1a9829cdd01b08c3ebbd89e2391122cef50e,Human,0.0,69.0,69.0
3221627962,a4ee6fad7efa0d117cca8c6526e9786c6a6c97c8,Agent,166.0,0.0,166.0
3221627962,aeff1010e1145d5c9de47a169808b5c1d544a80d,Agent,229.0,0.0,229.0
3221627962,c92a31fa23b37005773124bebc911cb466c58bca,Agent,17.0,10.0,27.0
3221627962,d022e475e04179b8213ce7ec23ed3a55567c1627,Agent,103.0,95.0,198.0
3221627962,d8c26c0e603c03e8a2f45b160315a539932f92f9,Agent,17.0,1.0,18.0
3221627962,d938d09e4d36c436cc8cebf0d60ee1c4f68a3763,Agent,1.0,1.0,2.0
3221627962,eaf73389593459356ac7b47fde0a9d33b98976de,Human,7.0,7.0,14.0
3221627962,f0780983d2f55b7f9acba019c7658d2648419dbb,Agent,1.0,1.0,2.0
3221647449,003605735a27bf03c37138c94e7f19d212246531,Human,1546.0,66.0,1612.0
3221647449,0e7c4d56f1c50f6640fa82c7ec37c9f255dcd1e9,Human,293.0,6.0,299.0
3221647449,3c07c782ad3cbf82754d04b832b38d8f1ceacfdd,Human,3978.0,686.0,4664.0
3221647449,3d54962a22c6aadf92b7cb32badb66e305cf1287,Human,747.0,0.0,747.0
3221647449,4b124805595077c289b7250f5cb4605ad9ffb880,Human,4779.0,203.0,4982.0
3221647449,56105b837b0bfcd3ca11687db1e6f8711082212e,Human,1.0,0.0,1.0
3221647449,68a58c3a594e436bca1c0bb1738e891c6b53ee22,Human,1258.0,19.0,1277.0
3221647449,7e6f542ecd03f0139a636f407fa39cb6ca0d351b,Human,5.0,0.0,5.0
3221647449,94f97a81d32d43d5c7554d0ad09ababaa579aa2a,Human,1.0,0.0,1.0
3221647449,aa00109f8f1e93c1b1d430da8fd1b56fbcb8ad78,Human,221.0,26.0,247.0
3221647449,b34113f420e3130c4b06729b2c9e17174c7937e1,Agent,1196.0,6.0,1202.0
3221647449,e7b79380fea7cc5d9ae9b78bb0f66b8577aad4a7,Human,0.0,2.0,2.0
3221647449,f5e641fd1fe9e0ef095acc1cb7b4bf281ab68c0d,Agent,1868.0,219.0,2087.0
3221709161,1a7766bc935bd2995da446dbae3972352da5b73c,Agent,395.0,6.0,401.0
3221709161,1e2bae216bf5e79eb37c86cbb1d7e697ef14319e,Human,265.0,0.0,265.0
3221709161,a1c552d3fbd7073f6fac3693c76eb14e02eeea2f,Human,1.0,1.0,2.0
3221709161,bbf4f5601fee564734c860707a022bdb58d885b2,Human,1.0,1.0,2.0
3221709161,bd994f19d47e92d33be5b8642df679fb37c2461c,Human,0.0,202.0,202.0
3221709161,e2cda0b3329045693ac0e2a15a0cc332142e9372,Human,2.0,1.0,3.0
3221709161,ee00712041f02f4755eafafd571c8ff5087ad7ed,Human,7.0,12.0,19.0
3221709161,f1bc98c850d425973e0957540a82b1f0fb0262eb,Human,0.0,130.0,130.0
3221709161,fde7a224e8e829270dd8c270cfbd8a09947aea98,Human,0.0,1.0,1.0
3221802471,f45d97d046b8fe57c9e0747374ae2dd63f2169dc,Agent,216.0,3.0,219.0
3221802471,fa6f03acc9981f105733050aea2625c0500767a7,Human,3.0,1.0,4.0
3222268735,0d1aafbf106caab9896d0dca664817b39583c146,Human,1082.0,0.0,1082.0
3222441952,0ab80d76efaf82ebdb2ce7d952d73bd7a1720cf1,Human,2.0,2.0,4.0
3222441952,21445553393c0accf243876bbac7085bfff095b8,Agent,36.0,17.0,53.0
3222441952,4984733f4082c4301f222f46d3cecb13f48458f6,Agent,0.0,2.0,2.0
3222841302,0c7b56b837620ddcd30b91b1ffbb2f1ae2479a8d,Agent,7.0,109.0,116.0
3222841302,1528de199e25093fa799fe04cfc0bee305d536ff,Agent,75.0,53.0,128.0
3222841302,294f850724d22e844041bc539cd8b8b091597460,Human,1.0,1.0,2.0
3222841302,35466f73784cc915a41af28865cd3bc13e1e357b,Human,74.0,2.0,76.0
3222841302,428b31654cedbaa2bcf68dc28038e38f5da8e2ab,Human,2.0,2.0,4.0
3222841302,4424c263cf45678c970b2d6daf9b3104c586dd50,Agent,1.0,3.0,4.0
3222841302,47bcf6e9bc561104757d629f83def1959c4b223c,Human,4.0,227.0,231.0
3222841302,70bde64db4a693f403eab902f8a4f5991e74bfef,Agent,37.0,25.0,62.0
3222841302,7176ac89e05eb176c1138df43df0a531a9b02f9e,Human,2.0,0.0,2.0
3222841302,7bef3cae5228d8c9ed70ab9d4d9aeac362694f35,Human,1.0,52.0,53.0
3222841302,a834c1d79ad5af31b2264d8ee6664a4e86e40fc2,Agent,296.0,4.0,300.0
3222841302,c994b984d4c75741b05be8cafe82b31dc7390841,Human,20.0,0.0,20.0
3222841302,d7d224ca6f6d9ac3e340e7ca5b39b6cf23b91398,Human,3686.0,0.0,3686.0
3222995485,60ff1df40f2518a7f4feb9e6ff9186d059bb8e38,Agent,455.0,148.0,603.0
3222995485,952a2b8266feb50617b9575c1ad7ae1769e1d5d9,Human,271.0,353.0,624.0
3223586211,17f37f5135044b1a524dd86591d14a3cb245cd59,Human,43.0,42.0,85.0
3223586211,b5ec4ecb91cafeaed1ba6f7cd195b18096f75228,Agent,0.0,6.0,6.0
3223586211,b8fcc0ad0b3e458c43e4151db19a5b51adc90d06,Agent,107.0,26.0,133.0
3223608568,153f8ef45a05144611cc242e286ae14e50e143a7,Human,0.0,49.0,49.0
3223608568,40fa5ff3d23b8f42a30424b792444996021d6911,Human,17.0,134.0,151.0
3223608568,4c188ce189f879954e3f84fe1c525b9f65b4d445,Agent,147.0,0.0,147.0
3223608568,645cfcbff6492417382ac9bd194c970e65670f6c,Agent,11.0,9.0,20.0
3223608568,938758b5658b7043f5a6c9d82483278bc800d950,Agent,79.0,0.0,79.0
3223608568,980f1c73591251fa2f2b2601733c2711f7f1d45a,Agent,11.0,11.0,22.0
3223608568,ac7a036124cff73b5bdfc13751bfc92efa9026d0,Agent,150.0,3.0,153.0
3223608568,af2de1b6ab60504735ae8baf8dbfdf483b232484,Agent,61.0,84.0,145.0
3223608568,dae9e11a5294f933cbf979801cc6a23bfbd98630,Agent,1.0,1.0,2.0
3223608568,e20a583d7422809ad56e53d8fd6ec1a2fc6bce95,Agent,54.0,32.0,86.0
3223608568,e328523f92c909f413ada3e5eab8f60aa44dc991,Human,1.0,1.0,2.0
3223608568,fb91a53afd637f2d63ffef2e85f6fdceb417c507,Human,0.0,1.0,1.0
3223608568,fe868bc2b5ffb47737e19a3169c41259bdeab753,Agent,67.0,52.0,119.0
3223608568,ff24a239325479e68ee20b910204e1a41284b515,Agent,4.0,158.0,162.0
3223618488,2d7c9845f9aebfbcff0059a36ce2874c62324309,Human,17.0,5.0,22.0
3223618488,3f5ff3b2199ccf4775e0f8c94fd500fc7183575f,Human,6.0,6.0,12.0
3223618488,7420ee039e0194ce95dd1f9efeb08919c676fa65,Agent,1.0,3.0,4.0
3223618488,79d7665323be638220ce858f92625ba20e3f7d82,Agent,510.0,0.0,510.0
3223618488,8b415720500891c16823bbf5db5eeea63db53194,Human,1.0,2.0,3.0
3223618488,8e417e8eb54fa110b500a9e43280801008639aa5,Human,5.0,5.0,10.0
3223618488,91c3a3c8173f23a705a03623301661309fd1dc5f,Agent,5.0,3.0,8.0
3223618488,e01a200446e437f67cfc2d39926575d0ef9ba73b,Agent,32.0,14.0,46.0
3223618488,e0f26ec54a2d2c6fe10bb6acb72bdc6b1dfc4a22,Agent,21.0,0.0,21.0
3223618488,f4bd17720a7ee6ad2c43576f4f61774617176969,Agent,0.0,4.0,4.0
3224857167,1b5242448915e826f70b3e23ea5e411ec5cd280d,Agent,7.0,6.0,13.0
3224857167,1f19b98126deab822d7d1f2638076a175cdcbf5d,Agent,433.0,40.0,473.0
3224857167,486d8d842596d2ad9a76119abc0352bdd3a0a563,Agent,248.0,22.0,270.0
3224857167,4c1a7282d7772a8bb4d87288e756fb42f477ad2a,Agent,77.0,15.0,92.0
3224857167,57716222ea07dd9e6650d8516c9c92ee4ca1aee8,Agent,196.0,34.0,230.0
3224857167,6bc4904f6f2f47abf060a5e12e751e87fdd4cc1f,Agent,151.0,38.0,189.0
3224857167,79bc8a91387c08322c5db5d39719dccb5f93fcf6,Agent,2.0,0.0,2.0
3224857167,7b07b62ccd82f4f759c4425fe8d7a88845420e63,Agent,18.0,12.0,30.0
3224857167,7e87a01002e9242549a3836ebaef0a8e0548a8ef,Human,1.0,1.0,2.0
3224857167,80810df3a4db057d8bb171675c6be042f86e9206,Agent,32.0,13.0,45.0
3224857167,850ff81d46c5c6141dfbac75c0d31c6255998fb2,Agent,140.0,68.0,208.0
3224857167,882047749dcd0eab7cb8e7c77a2acf4d842c98cc,Human,169.0,123.0,292.0
3224857167,8e595c0ec7ec30684b8988c1ada29829acbfc6b4,Agent,0.0,226.0,226.0
3224857167,92fd1f555210658a7ab937812323f83acd4f6364,Agent,120.0,19.0,139.0
3224857167,9e4c1b549182c60d55cb60f661e6b934d18d5d41,Agent,299.0,1.0,300.0
3224857167,9f627be08c85d8f6e7461a92bdc45cc1aaba2e7a,Agent,6.0,1.0,7.0
3224857167,a0dbde92a8af57df6b72921001b4bf0d28f2fceb,Agent,33.0,14.0,47.0
3224857167,a69090fb021a0ce8409320d28b1644cdceb71d9d,Human,121.0,116.0,237.0
3224857167,bfbd74363a0c8aa2163b710da953a891ad241612,Agent,35.0,36.0,71.0
3224857167,ceed35abeb988ba32e25767130da2dc0b87d3459,Agent,52.0,92.0,144.0
3224857167,e58c2c647edbd7c18abde19ba3ba6812df4d1b74,Agent,3.0,3.0,6.0
3225310809,4129f3dbd2bc6e3973a3d3d999c2fe8cb586f6fa,Agent,32.0,0.0,32.0
3225310809,a4d1fe3a00eff79ebf291bc781da17d84a80d2ea,Human,11.0,33.0,44.0
3225310809,a96b78c345e0cba6ec4786237bb1e6ef7b10c33d,Human,0.0,2.0,2.0
3225310809,fe36de481b2ceb45c1c3add0f9ea2d615d07eda0,Human,7.0,2.0,9.0
3225400623,102c21c97be337158539670b82243ee0a49f514c,Human,6.0,7.0,13.0
3225400623,14f0bc965926962e53455ff10354fe12253c118e,Agent,5.0,0.0,5.0
3225400623,183dc7269fd846c328b8b3df79c336e367bf6d94,Agent,7.0,12.0,19.0
3225400623,1d71385a277f1338cb89d7f438b859a5837c5b9b,Human,4.0,1.0,5.0
3225400623,22cbdab9f441eaf0a67765861a4cdca2e9f83747,Agent,6.0,49.0,55.0
3225400623,26bd050f74fe9ef7920c9167f786a11d5de93d64,Agent,18.0,15.0,33.0
3225400623,48c4d41f4f2dae0a57831580b630d102805b9180,Agent,8.0,1.0,9.0
3225400623,49081c335853ded1402c5d8e6e1b0dd63ec860f2,Agent,1.0,18.0,19.0
3225400623,49cb5fae78d5acaa2cbeec8c1390d19aba7cb269,Agent,497.0,14.0,511.0
3225400623,518d18882e215b11b53b6e37c6f7e5d76f19dd33,Agent,19.0,1.0,20.0
3225400623,5b42777cce509fa4ed1e80cf32df76d5730e0077,Agent,22.0,4.0,26.0
3225400623,602dfaa726500281152a64fc43e3cc42292366f8,Agent,3.0,1.0,4.0
3225400623,661d324569fc1eb38d738e6bd72817600465c4a3,Agent,48.0,0.0,48.0
3225400623,6f8e1b5b580e49c4382a3152aeae58236ef3b25d,Agent,2.0,2.0,4.0
3225400623,7c08d9e6beff9e5b613b978ccd1550d79cc1eb68,Human,1.0,1.0,2.0
3225400623,81813644f1bf034b47f3370bc0dc668120db4e0e,Agent,3.0,2.0,5.0
3225400623,9a5f83499022185e2db41c77d577af8e0ace10a4,Agent,48.0,17.0,65.0
3225400623,a0ab7bd12792856d891649890330be8762d1304d,Agent,100.0,18.0,118.0
3225400623,a35510bb3836c01dab24ef7d5eebb1795c4db753,Agent,3.0,2.0,5.0
3225400623,a9896fd7edeb92a8a93a016fa5adaa10de143eae,Agent,9.0,3.0,12.0
3225400623,bf440c8d1df45b6a722255f3d191ecc336fa6490,Agent,8.0,3.0,11.0
3225400623,ca36cfcce716541d0c30faafb52cd50cc5415ae4,Agent,1.0,1.0,2.0
3225400623,d393bd8fe1bdaeb4bf277c9050f6c6aa4df0ee10,Agent,3.0,4.0,7.0
3225400623,d711096ba158dfe91a8514bf6853e81b3edd66f7,Agent,13.0,11.0,24.0
3225400623,d7e17eea02b2c7cba3cefee4e69bcf5213d8b8d1,Agent,2.0,1.0,3.0
3225400623,ec2315cc61043e5731d5e676dad5c50c77923a49,Agent,9.0,7.0,16.0
3225400623,f1cb545ad0d9aa65f335a13fe8e0a78d4c5a7007,Agent,3.0,3.0,6.0
3225400623,f7b846b7cddba9e2f1267a265eef4deb1e0d6a5f,Agent,27.0,0.0,27.0
3225400623,fae6ee7873fac781d10efb58ce442cbc71f74258,Agent,7.0,3.0,10.0
3225420842,671591a75c8bf20a79b321742d8df21ffae0a4b8,Human,0.0,6.0,6.0
3225420842,68a6ac4cde5431ffcc260ee091c63a12718bcea0,Agent,6.0,0.0,6.0
3225420842,7093dca17a29585bf898c97ecc1f2a0130a48a89,Agent,45.0,5.0,50.0
3225420842,9cd1181e516f904bda6d4bf4b109c8cb215a97ef,Agent,215.0,0.0,215.0
3225582142,0649aff8e45834548fbe51e265c3cfa1c0843667,Agent,23.0,15.0,38.0
3225582142,281760051f9df416f01587b43967ff41d0b67170,Agent,15.0,5.0,20.0
3225582142,2ef4d67e0e8e10ef6be79c4b2ebd7065293f1aea,Human,3.0,3.0,6.0
3225582142,2f90799436d36318a1058f573f40c91400278c98,Agent,33.0,22.0,55.0
3225582142,30bf5dab0c298cfaf74a7fe04fc07c2b5ad1b36a,Agent,1.0,0.0,1.0
3225582142,72225e9ad9f396e48063ed80a3354371e4bb4cf6,Human,4.0,3.0,7.0
3225582142,7723d1e846603c422e546c5ad77537461e5ae153,Human,109.0,98.0,207.0
3225582142,7898dc2f4092a680f1bc24a7a99d7bbc46e4dfec,Human,1.0,1.0,2.0
3225582142,7d2b8946dc1ec121d5139e17029453509927e3c3,Agent,5.0,0.0,5.0
3225582142,7e4eb39be98233c1415b64e632646a5853cd6dab,Human,4.0,8.0,12.0
3225582142,7f52ac7676d6ac8824cd0629971d0c25fa8592f5,Agent,2.0,2.0,4.0
3225582142,84c9e605c266659cb9f910a6ca5ddffd8cf41765,Agent,1.0,0.0,1.0
3225582142,850cac318f4364f643bad009ed949a9121885329,Agent,2.0,2.0,4.0
3225582142,9026f1b82e74ca9bcb06b0e915367c850afa4e46,Agent,5.0,4.0,9.0
3225582142,a31f49a8156a69c1569e99fd7c0a336a8ef4f5b5,Agent,5.0,5.0,10.0
3225582142,ac1f6ee32059c8456a1df49a6c05133114be1274,Agent,24.0,6.0,30.0
3225582142,ac4669a29389d6755c566af52248b370ee49fea1,Human,1.0,1.0,2.0
3225582142,af2e61d83756e5099e29b7de203af07665b50f08,Agent,0.0,6.0,6.0
3225582142,e4b44a0ebb9e9541e5b2a134902348d86d0bbc78,Agent,47.0,0.0,47.0
3225582142,ecc01beb085a556bb3b9a7009a32ad5dc1dc1381,Agent,14.0,0.0,14.0
3225582142,eee8060f4bcab5fb6f3acac28afe9e8e95541fc9,Agent,7.0,1.0,8.0
3225582142,efbfd7756a1f820d154c2818e091fa35952cb56c,Human,1.0,8.0,9.0
3225582142,f90bbef403893c75811d3f5a2ec0c57c1f81da4c,Human,14.0,2.0,16.0
3225582142,fcf67211b25b473b14a3b961288c1ae78fd7597e,Human,1.0,1.0,2.0
3225792685,29cc3038722494c18ab97affb019766a471f5c57,Agent,416.0,24.0,440.0
3225792685,32b869dd0e79653ad8f73167c2d9d6464c011cce,Agent,50.0,64.0,114.0
3225792685,3cd7da6c5798dd684cd2ac8cbdfde3150a9ee67c,Agent,64.0,11.0,75.0
3225792685,531cd04da8291e783a381efff9edd1986601e87e,Agent,1689.0,124.0,1813.0
3225792685,539eccb092af48894d0ebe7ce344fdead2d3ef5b,Human,152.0,12.0,164.0
3225792685,6759941c0955cd1028b183b40704587ae6451196,Human,24.0,416.0,440.0
3225792685,9dfc84a08652f353436ed8ee9c593971b74cc0f3,Agent,6.0,6.0,12.0
3225792685,a711d4ea3813a30003ee14afd4e4af11ac090c26,Agent,4.0,1.0,5.0
3226043406,000ba135bc822aab3546a8282f9527857a3af9ea,Human,39.0,23.0,62.0
3226043406,1b10474b7341289c7095a0b20d769e539b43b57e,Agent,112.0,114.0,226.0
3226043406,36f460c55f9d13529f67876dc992aefc8e76d2eb,Human,219.0,225.0,444.0
3226043406,3772963e3bc0f5de974640a370d8e44310992ae5,Agent,54.0,23.0,77.0
3226043406,3e708d3c08fec5c7691628416687514314ba5866,Human,50.0,186.0,236.0
3226043406,462971edbbe21163d269077deb2c6b49d151f60b,Agent,78.0,298.0,376.0
3226043406,54e5e67d00fc2f6b1c91833fcd211c06f19039ad,Human,6.0,6.0,12.0
3226043406,64c959ad349384b10be29f8a32e42464934c201f,Human,49.0,25.0,74.0
3226043406,82999279e54645844d1fc47b9ebc26bfec2e0a66,Agent,598.0,777.0,1375.0
3226043406,8401d0372f23e5544112f98422e2e10d76c4fad3,Agent,723.0,0.0,723.0
3226043406,852ba5d7477e925a4a6421c6b78b7d6beac62761,Agent,338.0,13.0,351.0
3226043406,97179adcce9144ed9b02e0a73454fce0f714d896,Agent,2.0,285.0,287.0
3226043406,987353a43664ceab8dcf651f2890d5739c739967,Human,30.0,135.0,165.0
3226043406,aed51d90e0f1e147bbf7756b18e004edf5677966,Human,5.0,60.0,65.0
3226043406,ba12d5f8cc0f64b3cf7191338b1a01f988f55ed5,Agent,2295.0,1667.0,3962.0
3226043406,c06b60ba2849f7f78f9e09688c68370d5bbee79d,Human,62.0,16.0,78.0
3226043406,c4d0cd2d61cee092f32999cd0331432481a1e827,Human,146.0,34.0,180.0
3226043406,d43dd6544511411050757940daded410c74b7fb9,Agent,0.0,723.0,723.0
3226043406,d5ea103dd0e7bf00785d8edd936ec31880d6d3f4,Agent,32.0,24.0,56.0
3226043406,ec14bec9d10dac810f0a31416975309fe5252566,Human,5.0,3.0,8.0
3226043406,f0a7ffe3f25acf5875198fc635066202ee9d186b,Human,220.0,128.0,348.0
3226175596,0de7a469565e0811f2b2178feaa4d23696054a14,Agent,935.0,0.0,935.0
3226175596,74eff608da5c56bfde7e8fd5dfd398c9f87153fc,Agent,103.0,263.0,366.0
3226175596,a97aa589ac2bbcaa219f180728ca2d07ce7976dc,Agent,1.0,1.0,2.0
3226175596,b9b1f19a4ed121529ce7cb701653d328d2dc9b10,Agent,1.0,1.0,2.0
3226175596,c7865502c5a3be131f0a61368a0008362082e624,Agent,76.0,38.0,114.0
3226175596,cf1a666a4d7d41ca210ebda507c92e6eb3e3caa2,Human,93.0,139.0,232.0
3226175596,d0e19d20fa7082ee36a8692fe0f1eae680ad0d01,Agent,53.0,153.0,206.0
3226763449,155710600e6acfa4bd624443227575f6d4a8eae5,Agent,2.0,0.0,2.0
3226763449,159595594e98b785386fe018dc5faf4ecd784315,Agent,4.0,4.0,8.0
3226763449,1c17b425a478aa3b90fbc8122d85cabdde0b9a0e,Agent,1.0,1.0,2.0
3226763449,1cf151340463ca2294a1274679d0c5ce84e71e5b,Human,2.0,2.0,4.0
3226763449,60736987bbff1b340464fbc9c2ccc8d84475339d,Agent,92.0,2.0,94.0
3226763449,836331966a6e6858c01b6740de313894a338dd42,Agent,4.0,1.0,5.0
3226763449,9a65215b3f6ea97cda086b95e7020f776ad725f6,Human,22.0,26.0,48.0
3226800461,18a98c7bf1a6bf6185b570e2fc14ce47b2ecc4d6,Human,0.0,1710.0,1710.0
3226800461,1b06474d1579d45d4dc35a03d020233d6e9d562c,Agent,92.0,9.0,101.0
3226800461,314a0e2aa960588b0d157e973ea43299a48b75bb,Agent,71.0,67.0,138.0
3226800461,48531784d6bfe3a6203d95572f73b8841fa227db,Agent,48.0,17.0,65.0
3226800461,65ac9ef8b2c1df6655d6260dcbada132f8a80c47,Agent,2307.0,3.0,2310.0
3226800461,7e1332b92585ccd7d8aed16e3780573d2252575b,Agent,3378.0,18.0,3396.0
3226800461,919e1b6af9e8225ea063e8ff6c754e9d2381e89c,Human,2.0,2.0,4.0
3226800461,9bc0591011fbfee3d282abd6f8d64aa4a603013d,Human,29.0,29.0,58.0
3226800461,9cf0173bc9d074f2ae087d4a3ae9e9c568105dd0,Agent,533.0,35.0,568.0
3226800461,a2a3ab5e9bd7a465bd99363334a279d40f90ff50,Agent,24.0,0.0,24.0
3226800461,aa82a9248e6bc081e8c4db2c538aaefc77508374,Agent,133.0,0.0,133.0
3226800461,c4a830ab01bf22abe308cddef4926217a89af219,Agent,156.0,29.0,185.0
3226800461,c861fba60210ebdfd88435eafb1dff3c70ca3a05,Agent,40.0,4.0,44.0
3226800461,ea9c466b1c1a624d02ce2663fdfd714f4b9782cb,Agent,16.0,7.0,23.0
3226800461,ec42999448e91bb82c3c6259edc1f6dfd369e024,Human,0.0,1641.0,1641.0
3226800461,ed7ae2e4e8eaf5c23c7a82df53e5a8e76b67d54f,Agent,12.0,8.0,20.0
3226800461,f224dfa3cf787bc22a7a1544e647ff472036c358,Human,106.0,9.0,115.0
3227146331,1982cf863e455e5b228f97cd8593d0a55e48e32b,Agent,2.0,2.0,4.0
3227146331,524141e6cb46708c95f0cb8fc23627ad8a68e119,Human,385.0,385.0,770.0
3227146331,677e2a8cc7c829f8c72356cfcf1c44bf17be21a1,Human,2.0,2.0,4.0
3227146331,6f46547e4ff3e0c306e70617c2f8a27222f3f3d5,Agent,2.0,2.0,4.0
3227146331,ecc378cf08a98355d2f037e38ed87b006cd64b9a,Agent,2.0,2.0,4.0
3228763432,c27f5e991105c368ba966d62d4402e67a2cc7493,Human,26.0,12.0,38.0
3228763432,cf98713a634445dd90e512fc7393e76930f4089c,Agent,359.0,7.0,366.0
3228764972,02dd5c5c6bb49e18ce2c37a4f21ddf889df3ac92,Human,168.0,345.0,513.0
3228764972,0bff2d5735024705a694fb758c4d67351a41a20a,Agent,89.0,2.0,91.0
3228764972,2adc7d7415349b26fdff00097bba9de6a0f06891,Human,4.0,7.0,11.0
3228764972,2ed54e15fe4496ab1abe20a9ad7d68174474bb7a,Human,3.0,0.0,3.0
3228764972,3f63ab198c0498c571f92a9a15ec2c0486f60fca,Human,16.0,43.0,59.0
3228764972,40f8756a6e6fe6c12c7082f0c6dd9326a03beec4,Agent,286.0,0.0,286.0
3228764972,45fe23c86e88a740a93bbff59e72bcf55eda2e8c,Human,1.0,9.0,10.0
3228764972,54cba613690ebec2170614d98485bf271d30c336,Human,0.0,1.0,1.0
3228764972,6515479b619169bbceb3b66d02bb38b3fe8bd6b6,Agent,269.0,6.0,275.0
3228764972,6e9254767438890ee7617e3d28a55648454238ea,Human,90.0,62.0,152.0
3228764972,8fcf911bcf0c13eb98094447c748d48147a2c0f3,Agent,88.0,0.0,88.0
3228764972,91fd1bde1a2d2e5e07e113aa87d5360c1e6c5e65,Human,3.0,54.0,57.0
3228764972,93f3d8420b0528b5d41758d4410a6a3ab8a1f144,Human,79.0,12.0,91.0
3228764972,a05ae101c95a443502b7246e4a4fb553c2da9ad7,Agent,293.0,13.0,306.0
3228764972,b571c22e1a89b1232d1c86c3e3953158494b5995,Agent,231.0,211.0,442.0
3228764972,b580cba65f95e227115d9f443046bbb5fa1e8cf2,Agent,37.0,1.0,38.0
3228764972,be3e0e34efcd99bc56f4c3e40da828ce56b7c0a0,Human,35.0,494.0,529.0
3228764972,cf329b324e042891749e54eb9c75e3ff9cac6d6b,Human,51.0,2.0,53.0
3228764972,d2a9b64beb0d7beeadf0daaabb56b71298f4fb25,Human,1.0,1.0,2.0
3228764972,eef19411a93b1b9f62b1337ca62fb6bbd5bff822,Human,25.0,23.0,48.0
3228764972,f8e415fc822973896c00c5e96e45d3cdbfd7d15d,Human,69.0,2.0,71.0
3228764972,fa315eef4984e009cc8ac4e812c06efe8ec4a3fe,Agent,276.0,52.0,328.0
3228764972,fc66a14f224195727dced3aaf73e4eb736ff0552,Human,41.0,19.0,60.0
3229160527,15f4e91c94ae8ad30dbfd854a97e5f2bd66da478,Human,5.0,5.0,10.0
3229160527,253848d0205f247829377ca92cccc9884111d2a3,Agent,9.0,9.0,18.0
3229160527,25493e2bcc420002f60eb23d6eb4cd81c2c8b710,Agent,460.0,120.0,580.0
3229160527,2aee10fc151ea81aae0229734c97e02906cfcc9a,Human,1.0,1.0,2.0
3229160527,3d3058ef99dd523a5200f4dccc1c1ec8e6b7788f,Human,1.0,1.0,2.0
3229160527,40d59a46dffb8a600911f6fd3d2ec7d6731c3652,Agent,1.0,1.0,2.0
3229160527,4945fc3f41f9c2831c5e60066423d1729b648038,Human,1.0,1.0,2.0
3229160527,5f1e3fb52203e8dba97359eeb4cc97ef41a87482,Human,1.0,1.0,2.0
3229160527,69a9bd901063f4acb08d5d97f128580b8ea9d632,Agent,120.0,416.0,536.0
3229160527,7a09cdb77fdf6e7868745f2301f714b9c6778e02,Human,1.0,1.0,2.0
3229160527,834114707991122c0ce5682d1525a8d1574f5033,Agent,10.0,10.0,20.0
3229160527,8e8ffd3997cc6b5efb43ad5d3783e6424194917b,Human,6.0,6.0,12.0
3229160527,936a76bcfdd21f5efaf7df981c476f8f31fc0c24,Human,1.0,1.0,2.0
3229160527,a1c3a2f63c5411f6c1c0ddc7b63ced0a9b0fbca6,Agent,51.0,51.0,102.0
3229160527,aec767c879ed670a7c600891a76a8a94ab7058f0,Human,1.0,1.0,2.0
3229160527,c55acb1382c14d96a52edd60c12d9071362bbb96,Human,42.0,42.0,84.0
3229160527,cedebe158c066f86faa807e044f14ebb92800c6f,Human,1.0,1.0,2.0
3229160527,d3b7500bee4cf73adb4057fc6951002d621f9d5f,Agent,15.0,15.0,30.0
3229160527,e362a50363cbf8280d6e5522bb9d342bf3b00971,Human,8.0,8.0,16.0
3229160527,ee6b76a3cde19c501a5b169afacfe2bcbbb11997,Human,1.0,1.0,2.0
3229160527,fc96dfd07e22c7115e1b0366cc542288be950c2b,Agent,1.0,1.0,2.0
3230250225,205398c837937c6e0998dd1a6f5c2d47b8502f5a,Human,1.0,1.0,2.0
3230250225,9b6ceaa602d4dcadb9cf4dfd73b53e01b8660ead,Agent,10.0,15.0,25.0
3230250225,a7bf1b6c9ff868a1c0f4400adafb188d770ee509,Human,9.0,9.0,18.0
3230250225,c2fa2da849498e3b8a86b68dfed23068d7eb3339,Agent,484.0,25.0,509.0
3230351703,19b9d89560512384350245d141fdc9ee1bc3d0c6,Human,33.0,19294.0,19327.0
3230351703,549490322f657674c6ab61b9345abd41f952ddc8,Agent,0.0,69.0,69.0
3230351703,6d663e3acc97e744a32d2780e22ab9a39c1bd47a,Human,494.0,523.0,1017.0
3230351703,72b4be3ca349d478842d769c0c092fe9d1ee5e20,Human,4581.0,6350.0,10931.0
3230351703,851b168dedac6d2bbd37f34b2d65658cf438367f,Human,443.0,236.0,679.0
3230351703,b480b0dca7559f72c3a466d6e7d9d090cd6ae6bd,Human,3611.0,241.0,3852.0
3230351703,d0edfdf9defac70194962ed7748be3400a63e0d4,Human,1294.0,1264.0,2558.0
3230351703,dea65d6d2e3bae315cb1356c84e782fe3e64b635,Human,20.0,19.0,39.0
3230529031,07018f2fd8d7421fe8d756775359dcfd3a11c6fc,Agent,37.0,36.0,73.0
3230529031,0b5918fff37475634e9fa1fe5317a38e1fd3557b,Agent,134.0,7.0,141.0
3230529031,0ec28331c19f608602222a078647e0e6ce7726ee,Human,20.0,45.0,65.0
3230529031,3d2d30d1429e23ef9e6f68245f404742e0c7e46d,Agent,378.0,51.0,429.0
3230529031,46a86dba5f7f91009be9a86579ad4a37e5514417,Agent,175.0,427.0,602.0
3230529031,46b737b1ad38d367f88b0bb18bce443bb8594e67,Agent,16.0,16.0,32.0
3230529031,4c5f4c8ea40d22c3a68b811ac7e2df416dca733a,Human,32.0,62.0,94.0
3230529031,4c9bf96129e8176f010dd6e26e3a4cab6edee514,Human,2.0,1.0,3.0
3230529031,4f46feb86ce4b466e6ccc073d0120e169ae5c722,Agent,23.0,94.0,117.0
3230529031,62ecc17f973aa47c9cb92cf4395003495ed5b801,Agent,16.0,10.0,26.0
3230529031,87e3e8aefdf5ba676f81eafc62de234e082d696b,Agent,10.0,8.0,18.0
3230529031,89131cb01ca3977eb730e560d447721be39b244e,Agent,222.0,2.0,224.0
3230529031,920c85e39b7306b21bbb629ab008b2f0eafe5054,Human,3.0,6.0,9.0
3230529031,9f2ed9ff0878be65697d12eebd4d2cdbc3c5b047,Human,3.0,9.0,12.0
3230529031,a257b5ac7cb4f5cf3b11574721c9b60e968e9344,Human,1.0,2.0,3.0
3230529031,a7b6d5ddce735e15896e58294c6314dff0a5b83f,Agent,13.0,9.0,22.0
3230529031,bcacf363dbafed31fc3462efc9dad1b7057f3ef7,Agent,194.0,159.0,353.0
3230529031,c6c3e6c0caf0b04b42c98e4d2e8688d949e5f6e1,Agent,7.0,3.0,10.0
3230529031,d12f0e8c2c3e2f672848ca11f3eb4937408033f9,Agent,32.0,64.0,96.0
3230529031,dd1d3ff619f5012197cb017d19c2a9f0b43abbff,Agent,16.0,12.0,28.0
3230529031,e9f3335bd790ead02568401c9aa950950a8a9a66,Agent,20.0,30.0,50.0
3230529031,f6710f9e95e19169d956c59815828dfecd6d4d78,Agent,53.0,65.0,118.0
3230529031,fc4168379a8bc950faf6dc3aa7bebaca8407a095,Human,5.0,7.0,12.0
3230529031,fd57bef7c365b639b09ba7e3d63400953793d698,Agent,900.0,4.0,904.0
3230595231,2cec66aacdb242d1b2458297565b744bc73ff283,Agent,280.0,1.0,281.0
3230595231,887ce8575cc953e72bf90fb8e2f6f55bb4a6cc96,Human,2.0,2.0,4.0
3230595231,9065eddebe8939667139a8b787bed4890737ae0a,Agent,6.0,66.0,72.0
3230657224,5754edce4b1197e259b0a174cbedf9caec783fbe,Agent,621.0,20.0,641.0
3230657224,6355df5d95c9c0202635cefffe4650d9167ee43a,Agent,17.0,0.0,17.0
3230657224,ba8ae71998697cf9750563e5bd21a7dbe05cecf2,Human,9.0,15.0,24.0
3230657224,c3df353a8da37d100d31c44997ffdb5ccaf3780c,Agent,262.0,5.0,267.0
3230657224,dd2d1c5e6b28beef218e5ec66aa61fd503d3e09d,Human,6.0,0.0,6.0
3231648781,12b1cbd24c2a89c06dff71109718318fba89d40c,Agent,269.0,3.0,272.0
3231648781,96cae9a9b9972ac06e7ce6bdaef09f35c84c72c8,Human,5.0,4.0,9.0
3231648781,9d60526f710cdedbddc07d827d3796a2b031f61a,Human,0.0,25.0,25.0
3231648781,e8037884dfc05f86df8c1201f5a5e88f29dc6b6d,Agent,192.0,0.0,192.0
3231648781,f5125245de9ad232ec860b295b1923b8a7ca465b,Agent,1.0,1.0,2.0
3231648781,f8b630b3ff333712c72c833367a6eb767d4f4c3a,Agent,165.0,99.0,264.0
3231648781,ffa32624fddee7d05dc69f32b5d26b365c008259,Human,12.0,17.0,29.0
3231652557,00cb5831d9962c95325114bac3e83abe127027e9,Human,27.0,153.0,180.0
3231652557,3065bd857d7cde4fbf11e11dda6554c663734be1,Agent,106.0,92.0,198.0
3231652557,3b8efae4b5023c0ba51674622846805c778a01d3,Agent,19.0,19.0,38.0
3231652557,51f68ed7eb2e0ace470c9c5af41628b5af4051db,Agent,2.0,2.0,4.0
3231652557,5957f9935c3efcd7a0aff85ca69648741e791511,Agent,252.0,231.0,483.0
3231652557,656103157cafd16aa232837b6ab37d5a3ccc53a6,Agent,34.0,9.0,43.0
3231652557,72b249fae46bf7228b5fccc1ca2ae282a6e6fad5,Agent,85.0,100.0,185.0
3231652557,85efc35bcaa6d7b0f05c6fa30864909276b0223d,Agent,23.0,15.0,38.0
3231652557,911a31d21a2eeae91529f9959207cd0a05b6f12c,Agent,110.0,72.0,182.0
3231652557,918ff68935750b1e4c45ab16ab75c6817740ce7a,Agent,88.0,46.0,134.0
3231652557,9a1714359bf83c78c8d68100108bc481411caade,Agent,49.0,80.0,129.0
3231652557,acefc9183b343b602c7774cee759d98e243d5907,Agent,432.0,5.0,437.0
3231652557,ad00cb5479a6348a9f541bffc041f1b0797a9063,Agent,54.0,62.0,116.0
3231720206,33a17f0a97af8bd1ac7034a1803735a66201bfc6,Human,38.0,84.0,122.0
3231720206,455602fee42f7c6657813ee44b963d168972678a,Human,13.0,132.0,145.0
3231720206,5d6a8654938c31920bc241e832a74ee7b7fe4049,Human,7.0,6.0,13.0
3231720206,77a82feb3ebceea1dc9c908d92aa859c6bdfafdd,Human,2.0,7.0,9.0
3231720206,8b22784f8d7515e9524dff91a56b4a3a2ca4bf58,Human,350.0,0.0,350.0
3231720206,e90ba640c81ecaafc34532365d570f3fe96fa209,Human,88.0,246.0,334.0
3231949586,13ed3dd98332d1d7261fce571196c2457d26c541,Human,2702.0,545.0,3247.0
3231950376,0ca70362ef69d52341c3ccb449e0c3d242844436,Agent,0.0,228.0,228.0
3231950376,0f522dfadda82fcf96527a8c8ae1eb183334cfeb,Human,240.0,323.0,563.0
3231950376,12e2030d4bfde72e976d1cfa64cbfd1e2fbbc186,Human,5950.0,18.0,5968.0
3231950376,2bbeab436f36992fdf58430f104076138ab571a7,Human,6.0,4.0,10.0
3231950376,b420c74c3b852bd22d940e640f56340040c369b7,Agent,157.0,57.0,214.0
3231950376,b68f87285d73407ee76d4a7cca02455006248fca,Human,2238.0,436.0,2674.0
3231950376,ce3bed24d1567baab41dafcb4a415c1af06f657b,Human,1678.0,350.0,2028.0
3231951012,0ca70362ef69d52341c3ccb449e0c3d242844436,Agent,0.0,228.0,228.0
3231951012,0f522dfadda82fcf96527a8c8ae1eb183334cfeb,Human,240.0,323.0,563.0
3231951012,12e2030d4bfde72e976d1cfa64cbfd1e2fbbc186,Human,5950.0,18.0,5968.0
3231951012,2bbeab436f36992fdf58430f104076138ab571a7,Human,6.0,4.0,10.0
3231951012,b420c74c3b852bd22d940e640f56340040c369b7,Agent,157.0,57.0,214.0
3231951012,b55504d4867589044e018173932a5a2e8dc8021d,Human,2807.0,1058.0,3865.0
3231951012,b68f87285d73407ee76d4a7cca02455006248fca,Human,2238.0,436.0,2674.0
3231951012,ce3bed24d1567baab41dafcb4a415c1af06f657b,Human,1678.0,350.0,2028.0
3231951656,0ca70362ef69d52341c3ccb449e0c3d242844436,Agent,0.0,228.0,228.0
3231951656,0f522dfadda82fcf96527a8c8ae1eb183334cfeb,Human,240.0,323.0,563.0
3231951656,12e2030d4bfde72e976d1cfa64cbfd1e2fbbc186,Human,5950.0,18.0,5968.0
3231951656,2bbeab436f36992fdf58430f104076138ab571a7,Human,6.0,4.0,10.0
3231951656,ac2a114e0120f5dfd831948809e897a8dc2c1d8a,Human,2802.0,354.0,3156.0
3231951656,b420c74c3b852bd22d940e640f56340040c369b7,Agent,157.0,57.0,214.0
3231951656,b55504d4867589044e018173932a5a2e8dc8021d,Human,2807.0,1058.0,3865.0
3231951656,b68f87285d73407ee76d4a7cca02455006248fca,Human,2238.0,436.0,2674.0
3231951656,ce3bed24d1567baab41dafcb4a415c1af06f657b,Human,1678.0,350.0,2028.0
3231952364,0ca70362ef69d52341c3ccb449e0c3d242844436,Agent,0.0,228.0,228.0
3231952364,0f522dfadda82fcf96527a8c8ae1eb183334cfeb,Human,240.0,323.0,563.0
3231952364,12e2030d4bfde72e976d1cfa64cbfd1e2fbbc186,Human,5950.0,18.0,5968.0
3231952364,2bbeab436f36992fdf58430f104076138ab571a7,Human,6.0,4.0,10.0
3231952364,ac2a114e0120f5dfd831948809e897a8dc2c1d8a,Human,2802.0,354.0,3156.0
3231952364,b420c74c3b852bd22d940e640f56340040c369b7,Agent,157.0,57.0,214.0
3231952364,b55504d4867589044e018173932a5a2e8dc8021d,Human,2807.0,1058.0,3865.0
3231952364,b68f87285d73407ee76d4a7cca02455006248fca,Human,2238.0,436.0,2674.0
3231952364,bf0aee2f54630f26872951fd245849edbfe7cda6,Human,2508.0,650.0,3158.0
3231952364,ce3bed24d1567baab41dafcb4a415c1af06f657b,Human,1678.0,350.0,2028.0
3231953027,23507a1d9754fbb12c216240b6c5a220def570e8,Human,2238.0,436.0,2674.0
3231953027,2dc53b4c82247ea9a55c4cadfbfa1de20210c539,Human,2807.0,1058.0,3865.0
3231953027,3f8c0b185e5b50ed3c7469f864bfed2e4f20f9bb,Human,5652.0,21.0,5673.0
3231953027,6947d76291bbc4057625c367785fc2abf4945a79,Human,1678.0,350.0,2028.0
3231953027,976be40a7576dcb073c052b904165ae45ad58cd3,Human,1982.0,422.0,2404.0
3231953027,da0fa2ab38c66845ae6881885a03d23362e4b66d,Human,2802.0,354.0,3156.0
3231953027,f3373bc48b957c1d3119c254e1a5e6089a6c3b4e,Human,2508.0,650.0,3158.0
3231953757,23507a1d9754fbb12c216240b6c5a220def570e8,Human,2238.0,436.0,2674.0
3231953757,2dc53b4c82247ea9a55c4cadfbfa1de20210c539,Human,2807.0,1058.0,3865.0
3231953757,3f8c0b185e5b50ed3c7469f864bfed2e4f20f9bb,Human,5652.0,21.0,5673.0
3231953757,61e7f81e4ace04c50ccafeb5fc5094ac7b7e7a7a,Human,2523.0,385.0,2908.0
3231953757,6947d76291bbc4057625c367785fc2abf4945a79,Human,1678.0,350.0,2028.0
3231953757,976be40a7576dcb073c052b904165ae45ad58cd3,Human,1982.0,422.0,2404.0
3231953757,da0fa2ab38c66845ae6881885a03d23362e4b66d,Human,2802.0,354.0,3156.0
3231953757,f3373bc48b957c1d3119c254e1a5e6089a6c3b4e,Human,2508.0,650.0,3158.0
3231954470,23507a1d9754fbb12c216240b6c5a220def570e8,Human,2238.0,436.0,2674.0
3231954470,2dc53b4c82247ea9a55c4cadfbfa1de20210c539,Human,2807.0,1058.0,3865.0
3231954470,3f8c0b185e5b50ed3c7469f864bfed2e4f20f9bb,Human,5652.0,21.0,5673.0
3231954470,61e7f81e4ace04c50ccafeb5fc5094ac7b7e7a7a,Human,2523.0,385.0,2908.0
3231954470,6947d76291bbc4057625c367785fc2abf4945a79,Human,1678.0,350.0,2028.0
3231954470,976be40a7576dcb073c052b904165ae45ad58cd3,Human,1982.0,422.0,2404.0
3231954470,da0fa2ab38c66845ae6881885a03d23362e4b66d,Human,2802.0,354.0,3156.0
3231954470,f3373bc48b957c1d3119c254e1a5e6089a6c3b4e,Human,2508.0,650.0,3158.0
3231954470,f7aff75a72e98ddbb61bfb01cdea073b81ffb5fb,Human,2551.0,400.0,2951.0
3231955292,23507a1d9754fbb12c216240b6c5a220def570e8,Human,2238.0,436.0,2674.0
3231955292,2dc53b4c82247ea9a55c4cadfbfa1de20210c539,Human,2807.0,1058.0,3865.0
3231955292,3f8c0b185e5b50ed3c7469f864bfed2e4f20f9bb,Human,5652.0,21.0,5673.0
3231955292,4366f1a2185184a9851dded826cc02a3b98529a2,Human,0.0,86.0,86.0
3231955292,61e7f81e4ace04c50ccafeb5fc5094ac7b7e7a7a,Human,2523.0,385.0,2908.0
3231955292,6947d76291bbc4057625c367785fc2abf4945a79,Human,1678.0,350.0,2028.0
3231955292,976be40a7576dcb073c052b904165ae45ad58cd3,Human,1982.0,422.0,2404.0
3231955292,da0fa2ab38c66845ae6881885a03d23362e4b66d,Human,2802.0,354.0,3156.0
3231955292,f3373bc48b957c1d3119c254e1a5e6089a6c3b4e,Human,2508.0,650.0,3158.0
3231955292,f7aff75a72e98ddbb61bfb01cdea073b81ffb5fb,Human,2551.0,400.0,2951.0
3232844270,1b9690f5b77b2530a875880c39bc829454213197,Agent,5.0,7.0,12.0
3232844270,1e5dd291acbc3c25955f26c3e92067f0900e1f19,Human,18.0,5.0,23.0
3232844270,23bd15fa88d28afa6d15ec6260af7c56867b1a1a,Human,15.0,15.0,30.0
3232844270,26adb38dc3580d244ad73c00a2f0571a04311279,Human,58.0,16.0,74.0
3232844270,2b8c760a281acf9e04cd0358b97eb1197d60e637,Agent,32.0,152.0,184.0
3232844270,36785a9f9d47200642905139dd5948d47ae1a435,Human,140.0,257.0,397.0
3232844270,369ee78a133d2cdb6aee5eaa1d62250ea094f6aa,Human,4.0,0.0,4.0
3232844270,53f9ff59218f0132da53056c83c2f296737a382e,Agent,370.0,8.0,378.0
3232844270,575d6951bffe1776beff850099198f3a61623b91,Agent,21.0,4.0,25.0
3232844270,5b42c1e2068145409fc2b3d44f9fbfda4bdca2f5,Agent,138.0,0.0,138.0
3232844270,5b7371be657751f0069e860fcabf1fbc01244940,Agent,70.0,29.0,99.0
3232844270,61774c69ac53a1bfe07836df509a987a7466da68,Agent,35.0,1.0,36.0
3232844270,622db1210306ac1c61ef1c17bc8247a03d6b1584,Agent,963.0,176.0,1139.0
3232844270,72c47313633d1830a75ea2a9743e05dcf911d4e6,Agent,1487.0,122.0,1609.0
3232844270,77a2596fe355da5d5079115c29f2cc764502c173,Agent,327.0,553.0,880.0
3232844270,88f4e2d7616647185d1320066a209a937141b689,Agent,83.0,15.0,98.0
3232844270,97cb87f1430f67ca4fccff4b8a25c684272dc602,Agent,5.0,44.0,49.0
3232844270,9ade8f87a3249aa7519971132d9b3d59926ed768,Agent,7.0,16.0,23.0
3232844270,9ef09e9289c07b66a13eb8f912aa9f0c62839d0e,Agent,886.0,0.0,886.0
3232844270,a107511eee89a6f33aa173ace5d7e7da41757502,Agent,155.0,17.0,172.0
3232844270,a3e4647e0034a5190e830523666ee326914b80da,Human,504.0,61.0,565.0
3232844270,a4e0257ad098852fd7e0a7b53dfc7f748199e023,Agent,635.0,38.0,673.0
3232844270,ab85effd491f7bf13ed7fde7f22f1f4764ef02c1,Agent,27.0,17.0,44.0
3232844270,b6c7e6afea660be96e00c0bbc6f5471d75d7612e,Agent,48.0,4.0,52.0
3232844270,cbbcca820689242eec613fe285cd2d8942116520,Agent,392.0,10.0,402.0
3232844270,ced19f5f073040c837b75a276659d46e1c078dea,Agent,1.0,1.0,2.0
3232844270,dcd6a796b3a859b689d8151d70f5fea76b89256d,Agent,41.0,0.0,41.0
3232844270,e7419d761abd9dc9f0adc456905cdaee26fcf220,Agent,46.0,3.0,49.0
3232844270,ec9a2e166b378284fe3ddebeaff2f298e8a8bd36,Agent,3.0,3.0,6.0
3232844270,f927d2038e2a1b63c9883856697a04494bd869f6,Agent,4.0,4.0,8.0
3234026322,499fa1355ebfab306ecb603e110adae850c1c9e5,Human,193.0,265.0,458.0
3234026322,597d9373f85e9819023555660d3645c30be46ff3,Human,1.0,1.0,2.0
3234026322,8d534902c9e3fbd99aaf1797ba0e6d311a1bdceb,Human,1.0,0.0,1.0
3234026322,94d77e709aa364e95ca6ff8b366631bd7ed16445,Human,259.0,0.0,259.0
3234026322,a51ce1d0697b90d606eb43cd832cfdf064841911,Human,12.0,0.0,12.0
3234026322,f0c94075fb6147851b1a8fcf1390e2f0415bd2f3,Agent,226.0,1.0,227.0
3234115546,4065732474696c61efb647a0e03fa5d0e848f1cc,Human,0.0,1.0,1.0
3234115546,879a058a7d74428bb0b0dc862c50004bb5d2dc4e,Agent,1.0,1.0,2.0
3234115546,8f6d809f6c3183d79fd431668af728f01cc3ce6f,Agent,95.0,10.0,105.0
3234115546,947a6ae6b7698e4a9271565eaa60d3b2c9c14175,Human,4.0,3.0,7.0
3234115546,c982b4481321fda86cec4d10aefedc4073f2e887,Human,2.0,2.0,4.0
3234115546,cde6dcf45c73b298f0390f61ec857729a6ba8525,Agent,182.0,6.0,188.0
3234115546,dd63163dd2b8212c0071062ce9a3d7271a8fb8d1,Agent,5.0,5.0,10.0
3234182132,1667612481317a021a22d861eeef7e7d2b8e9224,Agent,70.0,64.0,134.0
3234182132,1b2e9c15098f4f10f7a168bda664b21f1f2b465f,Agent,5.0,8.0,13.0
3234182132,1bc0d0887e9f8355ff57f4f18bf4cdfb8f8d9c71,Agent,1.0,3.0,4.0
3234182132,671d6aafaeb67595f5a8c2d82fc2c00639bbeccf,Human,1.0,0.0,1.0
3234182132,861b6ea943e1864dee16aad90c3a4103f8e48cc7,Human,18.0,17.0,35.0
3234257351,128fb3371e1bdaf4d754149c6f6807fa501c0ea5,Agent,2.0,2.0,4.0
3234257351,15021c0c13701efdb9b1524d1aad4fa9f7a3b7e4,Agent,0.0,4.0,4.0
3234257351,4435a07c49ff0b24b5d15090e29266551c6c92ce,Agent,433.0,2.0,435.0
3234257351,57b0b9229cdc580dfa4cc589283b5dbddca4fc0a,Agent,2.0,1.0,3.0
3234257351,7ac4b45c995e250498ab0ffc27f3491d95d3cdce,Agent,11.0,0.0,11.0
3234257351,828664411ded574b5a79d70fe33801231e55bc94,Agent,0.0,1.0,1.0
3234257351,ede60841eb7c85cc4ba898f7dc05badd1649c8e0,Human,3.0,3.0,6.0
3234387620,0fd56a1c84449f1311330c5b914dff17b9688ccd,Agent,29.0,19.0,48.0
3234387620,1d03e574cd22de4ddfc30e2dc40021adb3cd8ee9,Agent,213.0,2.0,215.0
3234387620,7b84b50bc279033a5cb0e1f0ffa9683a59dacac6,Agent,35.0,0.0,35.0
3234387620,a3819cecf03471f4bc6e52417d76402a55fff1a3,Human,28.0,12.0,40.0
3234387620,ac3b8b5be2d408e73d5e9d5bfd4d583a8f7c58ae,Agent,263.0,4.0,267.0
3234387620,becb848c563b95fea03cdb2891020d1338292758,Human,2.0,0.0,2.0
3234387620,f10b60d23c122900e770b2cb993be1230c1d5a65,Agent,12.0,0.0,12.0
3234480284,2896b70017dda08d7aa9c114c1ec20eb9e0cdbc0,Agent,3.0,4.0,7.0
3234480284,3c77c9be97af5dfb3c1e2c891f178b7bf01ae957,Human,2.0,1.0,3.0
3234480284,3f131458103ed40e78fbd3a2a8c33cf2f230fb8e,Agent,63.0,103.0,166.0
3234480284,4a6e9b9a175bd0385bdcd27eec872304c2306940,Agent,144.0,148.0,292.0
3234480284,4c89e9203823009086ad2b6bf339c97383a47824,Human,0.0,2.0,2.0
3234480284,834395e68df847ff8b263ffbd907322a985ae7c0,Agent,60.0,14.0,74.0
3234480284,855638dd40c980ce259aab54d6fbbf5f78d611e6,Human,2.0,0.0,2.0
3234480284,86c9951aa19c56ae755ef9632b91fce07e62a57d,Agent,18.0,7.0,25.0
3234480284,956f92891204ec1c53602263d5a71fd77fe9de45,Human,13.0,5.0,18.0
3234480284,9c5c0ffdeea0fb8cf0f1be741316d764834fd9cc,Human,5.0,2.0,7.0
3234480284,bb5b0ba2b095b8f2df918562829f53cc42274d65,Human,2.0,5.0,7.0
3234480284,c3fbd0d565389c5c999c4b95c8b48bbb61c1bc84,Agent,108.0,23.0,131.0
3234480284,d924f125f3864e278fbbec045ac0cb51edb8e28e,Human,3.0,0.0,3.0
3234480284,e5dd68df27383990ad927a74bdb4e94a139500c0,Agent,2.0,2.0,4.0
3234650797,0009c7d24667dee46c1238d3694e8ad84161f667,Human,2.0,2.0,4.0
3234650797,16c9cf9306bf3e332fbc7c11e7e840b3b356aa78,Agent,1297.0,2351.0,3648.0
3234660269,0222c994bbe282e364f6db33868f49b69f09b066,Agent,32.0,26.0,58.0
3234660269,06eb23735e25a1ec60801fd88da5916f3f5b4afb,Agent,36.0,8.0,44.0
3234660269,0a8add7e3a989be82fd5e0a4a7ef761a34e01379,Human,93.0,0.0,93.0
3234660269,0aa0d376a1d10313089a3b48ec3b17dacde1e2f2,Agent,974.0,0.0,974.0
3234660269,1996f3e2ee91bdafab60cd15dcbfac1cbe6ac03b,Agent,117.0,0.0,117.0
3234660269,29a0ba34d0a8edb71ab54ffe367098b2aa17cd0f,Agent,554.0,298.0,852.0
3234660269,40bf95a4382e13e7f17f69bb76f983b2865403a9,Agent,789.0,494.0,1283.0
3234660269,436b77eac80a9599b2aab001a1436ea2e30a87c0,Human,56.0,44.0,100.0
3234660269,45bdd09c3e18560fa0f3d2a0c897bc1201156f03,Human,110.0,0.0,110.0
3234660269,4973281151dea6e0b4d671a29b2068a61e7763e1,Agent,4.0,1.0,5.0
3234660269,59e3182e28bf3a8b20e341f8b8d3c3c15f473d96,Human,20.0,1.0,21.0
3234660269,76e37e685e95d06e520b17236ae7949bb72bfd12,Agent,47.0,12.0,59.0
3234660269,8e60947bac80c2910221e091a591ebd14eaa1353,Agent,102.0,83.0,185.0
3234660269,a291840d10c940469394527bcceef54c7632dbf7,Agent,582.0,203.0,785.0
3234660269,b0a0c1e6c52153b79f3944722b2ec6241ba4eee4,Agent,87.0,1.0,88.0
3234660269,cdbcfa131c4093404b44d194815d8cfd51f287e3,Human,59.0,0.0,59.0
3234660269,cf0f03c9c50cb9d7119beef1ebbc9e5bc066ceac,Agent,967.0,613.0,1580.0
3234660269,d1fad14f832152cce0c744df95520b7cef78c698,Agent,42.0,9.0,51.0
3234660269,d47862d9c7ef69016eae3e3bbc3ff9aafab6e68d,Agent,427.0,147.0,574.0
3234660269,d5987e084b1bb88f198624260001dd8b7fb095e7,Agent,230.0,88.0,318.0
3234660269,d7a9476c125e8c18efa0825bfdd0c5bb73b54bb2,Agent,52.0,0.0,52.0
3234660269,da8fb2dad845e380516259e957d68fda877ceaf2,Human,165.0,1.0,166.0
3234660269,db180aa555dfd4824ae625dce1f3b180e72841fc,Agent,188.0,15.0,203.0
3234660269,dfebd7ba0470a729b4bca086b29a43fe0d685445,Human,1210.0,697.0,1907.0
3234660269,e67845dfd14922c5647bfe5f713877fbe74db424,Agent,134.0,53.0,187.0
3234660269,ead2e02cda6741bf140bf26d726628462923018f,Agent,94.0,39.0,133.0
3234660269,eb8e4a2d343e0e5e90025845e7da9f99b2eccfab,Agent,247.0,128.0,375.0
3234660269,fe0b2d1608dac6cbb40f279342e99f0e51acf47c,Human,11.0,0.0,11.0
3234660269,ff2c55a147f5a4fbc7404a6f0af65431e8c86e27,Agent,70.0,29.0,99.0
3234710075,08f3f8c9df237c714c62d52cf81eb35e269e2f12,Agent,865.0,1.0,866.0
3234710075,4d348669cd29ddc388db68d5095290755472e30a,Human,537.0,90.0,627.0
3234710075,9cba18b7768372375067f9e23cca8a0e96f993fe,Agent,400.0,391.0,791.0
3234889538,0a609bad5e866cbe20911841e19ba35d7aa30ab3,Human,0.0,208.0,208.0
3234889538,7533b54daad077aa78459020c6c58b975d2a8176,Agent,831.0,276.0,1107.0
3234889538,d3cf1816c645472cda0b970085fd8e8def0c4965,Agent,29.0,45.0,74.0
3234889538,dc2ade9b8128ec58910aefa447b49af3c8359424,Agent,456.0,65.0,521.0
3235820229,558f1c5a7b8e08fb0cf8c34fb6574c195ff47535,Human,91.0,53.0,144.0
3235820229,6d212fca7e1f1236e3e836ff1b28240edb74ffe4,Agent,1.0,0.0,1.0
3235820229,7f5cd5c8105e55064729d9df3552bbde6230c306,Human,61.0,97.0,158.0
3235820229,8e08e486390f3a1e973da12d4fb225c48bbf7783,Human,6.0,5.0,11.0
3235820229,952710557d61f36263eac397f7397220c477bae0,Agent,404.0,165.0,569.0
3235820229,98ff677c401d299b61b3a31e667da7ecb5e7cfc9,Human,2.0,2.0,4.0
3235820229,b3f7b47045097fe190c8f63fe8bf10d1ac297933,Agent,18.0,3.0,21.0
3235820229,c204cd9c425a3d440c611f9007a95723dd61d903,Human,10.0,0.0,10.0
3235820229,d9b69192aa0a43aa48672d4569f106eccc59af9a,Human,7.0,5.0,12.0
3235820229,de5b68e45df6a09b4ce7d484b7c758eac6df7dbd,Agent,126.0,0.0,126.0
3235820229,e564d244eeed0f9f269bd36ea3ca5dcb326a0ec8,Agent,2.0,2.0,4.0
3235820229,eb2b4131a04838223d3d002ae68578ca267f8190,Agent,5.0,6.0,11.0
3235928576,063088b28d89d3a0a5618563711576cba09877eb,Human,2.0,2.0,4.0
3235928576,0a02a617843546e745fbdd9437ca50d0bf8a1547,Human,4.0,1.0,5.0
3235928576,20fcce582b4f92296175279f1a8218f572c692f7,Human,5.0,1.0,6.0
3235928576,29e5bd82ad7acb8953dcb9673dcb5005403e3aa8,Human,12.0,0.0,12.0
3235928576,3a1ef953fa6fe6d43546d8caef4f96a690d2e51b,Human,1.0,0.0,1.0
3235928576,3af1795cbbe1348ead1a2b3f4a654f420e85bae2,Human,1.0,1.0,2.0
3235928576,4428a9209e05652064beb600f24ba267a7decceb,Human,12.0,0.0,12.0
3235928576,6500c61eebed9220951943f6dc88052b90624fbd,Human,0.0,10.0,10.0
3235928576,659ab64df7c80e3752b866ce9b3e4c4fe84a90be,Human,11.0,13.0,24.0
3235928576,6fe7ffd32e5673c45af374c05c3068802a1635b9,Human,3.0,0.0,3.0
3235928576,78e895c743cf4d2456d46cb1f04afc83e94b87da,Human,20.0,4.0,24.0
3235928576,83d02cebc1b1da8a8466f8bd3abc8bd67e01e70b,Human,67.0,67.0,134.0
3235928576,91c108d0eefadb0f27e9bca89f77dda550ce1682,Human,8.0,12.0,20.0
3235928576,96cd0b678adb1f4a70d200c3ca64227f1ff37772,Human,5.0,0.0,5.0
3235928576,99057320beff6e5a1d3587347815ae37acdf5cbb,Human,10.0,14.0,24.0
3235928576,a2b17f452deaf00e505dfde0fa25b281cf5a7fd3,Human,2.0,2.0,4.0
3235928576,a7880d69adf255d342169e62157344bf5b104c5d,Human,0.0,1.0,1.0
3235928576,afefb1ea3b0d48cbecc1852c6105705cb5d69375,Human,12.0,0.0,12.0
3235928576,b8e0615120618fd632993196098ee57ffb27ed8d,Human,2.0,2.0,4.0
3235928576,bb6efd8cc110f255c3a96e82b08c10020959f5c6,Human,1.0,1.0,2.0
3235928576,c47a5ecfa8f4dc0a8148cc9cd4da01281d996b41,Human,8.0,0.0,8.0
3235928576,ce8025e63dc18802b1e210a8f62ffcfe83ab1e98,Human,85.0,98.0,183.0
3235928576,d3ef2862ea5d185055848c4d866678ab8ac16286,Human,4.0,0.0,4.0
3235928576,d5b835bf8b898f33807ceed358b3399c6b65c803,Human,2.0,2.0,4.0
3235928576,da7cafd023caa4646eceb4ac68caca148a9e7c91,Human,4.0,1.0,5.0
3235928576,e3dbee6c6eabbfcc94a9287926144582431e7b0d,Human,11.0,1.0,12.0
3235928576,e75029e1871a4c509d4615a96feb3c31a8d31c9d,Human,13.0,1.0,14.0
3235928576,eec3d9026cb348c69ac37dd1b6a9a53fdc93e9b5,Human,2.0,2.0,4.0
3235928576,f12d96b6bfc51ef370448a767bb020764e7c5c23,Human,1.0,0.0,1.0
3235928576,f617717b29c14eb74f2ce69ac73adcb69449cd84,Human,3.0,0.0,3.0
3236131306,83cfc37eb32c1d51df7ef14dd939674b508e9ec2,Agent,0.0,3.0,3.0
3236131306,cf6741c021699147d6dbe19900e7cf153a5625f7,Agent,295.0,0.0,295.0
3236131306,fd4c62665263af99fcae08c07de5bdf01961fa39,Human,3.0,0.0,3.0
3236306681,1493955a5a6e7907855af7f2c026d73cff9297e8,Human,1.0,1.0,2.0
3236306681,2736717105a9d7f8a71ed247cc88dd454032c924,Human,1.0,1.0,2.0
3236306681,7673bc3e7741819eafb6035128e9d1e8accd9144,Agent,7.0,1.0,8.0
3236306681,8b8053d3097b7a046740cf8d6db15504803b2228,Agent,6.0,0.0,6.0
3236306681,a8a7c6ce4abc712b8257af259914ded6052c0d8a,Agent,16.0,5.0,21.0
3236306681,c85376fbd00cb1183968c65860488dc676c96062,Human,125.0,1.0,126.0
3236306681,cae09b08f83e38a4f68d4c6b6eb7c3fef5edc3ee,Agent,69.0,6.0,75.0
3236306681,cdcbc664df60d37163c6e168bc20afc6333689a5,Agent,27.0,21.0,48.0
3236306681,d5ebbccc42e363edeb25facd92e79827fcb8b427,Human,3.0,3.0,6.0
3236306681,f4ebea3a289445a63019a5a983333a332d8b1933,Agent,4.0,12.0,16.0
3236306681,f6f5f1f3858e87ccb8811535709b9913a9a3891c,Human,0.0,6.0,6.0
3236322044,20e7c0383fe3acaf79d45a06ca9933fdd7e1b3ec,Agent,77.0,35.0,112.0
3236322044,400cf9ad914f6a0cf6d3c4153b283821d1bb5fa0,Agent,144.0,13.0,157.0
3236322044,d56a72c17be5cd37fccad25437099f7bf9196b50,Agent,23.0,0.0,23.0
3236322044,f8b92dd9f7fadcc1538f037456a6a9d7e327e69e,Human,43.0,17.0,60.0
3236543436,1f0b3f0fa8eec7f34d7bac801107c1941bfc1d31,Human,2.0,1.0,3.0
3236543436,5967b5dab4267e5cd15c1dc758cc531328499c0b,Agent,43.0,36.0,79.0
3236551508,02b8bb09fe2dda78972a5ed6832a8d6be9ffc0be,Agent,38.0,3.0,41.0
3236551508,23d1673e1c2b8633a4c4ee79b61ab8e4e6bdbf95,Agent,35.0,35.0,70.0
3236551508,6dc6f0fa22bb6ba8c1e54a1f1422f5be0c2a3fea,Human,7.0,6.0,13.0
3236556646,6e5e0b15e81ebf922395f5a9c536c2bc108e4c34,Human,3.0,3.0,6.0
3236556646,f4feac95905fbc262638d74f5c4ac87f4d07ea8b,Agent,30.0,0.0,30.0
3237862514,359ba5e81648653d13238f3c590f5c6af43b0bf4,Human,1.0,1.0,2.0
3237862514,4fbee278b64bf0f8a7371039d8af9e255a45f329,Agent,43.0,98.0,141.0
3237862514,a77b306692a9aa6bf67f3b7e4c6b9d9b1a27a198,Human,20.0,22.0,42.0
3237862514,d04ff82e80516b3bcd5f73f47ec82c7a16514a4c,Human,78.0,166.0,244.0
3237862514,ebbc71907451f70b5ba410d6dd481311b6e5ddb0,Agent,298.0,4.0,302.0
3238330931,c82bfe3aede74a13ef4bc8eddcd0bec5bca88164,Human,660.0,19.0,679.0
3238491477,4c9315d77b440ddff510319c220973ab54a27917,Human,22.0,2.0,24.0
3238626702,139571f6761d58cf52c3770037d88367314e153c,Human,149.0,10.0,159.0
3239733526,1112808eb1168048a2ad2b6fac62caa984869367,Agent,1.0,0.0,1.0
3239733526,1808b46d9951ffdc38fbc20ae3328a7e5b5245c2,Human,5.0,8.0,13.0
3239733526,4cd0815bd9800ee315c8905be9b54a25036c05c9,Agent,54.0,26.0,80.0
3239733526,d1b797ad3ab47dee4a8adeb19096a99cde6eddde,Agent,4.0,4.0,8.0
3240248542,00f49f82224d71544fa83f44ca04034e13a9b072,Agent,80.0,0.0,80.0
3240248542,0a2d21c5fa0a6c097927d35aff8360c448fb98bb,Agent,3.0,3.0,6.0
3240248542,382ade54ae7a784a88d010fdbab1fce54a1fbdda,Agent,34.0,46.0,80.0
3240248542,40c6abb8833afdf7294f05da267eb7082264aab0,Agent,6.0,6.0,12.0
3240248542,483139d76242d5def45ceb6920ed9ff4cf174a59,Human,1.0,1.0,2.0
3240248542,6d619e5d66084831fc7155d3dea74a7b8a66a80a,Agent,8.0,4.0,12.0
3240248542,7fd1f7fddd52976d31e72b9a23d7b01fe9aa74cd,Agent,11.0,8.0,19.0
3240248542,d607067687bde7c2f377b6f5850dbc82d3e60b4a,Agent,12.0,11.0,23.0
3240293949,0ad43cb4c887cb673c824d6bd770aeda68fcc2b3,Human,1.0,1.0,2.0
3240293949,935303bdd56c88a9ab66df7762b41ba0548cf0a2,Agent,31.0,0.0,31.0
3240293949,b40267eea87cf0a6588a01de67a0f2bb5fb7c9c9,Agent,4.0,19.0,23.0
3241305284,13a64ab1ed9eefad8b60b202f009ebcd33cbeedd,Human,9.0,15.0,24.0
3241305284,43280e2ac1bd83ca32278d379236c1292789faf9,Human,5.0,11.0,16.0
3241305284,877a531fa0e51325e9acdbae06b38a511727aa7f,Agent,30.0,9.0,39.0
3241305284,91a4da542c34d9689f4299b210be3e484b4d87de,Agent,8.0,1.0,9.0
3241840766,0a5ce40fa2cc9ca371cad910b8b88b1692bac17f,Agent,2.0,2.0,4.0
3241840766,42169c1e74d279ec380d4097b0f2b38a5b0eb568,Agent,569.0,3.0,572.0
3241840766,dff3ed4d7880e30e145f810f9d534be804851671,Human,42.0,28.0,70.0
3242142016,2769c8fd29d4508bde2d5959106b62783a394d64,Human,54.0,55.0,109.0
3242142016,3ec2869d9ecd2bacb41a2c680787c283169f33a7,Agent,22.0,29.0,51.0
3242142016,689194216a8fdf1e3a9631d9ca1afc1d15792073,Agent,1.0,0.0,1.0
3242142016,a3d0324c68abfc38fa23617bc426544ff0408dfe,Agent,22.0,14.0,36.0
3242142016,ba92e9cd0e62e946c6e183426763835858cdfb64,Agent,120.0,39.0,159.0
3242142016,f3bbb2359f00f9157f9a8df97bd7fe71c8f62881,Agent,241.0,5.0,246.0
3242906683,03e04a806003a2187176786e728ea88ce92a880b,Agent,53.0,4.0,57.0
3242906683,9ce519acb24ae2b08e9e8a4938d322128e42ca27,Agent,4.0,1.0,5.0
3242906683,e12a1906075fd175e407c4df80cdf9f2de5eb04a,Human,1.0,1.0,2.0
3243533799,088b1db44cf74c637a6dabe4871a5a6c32b55c90,Agent,276.0,360.0,636.0
3243533799,1b70b3280d89a68b70e214aae6b3e1399ac9665b,Agent,2.0,1.0,3.0
3243533799,2567c34c30c5da72f0b6b1abc506d3bc0f3868fe,Human,2.0,2.0,4.0
3243533799,30c14ba682c440b10ff3126b918bbb8c089ba769,Human,2.0,2.0,4.0
3243533799,633dc35f12e7d153c889294254bc40045d295cf3,Agent,81.0,41.0,122.0
3243533799,6da395ed9076785f21a06a7e256d33dea493456e,Agent,429.0,59.0,488.0
3243533799,71de126491e519318a6c60054547b9d3659bbf4d,Human,21.0,28.0,49.0
3243533799,7a3647e7f02add161ed2ba2d6d7102f34426b1c8,Human,1099.0,1.0,1100.0
3243533799,83e15b4767408e822bad97d449bbc0cfd0248ee0,Agent,884.0,889.0,1773.0
3243533799,86d8488fcc043d5dcd93f89f2e12568e0689b7be,Human,31.0,31.0,62.0
3243533799,948741f81921ab4ded3d82252d4ad866a5fb714b,Agent,648.0,653.0,1301.0
3243533799,ac48a6938e864b459e0748a4766b8b668f83a4e6,Human,1.0,1.0,2.0
3243533799,c097ca8f3efb17dcc4beba7fd6accddaf89ca2c5,Human,66.0,66.0,132.0
3243533799,efe4f1b6eddc7d117a65180a4fd919acc9af9942,Human,21.0,21.0,42.0
3243533799,f08867d943fd43bb757ea0146b3eda54e8985ca9,Human,145.0,145.0,290.0
3243533799,f0c115466b25d8955c2155888a92283a57c90ff1,Human,279.0,277.0,556.0
3244677330,1453c985dcccf0ce679cc801d97af30bd5deec05,Agent,35.0,14.0,49.0
3244677330,1989282a812005e7713ad695d97013ccac249b7a,Agent,7.0,18.0,25.0
3244677330,1e24a9c0f7e9b55d1821ad450d22cc6847bbf61b,Agent,10.0,1.0,11.0
3244677330,2fbbbe7944b9a25c8d079c1cc5d95b9d3e1f070d,Agent,15.0,24.0,39.0
3244677330,8c96e6cf15beec62e2ef32c1a9327726a802c97c,Human,1.0,1.0,2.0
3244677330,b07006ee4913e14042cf57e263939797ed19299c,Agent,6.0,15.0,21.0
3244677330,d88850b666d7c3182c8aa7fef94bd6b3c5226d22,Agent,3.0,7.0,10.0
3244677330,da0f24cbc105f17fdbb02a7173e109bd81c45a2d,Agent,52.0,22.0,74.0
3244677330,f105a5dcb732d43e15f234fb75a0cab01b954464,Agent,10.0,8.0,18.0
3244768296,7c5523cfd31c0c500d8d0d4b2d933e406d8f4530,Agent,886.0,87.0,973.0
3244768296,95a2629a4e53f67dbb334880bde49c66e72cd5a1,Human,0.0,1.0,1.0
3244768296,df8d639763ec2f53687bcbb75ef1f9b1679f9f84,Human,55.0,50.0,105.0
3245116902,043bab5b7210f253aa7cef88dfbb9ed7a327e081,Agent,262.0,18.0,280.0
3245116902,18771db44a801ad8a222b12fcee4c61fd7fdf06a,Agent,4.0,4.0,8.0
3245116902,2e2d40b8b0a93dfbd50cdb90d72565e532eea450,Agent,779.0,13.0,792.0
3245116902,623921a3e49c36720e384141b2d0fc5b0724e313,Agent,1.0,1.0,2.0
3245116902,648bed2d26618fb06e347a35a997ae330d6b7bd3,Agent,180.0,1.0,181.0
3245116902,a70f62051299aa56339ec2f33e7e4868e6558761,Human,409.0,103.0,512.0
3245116902,acaa6a2ddf54d00874596e98554c413b4807f5c4,Agent,2540.0,56.0,2596.0
3245116902,fce2d62d5d742a833025868addf832788d45f8cd,Agent,2540.0,56.0,2596.0
3245161961,15de494ea9e5c90a7db058ade6006b3e6586c36d,Human,1.0,1.0,2.0
3245161961,184e6e4eee349f034298de4a5fef469a7695e7e9,Human,8.0,6.0,14.0
3245161961,34f1abe07cf72169a6d45a71c1801cf0439bd6ac,Agent,3.0,2.0,5.0
3245161961,36a7010c71066d99fda662224ef6766f1b124bb7,Agent,3.0,3.0,6.0
3245161961,3f0765a93eeb1ed3ce234ac42d664f8104ba36dc,Agent,14.0,5.0,19.0
3245161961,429607812d753c7758115e0e9a75222f5c273449,Agent,16.0,16.0,32.0
3245161961,465981c9311f8ad180568a104e5b2cb25cc65ff9,Agent,1863.0,0.0,1863.0
3245161961,4901f9e56ffcf560e61e1832dd5983afbcc21789,Agent,23.0,81.0,104.0
3245161961,554e5585d07f570624d837538eacb5fd985c1dd7,Agent,15.0,14.0,29.0
3245161961,73cf7edf6d358dbd94ef3744db75eab308b3925f,Agent,53.0,56.0,109.0
3245161961,7f6cc9e342203a61c8a192d4a8d91b63d547e2dd,Agent,174.0,1.0,175.0
3245161961,967f4a7cc43003213d7c0f4248e97def07186981,Agent,21.0,11.0,32.0
3245161961,9bf05bbce566bd7014c3f42d952cc42eed300d79,Agent,301.0,1.0,302.0
3245161961,a9b8ff05b4f7777ce6a2654a10e412ad0348ccd8,Agent,4.0,3.0,7.0
3245161961,b52faa5da3e469a4dff9ae66aaf0bcfac2f47eba,Human,1.0,1.0,2.0
3245161961,ccdc8677c019c364bc8c4d8c29c851ea0262913e,Agent,177.0,177.0,354.0
3245161961,d64cf6a49ea95cae2d0a8e526e43e4cb36a368c2,Agent,34.0,34.0,68.0
3245161961,dbf4df6ee8d4b553483340b23c1d6a3848219bb9,Agent,94.0,94.0,188.0
3245161961,e007704c508470e26a5839dca8001a68672300ac,Agent,588.0,11.0,599.0
3245161961,e15a6d61e20820d6cdbabbe42ab34d869ffd2f2f,Human,50.0,11.0,61.0
3245161961,e27f16ed5c5a62e42d2fb176ea6fe4a8100e708e,Agent,1.0,0.0,1.0
3245161961,e8ef1bb9f55dad0255b7d6f4621d66b49a4ee58d,Human,1.0,1.0,2.0
3245161961,f8c01d0b4627d27d61abae0f0576bccd58ab06c9,Agent,362.0,5.0,367.0
3245313058,a011321b1a6f66c9e70f526f96535e3e2f24edc8,Human,6.0,6.0,12.0
3245321897,055109107ef219b78c76d92ec334e639ba3142ae,Agent,186.0,19.0,205.0
3245321897,a174329232a8563e9252f8afcf91ff345aacfe48,Human,960.0,10.0,970.0
3245368580,0d8457fc019f2536d198645465a8ea3fbc9c1266,Human,0.0,62.0,62.0
3245368580,181cbb7d74b9f74912c0302b254f1dd248ed2997,Agent,97.0,0.0,97.0
3245368580,3dd7a26f99ebd9be1da5162de641f54405f51279,Human,62.0,0.0,62.0
3245368580,4194c93e066be37f7539e77a018f49d9b7c4c3bd,Human,2.0,2.0,4.0
3245368580,552f60e35a0b2b197103727414da435e66aed378,Agent,513.0,55.0,568.0
3245584783,1a09bf29a91a8c21a5137c9337c48d8899feb663,Agent,9.0,9.0,18.0
3245584783,2a57411bd2be42fa8aa97f7715abcb0103100382,Human,2.0,2.0,4.0
3245584783,34e321a843e5d98f867765eb38ca170eb41c3a83,Agent,787.0,44.0,831.0
3245584783,41c503e28e608359976d90529fa8e6502d79f3f6,Human,8.0,8.0,16.0
3245584783,7a550fab0c5b4e5ceff06e8f37abdf913719def6,Human,16.0,19.0,35.0
3245584783,97ea6b0fe168b61da95a9616de5d93f5ba2a5efe,Agent,333.0,5.0,338.0
3245584783,9f6d44ea27b0697977e598d31002e3b792ddacd3,Agent,1.0,1.0,2.0
3245584783,bcb5659b3a4b180e46178eea2712102f6cafb38c,Agent,502.0,7.0,509.0
3245584783,cea5069541b38c1abe11d435d489fb262eae34c9,Human,1.0,1.0,2.0
3245584783,e7daf6f0531f0dcd078a15bb85416647c53aed64,Human,1.0,1.0,2.0
3245584783,f9641de388ceca29d4ba39abe43730ef2fb29577,Human,3.0,1.0,4.0
3245984112,06c8022beb4b9b4d158dd20b4ff6348dc3da0b0d,Agent,181.0,24.0,205.0
3245984112,15e2a98d154ae16750d18ad76fff9727db75ca63,Human,229.0,235.0,464.0
3245984112,25eaa06c64d8fd8b3c25c34dbea0b065f1e94757,Agent,171.0,7.0,178.0
3245984112,3a1948f18654ee67dc8481102785c43cc0293705,Human,0.0,12.0,12.0
3245984112,56e062aa5d078268587015f54feb53a74c658fe7,Agent,10.0,4.0,14.0
3245984112,6085269cb935afec55973c4052277d48b5a91a43,Agent,239.0,0.0,239.0
3245984112,6c742192f27d5d26b06ea84b7df3648f5785dea5,Agent,91.0,147.0,238.0
3245984112,7676faaee12eef077b5777ec164a04d2b642223c,Agent,193.0,459.0,652.0
3245984112,9b2f5ff795f486ad0cc13dc7fb6ab54c5069fd03,Agent,329.0,49.0,378.0
3245984112,9d1b41692aca6d172a3907f1482c44cfdef16341,Agent,163.0,5.0,168.0
3245984112,bb93c21859597e8a15c7da7f17decff9ee874e2a,Agent,151.0,158.0,309.0
3245984112,c55f1a6fbf47e783b07c4a9245583767eeb022b5,Agent,252.0,0.0,252.0
3245984112,d9de6584bff478c50952eca6a7daa7a7a822753e,Human,68.0,83.0,151.0
3245984112,e7a50fb899d842b6d98da24ef7505991a3d1936e,Agent,477.0,18.0,495.0
3245984112,f24fc9a915976ddc76402599447029b6db53d589,Agent,142.0,135.0,277.0
3246272592,13764b0871cc093076280a95604cbdc96823dce5,Agent,15.0,21.0,36.0
3246272592,d395ac1a82ddebe1bc1e335bbe973d3a20810443,Agent,339.0,22.0,361.0
3246272592,e994f62de2e12e669cf909c6c224e4ea9a9a2f61,Human,0.0,82.0,82.0
3246635062,44e14f26edb92ee5917719e30096ef86ffdf6633,Human,326.0,489.0,815.0
3246635062,7b8ca9e683154a874e0c48bd466a51782909ff4c,Human,1632.0,1046.0,2678.0
3246635062,7bb3b36e54c6e2ae7455e1a5b59535f550eed29b,Human,1495.0,5.0,1500.0
3246635062,7cd0dd61a30287a45ec4dba23bf412ea66a7704c,Agent,9761.0,957.0,10718.0
3246635062,91bdb490ed3931ee91c78f8cabcb0d3901e462b5,Human,2271.0,2.0,2273.0
3246635062,b6ca88a6080f9decf5b936347d0a06b275c4fb38,Human,368.0,161.0,529.0
3246635062,dcf7146cb17a79aa27fb22fea992d01302d96b55,Human,548.0,0.0,548.0
3246635062,ddb3086e28a80b43059627faa0ff5fbf818d35d6,Agent,1443.0,10.0,1453.0
3246635062,ded53af6864139f4ac529bf245bbbc44edfc1b11,Agent,8185.0,4732.0,12917.0
3246647416,0f408d406f7e7471a16a17ba9da5708dfdda9ba7,Human,1.0,1.0,2.0
3246647416,c00a5d0ce3911175cdb7f0a226887cdbeedec019,Agent,31.0,2.0,33.0
3246694948,00ffb7cb02e43b23313fb973d605a185fa10aca0,Agent,0.0,3.0,3.0
3246694948,265772d0e6041354a7fd216f95c233b7a9fff605,Human,6.0,2.0,8.0
3246694948,299db3101b9be39b6ea70997696657a237f59687,Agent,454.0,27.0,481.0
3246694948,521474bc137baf43b94993fdb666f65faf7ef3a9,Agent,13.0,31.0,44.0
3246694948,542a55f32dabad047e0afeb9db54b3c3f312ccd2,Agent,18.0,11.0,29.0
3246694948,b75474ee91c40364594c44277db7af5a1730ee7e,Agent,6.0,11.0,17.0
3246694948,cb8377a92f4743888fa9e17acac54aead29baa8d,Agent,469.0,30.0,499.0
3246694948,e05168cd912afb58e91c1cf818f223d8e09d067c,Agent,103.0,59.0,162.0
3246694948,f2e155b5a898665a78d23919c2f66bace2c24dc1,Agent,1.0,1.0,2.0
3247560836,f561c3b80f696e08a2b21558507d019ef3c13242,Human,942.0,160.0,1102.0
3250173935,096515652523d2fa29577ea1bd416e7f85eaca60,Human,101.0,0.0,101.0
3250173935,2047dbf8fa9139f2cde8ecd82ef700f4e45a48f0,Agent,45.0,24.0,69.0
3250173935,2aae27707ed2fe68cc0e9b0b196e89a40e465c6f,Human,63.0,40.0,103.0
3250173935,2cf7ef88c8909c9a4bc4af9b106452f238f5a51a,Human,29.0,2.0,31.0
3250173935,32216ce938c2610e53a2367b8733e0933df32d5d,Human,1148.0,0.0,1148.0
3250173935,35a333b7853c6563ca405d46a957e316dcfd2cc1,Agent,6.0,7.0,13.0
3250173935,38d1f61b506f06034f3538fafcee7805dd897352,Agent,12.0,1.0,13.0
3250173935,3fa19cdcabd5c3139f42badc19619ba586b0056c,Human,74.0,0.0,74.0
3250173935,421b780332c75892d7d8a188473604257db44522,Human,16.0,17.0,33.0
3250173935,42a41422e1b7406bf201a1e022c047dce32adeda,Agent,156.0,5.0,161.0
3250173935,4656faf44d8dbbdc2ea70f25416215237466c4f0,Agent,240.0,52.0,292.0
3250173935,50ca71332e6239da61bb6cc005f84bea8441e2bb,Human,6.0,7.0,13.0
3250173935,561be32072877e385ecb5d0a23aea6ca67345343,Human,38.0,0.0,38.0
3250173935,5de37ea2559868d763fc79a32b11a73ac0f14a45,Human,1.0,1.0,2.0
3250173935,616fc3e531bd183fc5e26df2095e89d6ea4ab3bd,Human,12.0,0.0,12.0
3250173935,6fcfeba85103ce7bc8f4ab1124c1ea8f057146b0,Agent,35.0,46.0,81.0
3250173935,7ff104b6c7bcfe2f607af6263fb36b2d8fbeb533,Human,63.0,54.0,117.0
3250173935,8367d4a34b0cebf98ec816ee48b949c7ec5662fc,Agent,60.0,2.0,62.0
3250173935,8fabb8994a857a59928275dfd43ec2883ef77887,Agent,31.0,9.0,40.0
3250173935,9d968ca96fb6be4c312aef01fa47ebadab75514d,Agent,100.0,0.0,100.0
3250173935,a6c588da6f886b2db3a059b5887ac2a9ffe6919c,Agent,31.0,29.0,60.0
3250173935,bdc5747f58200d6d4b9dc0db3d0341184b64382b,Human,34.0,7.0,41.0
3250173935,bfad57dab5b0bc16b7961ea5025a0cb012b93e6c,Human,630.0,579.0,1209.0
3250173935,c1e6badc2ed7ff0c3ed7f61f0c90c2fa840ab32b,Human,59.0,39.0,98.0
3250173935,c783efadaff72d1b49f6f646602701d4336b15c8,Agent,17.0,1.0,18.0
3250173935,cf1c462926f5827e69e4b8ecd51aff7064cca32f,Agent,8.0,1.0,9.0
3250173935,f25ac83290a17ca687a5950e7e139779adc54d20,Agent,76.0,2.0,78.0
3250173935,f792e26fcf6aa1cdb9cea7becd897936ae8478ec,Human,106.0,0.0,106.0
3250235391,3719ed38a06d3a3cec453d51852b9ca839b2098c,Human,103.0,0.0,103.0
3250235391,4ca6c0ec14069d5022c8e087330685f1b7b59d32,Human,53.0,58.0,111.0
3250235391,4f6bf894f06ab729121dfd962a3ecad66c637130,Human,60.0,57.0,117.0
3250235391,9f2abd538227cac45bb75bc77d06928667230395,Human,103.0,0.0,103.0
3250235391,e48acc906130ce76ffb3af153c761f93f33f9d9f,Human,487.0,885.0,1372.0
3250552829,0aaef4c838169844c459eb301c41dcbba8fb0dd2,Agent,4.0,6.0,10.0
3250552829,41e4b07bcb2588c94b9eb664e4e0ec2f3d9a9d6b,Agent,42.0,10.0,52.0
3250552829,49e573f622e582c6bbfe6125cd781d34d61416e0,Human,143.0,140.0,283.0
3250552829,6221228391eeba5cac0a9ddb6a414d430cdb20cb,Human,92.0,38.0,130.0
3250552829,74928e887327d4b34329a00dee9ca832daa1e561,Agent,1.0,1.0,2.0
3250552829,9585f84c082cbe6837a9268d56b9789618fc683c,Human,209.0,326.0,535.0
3250552829,ab8f9fe554c58897e5040d19f6ae3d92876f238a,Agent,4.0,6.0,10.0
3250552829,e44e18e71d08276bb48f87157ca3b495439d6136,Human,4.0,5.0,9.0
3250552829,fa0451c76fb78b9c5e5fe049d9030685e3390d32,Agent,302.0,166.0,468.0
3250808281,0b19f47afa07daa3dbc3d4463344f04270242630,Human,74.0,0.0,74.0
3250808281,202c01cf4e09191d687b6b095913b9def6d12205,Human,546.0,0.0,546.0
3250808281,5aaa5f3da0c25ffdc434d89a97693b01e2eb6103,Human,102.0,0.0,102.0
3250808281,5ab056e5d4d7af8f8a25c22c4e8ac4f0667299b7,Agent,38.0,50.0,88.0
3250808281,8ab1ae917b19b90ffb44281197169832da604368,Agent,126.0,70.0,196.0
3250808281,c0b6143d2f27547597fbd79748eab5a4d076ec82,Human,1.0,1.0,2.0
3250808281,da80fc0a837d65d248a97e88edf8511c7ea79186,Agent,35.0,28.0,63.0
3250808281,dad604801d7561ab2545c2820b51fcf8136b8829,Human,69.0,5.0,74.0
3250808281,e3ed4e6891e8a706781ea884fd6b91f2e95944ed,Human,826.0,0.0,826.0
3251544513,2929a790e274ed172efb5f60c5f08161e677d850,Agent,22.0,114.0,136.0
3251544513,5e8f0f4978c3186c7a6de85fc4bdefc449ff3e20,Agent,28.0,2.0,30.0
3251544513,716615e341a71474d2b6dae2654756b389e75d0c,Agent,232.0,0.0,232.0
3251544513,9b2d5db68513885929d65e62a897cf49539c50c0,Agent,133.0,1.0,134.0
3251544513,a7c1349a22d133b3d0c1b28e1d542ac83ae7b1b2,Human,540.0,6.0,546.0
3251544513,b54d52bf58e61867b2ba19bb25f3c12fe35334aa,Agent,1.0,1.0,2.0
3251544513,b8ec8ac66c7ee013b1a742dc51f839dc2dc0b0bc,Agent,1.0,0.0,1.0
3251544513,ba7079ae76e3c2d18dd0429b34763bf3cef9dcb8,Agent,320.0,186.0,506.0
3251544513,c93c0172d5fc610b1de7882ea454bc9816cfaf8b,Human,40.0,3.0,43.0
3251544513,eefb6afb453919fed97658b0040807d7a67f1931,Agent,15.0,2.0,17.0
3252721879,0096aa221982782f022e8eea4d371694f09d2a5a,Human,15.0,15.0,30.0
3252721879,0b56601dc920de7f70813725601b7082f8fbd873,Agent,139.0,0.0,139.0
3252721879,469fd9078e5ca0254392f632c7772fc475cc3fa4,Agent,1.0,4.0,5.0
3252721879,bf2e4c987305ccf28ca0ff53a147716b967be7b4,Agent,1.0,1.0,2.0
3253080014,5b500360d691ef7ef071cad7336ec1ee5ca98a58,Agent,0.0,835.0,835.0
3253080014,68746f8ad8041053787957e163458e5035b411be,Human,25.0,20.0,45.0
3253080014,f536225549947009bee726123a10d03b1626d63e,Agent,1028.0,16.0,1044.0
3253576699,0775d4eb48e1bbed0fdfa0fedc06f7d456f57d8d,Agent,1.0,1.0,2.0
3253576699,0d8b46390eb0d5ddfab99100dc37e5722c650b5e,Human,5.0,5.0,10.0
3253576699,189569631bc001c04a5345ff7d09ba929d7d7524,Agent,3.0,3.0,6.0
3253576699,49646cbdfadb73879e409e8df2dff8f4afb7c7fd,Agent,1.0,1.0,2.0
3253576699,4a0c92f60c2e2f9e385148eda8cb643b47a8ee86,Agent,3.0,1.0,4.0
3253576699,5a42c798592fd8e01c23574e69aa760365d76e96,Human,1.0,1.0,2.0
3253576699,67e14b87edd46e98710d773d79416d4061122502,Agent,7.0,4.0,11.0
3253576699,795fe8d636965cd095eacea79098eb6d092422a8,Agent,22.0,22.0,44.0
3253576699,79782bdc5e3baf05348d204f4861dea0b0a7e43d,Agent,1.0,1.0,2.0
3253576699,7eff3f529e6421fa7b891efc05c8086e38460ff3,Agent,203.0,6.0,209.0
3253576699,8f8ad26b340059df593c1f639a67f5ca05cb1f69,Agent,2.0,2.0,4.0
3253576699,c2a8eb83e2de74592c3877f5bd7e0be659f78d3c,Agent,2.0,2.0,4.0
3253576699,f4f302e21a676e8c761e451db546e68a15ee767a,Agent,2.0,2.0,4.0
3254286684,9cf535faff9f3f3ec4adc62936b232f380f9d291,Human,841.0,802.0,1643.0
3254286684,a6761e419ace3b60ee7183a6f75d9470e6e5663c,Agent,747.0,1.0,748.0
3254286684,d9fd8b5d2dccfc6679c7e9da6bb24cfaf5ee09a4,Human,357.0,469.0,826.0
3254649795,65d016ef35646e63b6ee36bf562f9ad6ac6ed9b6,Human,19.0,0.0,19.0
3254649795,ee1019fe90e049f35e9ba26b47fb602d3d0b266a,Human,10.0,9.0,19.0
3256172444,412a0b4e5be80446443958856a86657eb2134ce5,Human,5974.0,7.0,5981.0
3256348989,03868c4141c8cab42f2827d13f093ea6e8e31aaf,Human,1.0,1.0,2.0
3256348989,16fe4da3cf9fb8e383fc074d2b3fe28514cd9c53,Human,134.0,10.0,144.0
3256348989,259388fddfa7dd4686d333446e6105eb82dc5604,Human,59.0,2.0,61.0
3256348989,267b0a59bdc379f144d8b73beeb2074594b2c9b7,Agent,7.0,0.0,7.0
3256348989,3d4e900ede0475bdc65df8ffdd77007995855c10,Agent,158.0,0.0,158.0
3256348989,833cc72199652e3591c13d8f4544ecbce519ca33,Human,121.0,8.0,129.0
3256348989,8729f3e40233b0295519440fa1ce00b1f698526a,Human,64.0,6.0,70.0
3256348989,c35bddb768ca3936aab350a3105912c810f25f7f,Human,2573.0,275.0,2848.0
3256348989,e62781d64745b1ed8abdd5ba7dd9d62cddf440ae,Human,19.0,16.0,35.0
3256348989,e7424f15fece6740fa229731320d2a00470cd1ab,Agent,299.0,4.0,303.0
3256348989,e868f6771346c5eff95af273b5e506f85e140bb1,Human,136.0,6.0,142.0
3256348989,f34ff6218bef55ea40769a090cd77800e70fc274,Human,2314.0,444.0,2758.0
3256558725,031c4fbcf6a9282797bad698dafb71fc282cf03b,Human,9.0,9.0,18.0
3256558725,3e7a49cb8d1bb17623a7c86dad5eec8513009041,Agent,274.0,653.0,927.0
3256558725,669cc1085ba29368cbb0fd256a8e5d47136bb9b3,Agent,1460.0,0.0,1460.0
3256558725,734e02260004e2b4f7356eb25a331e132555646e,Agent,46.0,2.0,48.0
3256558725,791f9ed6eebc24732dbc6a5f7d496fb7e3833e34,Agent,379.0,0.0,379.0
3256558725,9e125cd1c6aa12604860dcdd472419c4f42c64d2,Agent,16.0,4.0,20.0
3256558725,b0663ebf8dad9c75c472928fc76fa85db50b7391,Human,1.0,1.0,2.0
3256558725,c893b0d9b9c1da40cd401395387b966a22103477,Agent,17.0,5.0,22.0
3256558725,c9bc91c5f73b110b2151406be2af310332cb63b8,Agent,3301.0,0.0,3301.0
3256558725,de6934b25050876fc1dba45d5f1cfa8abcf8ec40,Agent,4.0,50.0,54.0
3256558725,eea839ecbe4be24e618b3713f05c1b163087ac6c,Agent,4.0,23.0,27.0
3256692785,1895d2785d9a4383b29d5c3d8b62b3e4aebd13f1,Human,7.0,4.0,11.0
3256692785,39d03ef2ee803a1670b181ee4bda54b11dc29faa,Human,8.0,2.0,10.0
3256692785,4a6978c2d249166557e71f3fdd978ed101c152ab,Human,363.0,0.0,363.0
3256692785,4af947df5dbbe6ab8650b8eface699b1be3a6def,Human,46.0,17.0,63.0
3256692785,9776efd92c2b40e6b509c7eb2e4108f0ecb71091,Human,1.0,3.0,4.0
3256692785,a6def9ffcc37899de65a6b039e2315402f1ff926,Human,37.0,29.0,66.0
3256692785,b2ed0262b40064ecf5b89a148501e8a6eec97c30,Human,43.0,33.0,76.0
3256692785,c90c680ecca2a2f923bd5fa6d3b7bcc56595d1b2,Human,6.0,0.0,6.0
3257102140,372ac4654218aaa3bc55e86986bc8ccdbd047381,Human,63.0,4.0,67.0
3257102140,3b8166af2862b9bc45e2bfbfd3898efd1fc36965,Human,5.0,0.0,5.0
3257102140,3db246a63b21e111215c709665b2ee31fea9eda5,Human,141.0,0.0,141.0
3257102140,6fd1e4dd7502124ee2f53610f0ef491bd5441030,Human,21.0,5.0,26.0
3257102140,707ac267df9b86792fad283212c21f175c39b3b5,Human,25.0,19.0,44.0
3257102140,96f15d9c334a87cc2b355730f7e597ac20a74739,Human,16.0,8.0,24.0
3257102140,9872adb01c3e64c5b830b769a2e04147cb20b9af,Human,89.0,0.0,89.0
3257102140,b3fc7485ce5b19d7591b89e98cb6c974d69012ad,Human,22.0,16.0,38.0
3257102140,c06ce672228e04d3cb37e50fbfaf88f806f272f5,Human,12.0,32.0,44.0
3257102140,c8fd728bd9b95fcd45242d704b263186c42eede5,Human,19.0,10.0,29.0
3257102140,d2ab6237c4e046795374f416a637bcd2fad8d241,Human,68.0,16.0,84.0
3257102140,de357d0ba706e59472c5f7396805bbff4dd12377,Human,5.0,28.0,33.0
3257102140,f074dc62d42d1ac83a650d62b10926b533c8a4c6,Agent,3.0,3.0,6.0
3258265517,069de4784b2c39b5e003c190674afb4e826e8269,Human,85.0,63.0,148.0
3258265517,0aa1b342b43723bf1b8aefaa7b0ddf40bf58fd8a,Agent,32.0,32.0,64.0
3258265517,45dfafc3e851709cb05ee3dcb9cf32c2bee3bd87,Agent,2.0,7.0,9.0
3258265517,61f4c7c274f62c84588fa81aafe75bdebf9dc2b3,Agent,1.0,2.0,3.0
3258265517,636ed064f9fcfa230bec5472e1b453afccf068e4,Agent,195.0,114.0,309.0
3258265517,69ca941b7be8dc245ee6e2c535920d96e72a20cc,Agent,0.0,2.0,2.0
3258265517,6f6db92a79d9b6edc63d54c3f3f3d23b564ca0ba,Agent,22.0,2.0,24.0
3258265517,7f2ffe1a755ff33907019e0999b622017a7d4c81,Agent,2938.0,1.0,2939.0
3258265517,ad968a44c185c9d44793924f3251aae9b825ab84,Agent,1.0,11.0,12.0
3258265517,bdd01d697a3420712f8aa50e0c990527b688e300,Agent,302.0,0.0,302.0
3258265517,be1d695197db44a9e07d5fa5e043e3f84f157e55,Agent,31.0,31.0,62.0
3258566467,f03f1a4ff83e183fc691a7bae081b3a147df5ff8,Human,25.0,0.0,25.0
3258873519,64b8efe21fed37963b4e34b0fa553ee3ffee2664,Agent,98.0,0.0,98.0
3258873519,cb2ca22552c8a312a995ed88d238da06dfb44bbb,Agent,4.0,4.0,8.0
3258873519,eb987323e1235de746769582e97cae7a499f9e67,Human,3.0,3.0,6.0
3258875068,66dcf555528a265bb34a2cf6fbe67a4fa54523c9,Agent,25.0,0.0,25.0
3258875068,eb987323e1235de746769582e97cae7a499f9e67,Human,3.0,3.0,6.0
3258945821,0957aad6add98ff9dcc0cf70d4e71ff8a6602e94,Human,74.0,0.0,74.0
3258945821,0a4ac36d13b9820cd2b48814a4c37e3e03ec787d,Human,1.0,1.0,2.0
3258945821,41f53097d02000384932ff2f7c196823a4c95191,Human,0.0,13.0,13.0
3258945821,6177e0a4501893340c28d2922bc798e0508fe54b,Human,8.0,3.0,11.0
3258945821,b07304a5cf2a814bf28296a8f01fdd150b46c8f5,Human,1785.0,0.0,1785.0
3258945821,c094c4b9b28b6cb9872fd7d78a02db190b210862,Human,4.0,1.0,5.0
3258945821,ec447c8bd2ea6edfbc076e6e5f02f9f851c51ad5,Human,1.0,2.0,3.0
3259580896,652258d45ec250bd131b833bae3feaeecbd15b31,Human,4.0,1.0,5.0
3259580896,fd18079fef78b9219fcd09249c3fec1117dc2057,Human,358.0,4.0,362.0
3259942984,1c74a0d6afe3b10c66d968e6af9c1a5b7dd9b5b6,Human,7.0,5.0,12.0
3259942984,220fff6da90bb96b70f02f207eccd2f47f8d9047,Agent,24.0,2.0,26.0
3260218057,1c7cd5a67206f5e1077f9d531e451d4b0260df6a,Human,0.0,28.0,28.0
3260218057,5b6d76d50052699e90a07e81b412a661b27ddaa5,Agent,126.0,8.0,134.0
3260218057,d3603fa23bf5c119956a1c390585845f49443eb1,Agent,4.0,3.0,7.0
3260688211,191bcf6bde74e47146662d583f08def639d18dcd,Agent,13.0,3.0,16.0
3260688211,193b3f38ad963b70c06502aa3f142168294e6633,Agent,5.0,6.0,11.0
3260688211,389ddc4c0280bcb4d1c472d0fc2e47633933590a,Agent,39.0,19.0,58.0
3260688211,4725118ef30338c2a6f5ed265fbc5034b6964549,Agent,0.0,24.0,24.0
3260688211,748e51518a9a801a4688d56c495d4e0b65f7c51c,Human,2.0,2.0,4.0
3260688211,82b1e3fc51db22dce428c852e2325d452683617e,Agent,28.0,0.0,28.0
3260688211,92e3382980bda5fd6a596f908696db0afc1cbf1f,Human,22.0,2.0,24.0
3260688211,d04602ca4c82551c68f323384d1f1b8814550544,Agent,1.0,1.0,2.0
3260688211,e4704f4c20c1fd2bc6f243703816ae9edb6e9b7a,Agent,1.0,1.0,2.0
3260688211,f2016294cb8f2f7d78909e1ef6438cfb75517424,Agent,8.0,8.0,16.0
3260776885,0bf096df9846021fbbcf66377de7d3968ef5af4e,Human,2.0,2.0,4.0
3260776885,2e4fee7688e9311eff8400d43a982e207d21108e,Human,1.0,1.0,2.0
3260776885,629489ca2feb96e429fe3f4dcfedcd3c05c93b36,Agent,5.0,6.0,11.0
3260776885,9a71d81ee66869309bf1535ccf8355941661f202,Human,1.0,1.0,2.0
3260776885,ad3e8f860254d29248de03adf4f1dc7b29212d20,Agent,2.0,4.0,6.0
3260776885,b07b17922784e47002a937e03bbebd91d7ce9318,Agent,7.0,7.0,14.0
3260776885,d4273f9a352d8876a0dfb5cc90a00bbc362ae526,Agent,14.0,0.0,14.0
3260776885,ede7bb0a83d9311ae4384b810090a8e78d2ab54d,Agent,0.0,14.0,14.0
3260776885,f2506ede4f0b9bac252722457e84485c83125f58,Agent,1.0,8.0,9.0
3260776885,f2dfa1308e57d2969771a1b2529b7ce9c2749b24,Agent,14.0,0.0,14.0
3262310380,a1141d950f4c0fcf028dfd591cb189e03d38e233,Human,113.0,93.0,206.0
3262649320,2929a790e274ed172efb5f60c5f08161e677d850,Agent,22.0,114.0,136.0
3262649320,5e8f0f4978c3186c7a6de85fc4bdefc449ff3e20,Agent,28.0,2.0,30.0
3262649320,716615e341a71474d2b6dae2654756b389e75d0c,Agent,232.0,0.0,232.0
3262649320,9b2d5db68513885929d65e62a897cf49539c50c0,Agent,133.0,1.0,134.0
3262649320,a7c1349a22d133b3d0c1b28e1d542ac83ae7b1b2,Human,540.0,6.0,546.0
3262649320,b54d52bf58e61867b2ba19bb25f3c12fe35334aa,Agent,1.0,1.0,2.0
3262649320,b8ec8ac66c7ee013b1a742dc51f839dc2dc0b0bc,Agent,1.0,0.0,1.0
3262649320,ba7079ae76e3c2d18dd0429b34763bf3cef9dcb8,Agent,320.0,186.0,506.0
3262649320,c93c0172d5fc610b1de7882ea454bc9816cfaf8b,Human,40.0,3.0,43.0
3262649320,eefb6afb453919fed97658b0040807d7a67f1931,Agent,15.0,2.0,17.0
3263692368,7da286e9a2810160babf5deb269921b6ec65194d,Human,90.0,1.0,91.0
3264713468,1009144faeba2b7c3b782aa098f140dcd526ae3b,Human,1.0,2.0,3.0
3264713468,1c830507976d429eb9e2598a9dbcb89daa294de0,Agent,268.0,23.0,291.0
3264713468,2db7e6bd64c92fbc085f4e85ffa85eeb6a1a13ef,Human,1.0,2.0,3.0
3264713468,46c6a259ce8da37776e5398157e8a83cecea4175,Agent,6.0,0.0,6.0
3264713468,4818f206433168a7772055a4498019aef37b47bf,Human,10.0,8.0,18.0
3264713468,5903dcab434d0361ba40a3e93b94791f5ebf593f,Agent,63.0,5.0,68.0
3264713468,641477d21011140b806d36c29b15add1bcaded57,Human,1192.0,561.0,1753.0
3264713468,8789e49496096a041d6a1c0896060f7d226b1b50,Human,1.0,2.0,3.0
3264713468,898abce564ddc23f7f7c95ce72f2c3e13fed6fac,Human,0.0,1.0,1.0
3264713468,91b63c5d35b3d67057b640781d3215f15142f1a3,Human,369.0,416.0,785.0
3264713468,9dfbade56b8418acd89eec598f9ffc65a8e4332c,Human,2.0,2.0,4.0
3264713468,a3d554e6e5fe147a9a7ba194e067926fa6f88114,Human,66.0,46.0,112.0
3264713468,a5c5fdb8d1bc48b5364bff3787d9e1b77736cbae,Agent,2170.0,2431.0,4601.0
3264713468,b0031dbd83e4fa4b957ac2c3f3344f7e946151af,Human,3.0,0.0,3.0
3264713468,b07aa3093af27eb08a2180e4d5fdb9f70f8aae36,Human,7.0,65.0,72.0
3264713468,c37bdc0e13aa66b38b54516dd3b490a10b9c9408,Agent,311.0,57.0,368.0
3264713468,c6e7f2a20629929d9d67372cd9b475335e0a5272,Human,2.0,0.0,2.0
3264713468,c75f41c4ff269f7376e3c30b65efd6bfe0b3562b,Agent,10.0,4.0,14.0
3264713468,e145197d481c1c68c5b7cda20e39861d10fb0b7e,Human,1.0,2.0,3.0
3264713468,f5e23e9f9b484c946c38f98a7c22cd13360ddfb1,Agent,141.0,46.0,187.0
3265312287,403a5880cf375712c83da3be576f0ee9609b32df,Human,29.0,0.0,29.0
3265312287,4392f0b68d7e403cbc887ac5d94935bb1f9ba641,Human,100.0,3.0,103.0
3265312287,454078208088f972107d47672a61301a8721b27c,Human,98.0,2.0,100.0
3265312287,5bae0f57232e221ab11f25cc990502e1eadaa2cb,Human,114.0,20.0,134.0
3265312287,9ee8ba0dc6c59f2b18812b3cf9a7e1e01c7031ee,Human,3.0,0.0,3.0
3265312287,a4035878e9d1def81c1db4a0745ac98731f2c386,Human,12.0,1.0,13.0
3265312287,af9bd3c9c03e2ac2c23617d9ef3c049b1c22aef7,Human,392.0,0.0,392.0
3265312287,d8394dd790fafdb7116bdfd67219c845b62fbdbc,Agent,83.0,42.0,125.0
3265312287,d9d17746ae2fa36720fe69bcd8803ffc1fdc1127,Human,9.0,2.0,11.0
3265364263,680d0bcea91c7b2b0d8ee8490fad729a0c5102f4,Human,1.0,1.0,2.0
3265364263,a81f2ace231c6401fd089aa52122a3e9f5ded9ab,Agent,19.0,0.0,19.0
3266530341,b8c335aa50c5ee8cbc269ef6527d6c56bf2a14d6,Human,31.0,30.0,61.0
3267198858,0628403f61559270c6f0771f813b57fd78f51e9c,Human,1424.0,17.0,1441.0
3267198858,0d2c5c58a95469f200244542659feec7a5520125,Agent,4.0,4.0,8.0
3267198858,3450d9627778645cb4cd72ad5240cf367061b5c9,Human,16.0,3.0,19.0
3267198858,3ebf613578e90bad9e969417ec4aa4cd1a5d7046,Human,16.0,70.0,86.0
3267198858,4fc1daed60a010c34f15e94480039e182eac8276,Human,5.0,1.0,6.0
3267198858,58721892e8cfcfd9a08d1d8d4c30ceabb72bf242,Agent,12.0,8.0,20.0
3267198858,6707bf589c04da5c20c15d859a2804a7ff78aed4,Human,39.0,0.0,39.0
3267198858,796cc527ddf3184da688a8a16a6138c15aa119bb,Human,20.0,15.0,35.0
3267198858,9fbf18d3cff480e283ec040bb7bcaf460cf108a1,Agent,17.0,7.0,24.0
3267198858,b319250eeed93a8118ebba110b1e95bd60393410,Human,1.0,1.0,2.0
3267198858,b5768951c1fe38b0441c5bca5d18bbb46e9271a7,Human,22.0,18.0,40.0
3267198858,c02b07f31335635295c1f0253dc43615c770e182,Human,17.0,6.0,23.0
3267198858,eece62daa9fb817760dfa4078cd5c8d83985ed1b,Agent,4.0,9.0,13.0
3267602007,15de494ea9e5c90a7db058ade6006b3e6586c36d,Human,1.0,1.0,2.0
3267602007,184e6e4eee349f034298de4a5fef469a7695e7e9,Human,8.0,6.0,14.0
3267602007,34e321a843e5d98f867765eb38ca170eb41c3a83,Agent,787.0,44.0,831.0
3267602007,34f1abe07cf72169a6d45a71c1801cf0439bd6ac,Agent,3.0,2.0,5.0
3267602007,36a7010c71066d99fda662224ef6766f1b124bb7,Agent,3.0,3.0,6.0
3267602007,3f0765a93eeb1ed3ce234ac42d664f8104ba36dc,Agent,14.0,5.0,19.0
3267602007,41c503e28e608359976d90529fa8e6502d79f3f6,Human,8.0,8.0,16.0
3267602007,429607812d753c7758115e0e9a75222f5c273449,Agent,16.0,16.0,32.0
3267602007,465981c9311f8ad180568a104e5b2cb25cc65ff9,Agent,1863.0,0.0,1863.0
3267602007,4901f9e56ffcf560e61e1832dd5983afbcc21789,Agent,23.0,81.0,104.0
3267602007,554e5585d07f570624d837538eacb5fd985c1dd7,Agent,15.0,14.0,29.0
3267602007,73cf7edf6d358dbd94ef3744db75eab308b3925f,Agent,53.0,56.0,109.0
3267602007,7f6cc9e342203a61c8a192d4a8d91b63d547e2dd,Agent,174.0,1.0,175.0
3267602007,967f4a7cc43003213d7c0f4248e97def07186981,Agent,21.0,11.0,32.0
3267602007,97ea6b0fe168b61da95a9616de5d93f5ba2a5efe,Agent,333.0,5.0,338.0
3267602007,9bf05bbce566bd7014c3f42d952cc42eed300d79,Agent,301.0,1.0,302.0
3267602007,9f6d44ea27b0697977e598d31002e3b792ddacd3,Agent,1.0,1.0,2.0
3267602007,a9b8ff05b4f7777ce6a2654a10e412ad0348ccd8,Agent,4.0,3.0,7.0
3267602007,b52faa5da3e469a4dff9ae66aaf0bcfac2f47eba,Human,1.0,1.0,2.0
3267602007,bcb5659b3a4b180e46178eea2712102f6cafb38c,Agent,502.0,7.0,509.0
3267602007,ccdc8677c019c364bc8c4d8c29c851ea0262913e,Agent,177.0,177.0,354.0
3267602007,d64cf6a49ea95cae2d0a8e526e43e4cb36a368c2,Agent,34.0,34.0,68.0
3267602007,dbf4df6ee8d4b553483340b23c1d6a3848219bb9,Agent,94.0,94.0,188.0
3267602007,e007704c508470e26a5839dca8001a68672300ac,Agent,588.0,11.0,599.0
3267602007,e15a6d61e20820d6cdbabbe42ab34d869ffd2f2f,Human,50.0,11.0,61.0
3267602007,e27f16ed5c5a62e42d2fb176ea6fe4a8100e708e,Agent,1.0,0.0,1.0
3267602007,e8ef1bb9f55dad0255b7d6f4621d66b49a4ee58d,Human,1.0,1.0,2.0
3267602007,f8c01d0b4627d27d61abae0f0576bccd58ab06c9,Agent,362.0,5.0,367.0
3267602007,f9641de388ceca29d4ba39abe43730ef2fb29577,Human,3.0,1.0,4.0
3267986741,2b570fb1b3c735dedc781199ee4e7de02a5712c9,Agent,77.0,1.0,78.0
3267986741,6a97ebf70f8783629f6ec6d7bd7a867a65c6c967,Human,0.0,44.0,44.0
3268897252,021c41eee299dcdd74f8e792e75290fa8753ca76,Agent,42.0,24.0,66.0
3268897252,0a1a7b3a1c4099cf879d0dd62b7b1d97db5bdee2,Human,2.0,1.0,3.0
3268897252,146dc1bbe8d3fb87c8094d2a01b45944b5089758,Agent,166.0,98.0,264.0
3268897252,177dccd07b7acba72ea47b0a8b058fffc9b7aa03,Human,72.0,72.0,144.0
3268897252,1e158f1f98064fc65e98d4caf44b1bbd9fb1561c,Agent,1279.0,31.0,1310.0
3268897252,2db3c4396d6ef74802d72708f62075520b69566a,Human,36.0,8.0,44.0
3268897252,4919540c65c217e0d1898e0f301b941f2b29bf6b,Human,1.0,18.0,19.0
3268897252,4f8299bc52ade3767e6e33788ef8b84dc794bf39,Agent,1760.0,196.0,1956.0
3268897252,53307aa9649549290e161b04f0eaaff34c38fd4c,Human,64.0,17.0,81.0
3268897252,582ca2af30bb3a3d0a3e5bd5bd7ee9bbf0164b47,Human,36.0,87.0,123.0
3268897252,8073d0f97d1a976c31db0e9f243715189f7a36be,Human,1.0,1.0,2.0
3268897252,931ca9eab3a352fc232481b4e9fae99879f94e5b,Human,818.0,96.0,914.0
3268897252,9ced158879dee7f99b6b841b7d0235a7af3ceb3d,Human,1.0,1.0,2.0
3268897252,a73fc83f3b358a9e71f2d313935b41afc1e0f7d1,Human,75.0,30.0,105.0
3268897252,a74b17ee446c8dc3dab2385ad09832b265ed5937,Human,62.0,85.0,147.0
3268897252,aa8d8ea137dd80ec0de4da915da55be7188a0d1f,Agent,123.0,0.0,123.0
3268897252,b37c9006088ecb9eeae052027a7fe2337d832960,Human,4.0,4.0,8.0
3268897252,b56ab7cc0d5f3a9773ab389dd195765bf46f47f5,Agent,135.0,35.0,170.0
3268897252,bfd2eaa73c88d84d11dffadeb63a4b39f2cbc840,Agent,179.0,65.0,244.0
3268897252,c9fafbe6b35c2794b57ad7c703d82b5e577e13a7,Human,2.0,2.0,4.0
3268897252,cd31df71b1c91dd0a88c858293f8d2d35773dcea,Human,15.0,3.0,18.0
3268897252,d035ebe56c295204b25b5add3a6ced1ca15245bb,Agent,1390.0,15099.0,16489.0
3268897252,d4c052d0d6800d5a43e34df5e40575fd2922121e,Human,1.0,1.0,2.0
3268897252,d597cbc3e00a764d44d6d4f00a0d2e6d8694500f,Agent,63.0,2.0,65.0
3268897252,d7403fce18822736383247ce92de38a5640b6b8a,Human,8.0,5.0,13.0
3268897252,e13c60ed48019a593ad6593e3bbf78b8653c91a7,Agent,402.0,82.0,484.0
3268897252,e9acb19e6ad30369acb298935fdcd75480bc5588,Human,70.0,59.0,129.0
3268897252,fd5b734ecda3379ff388e76b0922a18ab3ad21c5,Human,39.0,42.0,81.0
3269658467,1d2304b83304e99a0712fe8a90bcbd30711ec374,Human,26.0,0.0,26.0
3269658467,1eea4a371cfe62ba7c5ecbf1ed739c3b59e547cc,Human,17.0,17.0,34.0
3269658467,6036b30f449247e89bfbcd479e16dda7d43d5417,Agent,189.0,15.0,204.0
3269658467,65b0ba531ddc67076138131411d2b87056a306b6,Human,2.0,1.0,3.0
3269658467,9179a47afbdd0cd683c3cee995557d5851dd67b4,Agent,1.0,1.0,2.0
3269658467,a682b53c5f5b323e724a3468effe9739b26d62a5,Agent,167.0,18.0,185.0
3269658467,caba350847dee98c48ed42e357b099e4763b2bce,Human,15.0,12.0,27.0
3269658467,e284fa4265e192a6d6a3946f3c221b5579fa8409,Agent,1.0,1.0,2.0
3269658467,e83d8a2b1b7cafde8e8c1631fa83ea12251008c1,Agent,66.0,4.0,70.0
3270787997,4d4f784c589a8930c3b44d2aec3b08467511b7ad,Human,99.0,91.0,190.0
3270787997,9ea3e269aba70bddd74958d3d8890a83a9f2635b,Agent,75.0,2.0,77.0
3270787997,fb98670f7243126be5984ed5345b46e6c70ef312,Agent,2.0,2.0,4.0
3271014961,1dff1e77e0da174411490f27089df33d549074e0,Agent,413.0,397.0,810.0
3271014961,24150b16d4e64a738a768387c6e41320bae86c55,Human,0.0,273.0,273.0
3271014961,253bb8c266e2d5f2fdce1eadb160046db27d2da7,Agent,57.0,55.0,112.0
3271014961,3e8e5931b43ffcd1d1606aa31894c6a3c30df6db,Agent,103.0,161.0,264.0
3271014961,4567456631e7b3a72f38492d3b5af18b9f24e2aa,Agent,1.0,1.0,2.0
3271014961,5ee3b3bdcac3759919fc287faef4ac973df329e3,Human,150.0,150.0,300.0
3271014961,7a7b67fab73656cc1ca6ab26af7f4ee5eb097188,Agent,25.0,6.0,31.0
3271014961,8da3ae49911289c95e2dbef73a772e5351329cf1,Human,13.0,168.0,181.0
3271014961,904b4d36c4a168e414c90f442af8250f60fbe382,Agent,108.0,31.0,139.0
3271014961,953494a85cee90706a3156a31840c26f17981673,Agent,19.0,6.0,25.0
3271014961,9c84622cce411849a9dc66a9166ba56fe3a00285,Agent,46.0,69.0,115.0
3271014961,9ca0b8008f88dd97fbd264d7fec56f6da61498a4,Agent,18449.0,17.0,18466.0
3271014961,9cc5ccbeb3c899cc02a919fbe9955bef5487becc,Agent,43.0,4.0,47.0
3271014961,afe68c5f3bd19aa07bfb8d5489a642af3ea83a3f,Agent,399.0,562.0,961.0
3271014961,b802cb93570828b15510a5bc1634b162986bbc7b,Agent,86.0,81.0,167.0
3271014961,c94cfdd6c80d9a0f67c1f27fc37b1f00b20ace84,Agent,115.0,0.0,115.0
3271014961,cf541ea6ce53bca2a089af6cda780e9ad4a6f272,Human,1.0,4.0,5.0
3271014961,e3f68c737d04da03e551468cf9e101aefc1857b3,Agent,4.0,3.0,7.0
3271014961,e87bb9a8202b8e5a70ff61d7aae08c3ed63f36de,Agent,118.0,16.0,134.0
3271014961,e944914a05663d8d8a5d1475561aced320f5f5ad,Agent,257.0,438.0,695.0
3271014961,f46d99374ca0094305cafe7da457931845d6e9e4,Agent,18449.0,17.0,18466.0
3271045504,399fbae90e480dc2a9db727dedccdb9f7b763904,Agent,1.0,1.0,2.0
3271045504,3abff1636f54cd7d7c82fceef09c8e11191340a0,Human,16.0,0.0,16.0
3271045504,57ab868aed4410d6f310161ceeb789f89cb7b8c6,Human,321.0,21.0,342.0
3271045504,64515b4eb3bbeb909fdd5ec6d6976062423840a8,Human,3.0,11.0,14.0
3271045504,682b1334d08f33d693224ad906e977296e85e531,Human,47.0,41.0,88.0
3271045504,734db69ba9ad4e3da8e2537324c6ab0fbaf4cd37,Human,343.0,267.0,610.0
3271045504,755b0fac35ca73db27d955fbbebe28cee047bc1b,Human,196.0,151.0,347.0
3271045504,ba08fe914c6da958544839af2bb22a8012332b1f,Human,7.0,1.0,8.0
3271045504,d3584601ce0ae4e440aa442758612ef4d045c6ac,Human,1.0,1.0,2.0
3271045504,e43a8cac7ba45ff735db2e645df8430c03237386,Human,7.0,3.0,10.0
3271045504,e920f985538e08d28f6aab346257c3d61f4e0367,Agent,40.0,116.0,156.0
3271045504,ed0326699be60899f6419c870d8d75deb8faf6c3,Human,2.0,0.0,2.0
3271045504,f588a50ff3f99d92f01b7dc7c53f7be4969a7408,Human,0.0,4.0,4.0
3271943252,2df7b2abd2f5cba1a41addf8580900a255a5d316,Human,1.0,0.0,1.0
3271943252,72e39804b694df13a1d0384995798de8e4ea81c1,Agent,1744.0,49.0,1793.0
3272213360,52b545ddfefd6ad4a6176e6f60640bdda99a2257,Agent,437.0,0.0,437.0
3272213360,57d19938f90c06ccf4160ffe0b1920c13611b23f,Human,12.0,12.0,24.0
3272213360,83ece7f6b0a569e8bc27649c9b2bfb29d34dbe06,Agent,287.0,0.0,287.0
3272323130,19c65c54d1b767563fd6d51a2e3aadd241b64be5,Human,32.0,112.0,144.0
3272323130,33f386790f50da549a20f7a13451db4366ce2f39,Agent,33.0,4.0,37.0
3272323130,3c6ba6742e7c9195128ccda73c9a76365c8369c4,Agent,113.0,0.0,113.0
3272323130,75fabd6d64bee08b1712dbf95c680d454a91e5d0,Human,39.0,163.0,202.0
3272323130,7f6ea9199745f29d2f93dcd7f305fea00dc7e2b3,Human,217.0,247.0,464.0
3272323130,8c7bed66285da95b17d847114875dae7a1cdff72,Human,30.0,21.0,51.0
3272323130,90c5421911db602ba6245c6a287666227945049b,Human,89.0,0.0,89.0
3272323130,92896e10a589e76548a0cb73c2da6e0eb582f3c7,Agent,99.0,53.0,152.0
3272323130,9f4dd1fd8d9cd14c5a5c30c021b461560407956c,Human,57.0,35.0,92.0
3272323130,c83aa5797f9eb47b05c147502778440b864ea17a,Human,3.0,1.0,4.0
3272323130,cbb672bc0012eec92488fc80efd57efd7482a5fe,Human,5.0,1.0,6.0
3272323130,ce98da0adbc13be10763c36bb76e6166eab4412a,Human,6.0,6.0,12.0
3272323130,da054280744674e576001d69784686f0154cb295,Agent,219.0,138.0,357.0
3272323130,df18218df81013b9a6b684d8b988f931ff421813,Human,58.0,54.0,112.0
3272323130,ea7c0fdc521bdb29a7cb115a1f5e1a87e5eddfd6,Agent,7.0,12.0,19.0
3272323130,f1afbc7fb975a5f8b58f389e8e559dec0ae41d70,Agent,180.0,111.0,291.0
3272323130,fc426d3c8cafd03d9cae90e8874f9c6c3374efe1,Human,15.0,14.0,29.0
3272719703,114fb126d8e9b528b46640e1fcd3ebcc3f74a308,Agent,16.0,22.0,38.0
3272719703,20a9f68d6261ba02b32372a5bde6aa8abb55835a,Agent,13.0,13.0,26.0
3272719703,3d38e8f56283eea023eb6089ea90e248a52256ae,Agent,134.0,113.0,247.0
3272719703,43f653617f09a3441b90eee26dadea9ca60e6bd7,Agent,3.0,3.0,6.0
3272719703,4b9128ac045527b10b4ddc898d2c01a7e94be49f,Agent,20.0,9.0,29.0
3272719703,5aa3a8071f5558521be8e783f72254d1eac355c2,Human,1.0,1.0,2.0
3272719703,909e2621d915333d85c54c40addcc82ddcd079f4,Agent,70.0,95.0,165.0
3272719703,96268f2345e48cfa0ca0e3aa42aed9d52703d043,Agent,216.0,11.0,227.0
3272719703,b4a9446691fa779c091453c6794bf829e0873931,Agent,1.0,1.0,2.0
3272719703,e22f376fee763e87cf325bbaefe7eeed08368863,Agent,21.0,19.0,40.0
3272830283,05a9157b902f5021b12842b2cee4d69e04832429,Agent,191.0,187.0,378.0
3272830283,0c1582f3a11c4c023963f1f5428a6dc242d29de6,Human,79.0,157.0,236.0
3272830283,0e475b1516ab467ba688e13f550f8c72cb0b2830,Agent,288.0,247.0,535.0
3272830283,2261eaafc3805cc0b3500ccb2a282e0328af93d2,Agent,18.0,14.0,32.0
3272830283,2887d514f19457e6df99cf95b44c38ec546e7527,Agent,33.0,23.0,56.0
3272830283,3894fca68eabe7f38405648939390e906ae724f2,Agent,11.0,11.0,22.0
3272830283,42d4424fddad1ab449dd49f3e62494439d1cdf8a,Human,4.0,11.0,15.0
3272830283,6acfafeba3070b7849172ef3d13dcb19f33dd9d6,Agent,4.0,3.0,7.0
3272830283,8ea1f0938d600ddfd8a511c4c7375b3f5d16c562,Agent,62.0,48.0,110.0
3272830283,9675e1608795f540a389f70dfc4fa6dc58ed7521,Agent,0.0,14.0,14.0
3272830283,98958874a39365faaa3991e8a7e2280930fb7454,Agent,1256.0,1066.0,2322.0
3272830283,b14077257f353b9d49054c1100a3136feff65963,Agent,26.0,19.0,45.0
3272830283,b22fb9375d80183392b26d49515c13044564668b,Agent,0.0,15.0,15.0
3272830283,d432720578f917d8bda4d50b622a8a506a7cbfdd,Human,31.0,71.0,102.0
3272940023,4f46ce542f1f55f53c0688cc60917a8c51419480,Human,6.0,1.0,7.0
3272940023,585bba380719a4bfe84c854fedeb6d3e52483140,Agent,38.0,0.0,38.0
3272940023,bb8a7fa6211ae8d34a6826230e6f39edb3ce09ba,Agent,144.0,44.0,188.0
3274030153,11ec75b7555785b7d7e8781dd1ffdfbd6b60c85a,Agent,124.0,13.0,137.0
3274030153,26348d1df8e8f51d6e514db903c271ab1e3c1e28,Agent,998.0,0.0,998.0
3274030153,9a29f5a5799c7af4a13dd2c057d77551a5cf0fb3,Human,229.0,0.0,229.0
3274030153,ba49b2cb54cba171bd18077f3dcaf62cdf5c0380,Agent,10.0,7.0,17.0
3274030153,f915964c6c9cbc7f0e1acf8b6d2bf11a58acb758,Human,3455.0,0.0,3455.0
3275029115,4d64fd40c4db6831d1bc0eaef683442a866dd321,Agent,26.0,47.0,73.0
3275029115,57f45902cfc9f98c05aa1f9bc244abc1dc295480,Human,174.0,172.0,346.0
3275029115,80f5bdd5467ec66a57fa514d0444754712f6763c,Agent,1.0,1.0,2.0
3275029115,9e5429042946a63a6e18055b720c862346d39895,Human,5.0,5.0,10.0
3275029115,b2c98af1bb07e3036227559fc1c82157f066cc2f,Agent,7.0,6.0,13.0
3275097396,3cb442748a0b83ba42e55a63a0e8334546c92479,Human,72.0,1.0,73.0
3275149041,3637831bae3ee2bdda44bda961f07c570e84da1c,Agent,26.0,0.0,26.0
3275149041,5888ead0eecbf95bedacca08bbacc8b83518f9dd,Human,153.0,4.0,157.0
3275149041,98a6ef6c05b078c5ab58dab0312e3405d081e94f,Human,0.0,6.0,6.0
3275149041,c72ebb51b094e0cb937b342f1617ed92605910dc,Agent,1626.0,25.0,1651.0
3275455685,1532ce10f3fd6ec73891a442cf9f8c7911c9f085,Agent,106.0,0.0,106.0
3275455685,2a4db5c10756e42b1b9f21fca6fe24a5be05b04e,Agent,12.0,0.0,12.0
3275455685,3bedccca28fc0a988d17bfc3b881c74fe3838827,Agent,52.0,97.0,149.0
3275455685,afc5727fdfb657d585a42948c9f7d8bdb1d424ec,Agent,67.0,0.0,67.0
3275455685,c2654eb4fc3a04e1fcd192181b612d1f117c43b4,Human,0.0,2.0,2.0
3275455685,ed557096a99095cb108a8d67d7da7a89aa245242,Agent,159.0,14.0,173.0
3275455685,f7ab9d5fb075476b3e90ffa2a027a3ecb54f22fe,Human,29.0,54.0,83.0
3275882982,013939abc875e68532221876602faefd3da30dc0,Human,1.0,1.0,2.0
3275882982,11ce6ba03b3eaea910c77246a12fc445b59793c0,Human,85.0,6.0,91.0
3275882982,378a2253c224beb4325a1bfda05030660ac9f4a0,Agent,0.0,4.0,4.0
3275882982,37e214f337a9b23cfe2c7bafb477eeffd35811a5,Agent,0.0,16.0,16.0
3275882982,4766d31984a29d64ace53459c37a44a52faa8ea0,Agent,30.0,23.0,53.0
3275882982,5307f47012c85c0c42d0c3ee7d85396b52c86092,Human,7.0,19.0,26.0
3275882982,7934481deb418047e5c59a0e0c258f65c2812052,Human,1.0,1.0,2.0
3275882982,88e65585a7aac5c2df9dbe8a02956d392a0ca39c,Agent,6.0,4.0,10.0
3275882982,a534d7dc1fe8c047dfc80a819ab05467a0fbba1a,Agent,0.0,31.0,31.0
3275882982,a7939db00e513382841bda3ebb92a85c793c59c6,Human,3.0,2.0,5.0
3275882982,f07a10c553c2a756bb07060e915596c0eeb40bcc,Agent,16.0,1.0,17.0
3275882982,fc5515a3cb7e9e34da98cd2b029a654fcf23dca3,Agent,1.0,1.0,2.0
3275882982,fd0069331adcac0b9a4dd562f3eb58d8711ff752,Human,16.0,0.0,16.0
3276585540,94e05c8871deef4b27b640cf7f4ac12c77fde57e,Human,11.0,4.0,15.0
3276585540,bc7d67c226025868eb8a2459c5aaf84d626fd8df,Human,222.0,0.0,222.0
3276605733,02f04e1cbc69d71728bf06bb7eb198ca27fc2e81,Human,24.0,28.0,52.0
3276605733,09c4af9bf04226e05216b4f0939e95bb6485eeba,Human,0.0,3.0,3.0
3276605733,43554f93a1e7e19d5495112c12239c6132665679,Human,0.0,21.0,21.0
3276605733,70b1558697990e1425680113610b774dcee32a53,Human,0.0,2.0,2.0
3276605733,89f521ac3b73e4bc58e4d36e0855fa192639df3a,Agent,93.0,1.0,94.0
3276605733,d45dbd702c16bf0ee93334e71659c1b592cf96a7,Human,3.0,2.0,5.0
